Year,Economy,Economy Label,Direction,Direction Label,EstimateBound,EstimateBound Label,Method,Method Label,Product,Product Label,Millions of US$ at current prices,Millions of US$ at current prices Footnote,Millions of US$ at current prices Missing value
2011,854,"Burkina Faso",1,"Inward",BEST,"Midpoint",M1,"Method1 - PCM+",12,"Oil seeds and oleaginous fruits; miscellaneous grains, seeds and fruit, industrial or medicinal plants; straw and fodder",34.5,,
2011,854,"Burkina Faso",1,"Inward",BEST,"Midpoint",M1,"Method1 - PCM+",22,"Beverages, spirits and vinegar",13.5,,
2011,854,"Burkina Faso",1,"Inward",BEST,"Midpoint",M1,"Method1 - PCM+",27,"Mineral fuels, mineral oils and products of their distillation; bituminous substances; mineral waxes",6.3,,
2011,854,"Burkina Faso",1,"Inward",BEST,"Midpoint",M1,"Method1 - PCM+",71,"Natural, cultured pearls; precious, semi-precious stones; precious metals, metals clad with precious metal, and articles thereof; imitation jewellery; coin",0.01,"Insignificant",
2011,854,"Burkina Faso",1,"Inward",BEST,"Midpoint",M1,"Method1 - PCM+",TOTAL,"All Commodities",54.3,"Estimates refer to a selection of products, classified with Harmonised System (HS) codes under: 12, 22, 27 and 71",
2011,854,"Burkina Faso",1,"Inward",BEST,"Midpoint",M2,"Method2 - PFM+",08,"Fruit and nuts, edible; peel of citrus fruit or melons",2.3,,
2011,854,"Burkina Faso",1,"Inward",BEST,"Midpoint",M2,"Method2 - PFM+",12,"Oil seeds and oleaginous fruits; miscellaneous grains, seeds and fruit, industrial or medicinal plants; straw and fodder",1.1,,
2011,854,"Burkina Faso",1,"Inward",BEST,"Midpoint",M2,"Method2 - PFM+",25,"Salt; sulphur; earths, stone; plastering materials, lime and cement",0.5,,
2011,854,"Burkina Faso",1,"Inward",BEST,"Midpoint",M2,"Method2 - PFM+",27,"Mineral fuels, mineral oils and products of their distillation; bituminous substances; mineral waxes",1.9,,
2011,854,"Burkina Faso",1,"Inward",BEST,"Midpoint",M2,"Method2 - PFM+",31,"Fertilizers",0.6,,
2011,854,"Burkina Faso",1,"Inward",BEST,"Midpoint",M2,"Method2 - PFM+",71,"Natural, cultured pearls; precious, semi-precious stones; precious metals, metals clad with precious metal, and articles thereof; imitation jewellery; coin",1.7,,
2011,854,"Burkina Faso",1,"Inward",BEST,"Midpoint",M2,"Method2 - PFM+",TOTAL,"All Commodities",8.2,"Estimates refer to a selection of products, classified with Harmonised Sytems (HS) codes under: 08, 12, 25, 27, 31, and 71",
2011,854,"Burkina Faso",1,"Inward",MAX,"Maximum",M2,"Method2 - PFM+",TOTAL,"All Commodities",30.3,"Estimates refer to a selection of products, classified with Harmonised Sytems (HS) codes under: 08, 12, 25, 27, 31, and 71",
2011,854,"Burkina Faso",1,"Inward",MIN,"Minimum",M2,"Method2 - PFM+",TOTAL,"All Commodities",2.8,"Estimates refer to a selection of products, classified with Harmonised Sytems (HS) codes under: 08, 12, 25, 27, 31, and 71",
2011,854,"Burkina Faso",2,"Outward",BEST,"Midpoint",M1,"Method1 - PCM+",12,"Oil seeds and oleaginous fruits; miscellaneous grains, seeds and fruit, industrial or medicinal plants; straw and fodder",22.4,,
2011,854,"Burkina Faso",2,"Outward",BEST,"Midpoint",M1,"Method1 - PCM+",22,"Beverages, spirits and vinegar",1.9,,
2011,854,"Burkina Faso",2,"Outward",BEST,"Midpoint",M1,"Method1 - PCM+",27,"Mineral fuels, mineral oils and products of their distillation; bituminous substances; mineral waxes",44.4,,
2011,854,"Burkina Faso",2,"Outward",BEST,"Midpoint",M1,"Method1 - PCM+",71,"Natural, cultured pearls; precious, semi-precious stones; precious metals, metals clad with precious metal, and articles thereof; imitation jewellery; coin",1.8,,
2011,854,"Burkina Faso",2,"Outward",BEST,"Midpoint",M1,"Method1 - PCM+",TOTAL,"All Commodities",70.6,"Estimates refer to a selection of products, classified with Harmonised Sytems (HS) codes under: 12, 22, 27 and 71",
2011,854,"Burkina Faso",2,"Outward",BEST,"Midpoint",M2,"Method2 - PFM+",08,"Fruit and nuts, edible; peel of citrus fruit or melons",2.5,,
2011,854,"Burkina Faso",2,"Outward",BEST,"Midpoint",M2,"Method2 - PFM+",12,"Oil seeds and oleaginous fruits; miscellaneous grains, seeds and fruit, industrial or medicinal plants; straw and fodder",2.9,,
2011,854,"Burkina Faso",2,"Outward",BEST,"Midpoint",M2,"Method2 - PFM+",25,"Salt; sulphur; earths, stone; plastering materials, lime and cement",0.5,,
2011,854,"Burkina Faso",2,"Outward",BEST,"Midpoint",M2,"Method2 - PFM+",27,"Mineral fuels, mineral oils and products of their distillation; bituminous substances; mineral waxes",2,,
2011,854,"Burkina Faso",2,"Outward",BEST,"Midpoint",M2,"Method2 - PFM+",31,"Fertilizers",0.1,,
2011,854,"Burkina Faso",2,"Outward",BEST,"Midpoint",M2,"Method2 - PFM+",71,"Natural, cultured pearls; precious, semi-precious stones; precious metals, metals clad with precious metal, and articles thereof; imitation jewellery; coin",7.2,,
2011,854,"Burkina Faso",2,"Outward",BEST,"Midpoint",M2,"Method2 - PFM+",TOTAL,"All Commodities",15.3,"Estimates refer to a selection of products, classified with Harmonised Sytems (HS) codes under: 08, 12, 25, 27, 31, and 71",
2011,854,"Burkina Faso",2,"Outward",MAX,"Maximum",M2,"Method2 - PFM+",TOTAL,"All Commodities",40.9,"Estimates refer to a selection of products, classified with Harmonised Sytems (HS) codes under: 08, 12, 25, 27, 31, and 71",
2011,854,"Burkina Faso",2,"Outward",MIN,"Minimum",M2,"Method2 - PFM+",TOTAL,"All Commodities",6.2,"Estimates refer to a selection of products, classified with Harmonised Sytems (HS) codes under: 08, 12, 25, 27, 31, and 71",
2012,854,"Burkina Faso",1,"Inward",BEST,"Midpoint",M1,"Method1 - PCM+",12,"Oil seeds and oleaginous fruits; miscellaneous grains, seeds and fruit, industrial or medicinal plants; straw and fodder",55.9,,
2012,854,"Burkina Faso",1,"Inward",BEST,"Midpoint",M1,"Method1 - PCM+",22,"Beverages, spirits and vinegar",13.1,,
2012,854,"Burkina Faso",1,"Inward",BEST,"Midpoint",M1,"Method1 - PCM+",27,"Mineral fuels, mineral oils and products of their distillation; bituminous substances; mineral waxes",30.2,,
2012,854,"Burkina Faso",1,"Inward",BEST,"Midpoint",M1,"Method1 - PCM+",71,"Natural, cultured pearls; precious, semi-precious stones; precious metals, metals clad with precious metal, and articles thereof; imitation jewellery; coin",0.01,"Insignificant",
2012,854,"Burkina Faso",1,"Inward",BEST,"Midpoint",M1,"Method1 - PCM+",TOTAL,"All Commodities",99.2,"Estimates refer to a selection of products, classified with Harmonised System (HS) codes under: 12, 22, 27 and 71",
2012,854,"Burkina Faso",1,"Inward",BEST,"Midpoint",M2,"Method2 - PFM+",08,"Fruit and nuts, edible; peel of citrus fruit or melons",0.8,,
2012,854,"Burkina Faso",1,"Inward",BEST,"Midpoint",M2,"Method2 - PFM+",12,"Oil seeds and oleaginous fruits; miscellaneous grains, seeds and fruit, industrial or medicinal plants; straw and fodder",1.1,,
2012,854,"Burkina Faso",1,"Inward",BEST,"Midpoint",M2,"Method2 - PFM+",25,"Salt; sulphur; earths, stone; plastering materials, lime and cement",0.7,,
2012,854,"Burkina Faso",1,"Inward",BEST,"Midpoint",M2,"Method2 - PFM+",27,"Mineral fuels, mineral oils and products of their distillation; bituminous substances; mineral waxes",2.8,,
2012,854,"Burkina Faso",1,"Inward",BEST,"Midpoint",M2,"Method2 - PFM+",31,"Fertilizers",0.5,,
2012,854,"Burkina Faso",1,"Inward",BEST,"Midpoint",M2,"Method2 - PFM+",71,"Natural, cultured pearls; precious, semi-precious stones; precious metals, metals clad with precious metal, and articles thereof; imitation jewellery; coin",2.7,,
2012,854,"Burkina Faso",1,"Inward",BEST,"Midpoint",M2,"Method2 - PFM+",TOTAL,"All Commodities",8.5,"Estimates refer to a selection of products, classified with Harmonised Sytems (HS) codes under: 08, 12, 25, 27, 31, and 71",
2012,854,"Burkina Faso",1,"Inward",MAX,"Maximum",M2,"Method2 - PFM+",TOTAL,"All Commodities",30.2,"Estimates refer to a selection of products, classified with Harmonised Sytems (HS) codes under: 08, 12, 25, 27, 31, and 71",
2012,854,"Burkina Faso",1,"Inward",MIN,"Minimum",M2,"Method2 - PFM+",TOTAL,"All Commodities",2.6,"Estimates refer to a selection of products, classified with Harmonised Sytems (HS) codes under: 08, 12, 25, 27, 31, and 71",
2012,854,"Burkina Faso",2,"Outward",BEST,"Midpoint",M1,"Method1 - PCM+",12,"Oil seeds and oleaginous fruits; miscellaneous grains, seeds and fruit, industrial or medicinal plants; straw and fodder",18,,
2012,854,"Burkina Faso",2,"Outward",BEST,"Midpoint",M1,"Method1 - PCM+",22,"Beverages, spirits and vinegar",0.9,,
2012,854,"Burkina Faso",2,"Outward",BEST,"Midpoint",M1,"Method1 - PCM+",27,"Mineral fuels, mineral oils and products of their distillation; bituminous substances; mineral waxes",289.3,,
2012,854,"Burkina Faso",2,"Outward",BEST,"Midpoint",M1,"Method1 - PCM+",71,"Natural, cultured pearls; precious, semi-precious stones; precious metals, metals clad with precious metal, and articles thereof; imitation jewellery; coin",0.01,"Insignificant",
2012,854,"Burkina Faso",2,"Outward",BEST,"Midpoint",M1,"Method1 - PCM+",TOTAL,"All Commodities",308.2,"Estimates refer to a selection of products, classified with Harmonised Sytems (HS) codes under: 12, 22, 27 and 71",
2012,854,"Burkina Faso",2,"Outward",BEST,"Midpoint",M2,"Method2 - PFM+",08,"Fruit and nuts, edible; peel of citrus fruit or melons",0.6,,
2012,854,"Burkina Faso",2,"Outward",BEST,"Midpoint",M2,"Method2 - PFM+",12,"Oil seeds and oleaginous fruits; miscellaneous grains, seeds and fruit, industrial or medicinal plants; straw and fodder",2.3,,
2012,854,"Burkina Faso",2,"Outward",BEST,"Midpoint",M2,"Method2 - PFM+",25,"Salt; sulphur; earths, stone; plastering materials, lime and cement",0.9,,
2012,854,"Burkina Faso",2,"Outward",BEST,"Midpoint",M2,"Method2 - PFM+",27,"Mineral fuels, mineral oils and products of their distillation; bituminous substances; mineral waxes",2.8,,
2012,854,"Burkina Faso",2,"Outward",BEST,"Midpoint",M2,"Method2 - PFM+",31,"Fertilizers",0.01,"Insignificant",
2012,854,"Burkina Faso",2,"Outward",BEST,"Midpoint",M2,"Method2 - PFM+",71,"Natural, cultured pearls; precious, semi-precious stones; precious metals, metals clad with precious metal, and articles thereof; imitation jewellery; coin",10.1,,
2012,854,"Burkina Faso",2,"Outward",BEST,"Midpoint",M2,"Method2 - PFM+",TOTAL,"All Commodities",16.7,"Estimates refer to a selection of products, classified with Harmonised Sytems (HS) codes under: 08, 12, 25, 27, 31, and 71",
2012,854,"Burkina Faso",2,"Outward",MAX,"Maximum",M2,"Method2 - PFM+",TOTAL,"All Commodities",40.8,"Estimates refer to a selection of products, classified with Harmonised Sytems (HS) codes under: 08, 12, 25, 27, 31, and 71",
2012,854,"Burkina Faso",2,"Outward",MIN,"Minimum",M2,"Method2 - PFM+",TOTAL,"All Commodities",7.8,"Estimates refer to a selection of products, classified with Harmonised Sytems (HS) codes under: 08, 12, 25, 27, 31, and 71",
2013,854,"Burkina Faso",1,"Inward",BEST,"Midpoint",M1,"Method1 - PCM+",12,"Oil seeds and oleaginous fruits; miscellaneous grains, seeds and fruit, industrial or medicinal plants; straw and fodder",129.3,,
2013,854,"Burkina Faso",1,"Inward",BEST,"Midpoint",M1,"Method1 - PCM+",22,"Beverages, spirits and vinegar",21.7,,
2013,854,"Burkina Faso",1,"Inward",BEST,"Midpoint",M1,"Method1 - PCM+",27,"Mineral fuels, mineral oils and products of their distillation; bituminous substances; mineral waxes",81.3,,
2013,854,"Burkina Faso",1,"Inward",BEST,"Midpoint",M1,"Method1 - PCM+",71,"Natural, cultured pearls; precious, semi-precious stones; precious metals, metals clad with precious metal, and articles thereof; imitation jewellery; coin",0.1,,
2013,854,"Burkina Faso",1,"Inward",BEST,"Midpoint",M1,"Method1 - PCM+",TOTAL,"All Commodities",232.4,"Estimates refer to a selection of products, classified with Harmonised System (HS) codes under: 12, 22, 27 and 71",
2013,854,"Burkina Faso",1,"Inward",BEST,"Midpoint",M2,"Method2 - PFM+",08,"Fruit and nuts, edible; peel of citrus fruit or melons",2.5,,
2013,854,"Burkina Faso",1,"Inward",BEST,"Midpoint",M2,"Method2 - PFM+",12,"Oil seeds and oleaginous fruits; miscellaneous grains, seeds and fruit, industrial or medicinal plants; straw and fodder",2.5,,
2013,854,"Burkina Faso",1,"Inward",BEST,"Midpoint",M2,"Method2 - PFM+",25,"Salt; sulphur; earths, stone; plastering materials, lime and cement",1.6,,
2013,854,"Burkina Faso",1,"Inward",BEST,"Midpoint",M2,"Method2 - PFM+",27,"Mineral fuels, mineral oils and products of their distillation; bituminous substances; mineral waxes",5.8,,
2013,854,"Burkina Faso",1,"Inward",BEST,"Midpoint",M2,"Method2 - PFM+",31,"Fertilizers",1,,
2013,854,"Burkina Faso",1,"Inward",BEST,"Midpoint",M2,"Method2 - PFM+",71,"Natural, cultured pearls; precious, semi-precious stones; precious metals, metals clad with precious metal, and articles thereof; imitation jewellery; coin",3,,
2013,854,"Burkina Faso",1,"Inward",BEST,"Midpoint",M2,"Method2 - PFM+",TOTAL,"All Commodities",16.4,"Estimates refer to a selection of products, classified with Harmonised Sytems (HS) codes under: 08, 12, 25, 27, 31, and 71",
2013,854,"Burkina Faso",1,"Inward",MAX,"Maximum",M2,"Method2 - PFM+",TOTAL,"All Commodities",51.4,"Estimates refer to a selection of products, classified with Harmonised Sytems (HS) codes under: 08, 12, 25, 27, 31, and 71",
2013,854,"Burkina Faso",1,"Inward",MIN,"Minimum",M2,"Method2 - PFM+",TOTAL,"All Commodities",6.4,"Estimates refer to a selection of products, classified with Harmonised Sytems (HS) codes under: 08, 12, 25, 27, 31, and 71",
2013,854,"Burkina Faso",2,"Outward",BEST,"Midpoint",M1,"Method1 - PCM+",12,"Oil seeds and oleaginous fruits; miscellaneous grains, seeds and fruit, industrial or medicinal plants; straw and fodder",0.8,,
2013,854,"Burkina Faso",2,"Outward",BEST,"Midpoint",M1,"Method1 - PCM+",22,"Beverages, spirits and vinegar",0.2,,
2013,854,"Burkina Faso",2,"Outward",BEST,"Midpoint",M1,"Method1 - PCM+",27,"Mineral fuels, mineral oils and products of their distillation; bituminous substances; mineral waxes",99.6,,
2013,854,"Burkina Faso",2,"Outward",BEST,"Midpoint",M1,"Method1 - PCM+",71,"Natural, cultured pearls; precious, semi-precious stones; precious metals, metals clad with precious metal, and articles thereof; imitation jewellery; coin",28.9,,
2013,854,"Burkina Faso",2,"Outward",BEST,"Midpoint",M1,"Method1 - PCM+",TOTAL,"All Commodities",129.5,"Estimates refer to a selection of products, classified with Harmonised Sytems (HS) codes under: 12, 22, 27 and 71",
2013,854,"Burkina Faso",2,"Outward",BEST,"Midpoint",M2,"Method2 - PFM+",08,"Fruit and nuts, edible; peel of citrus fruit or melons",1.6,,
2013,854,"Burkina Faso",2,"Outward",BEST,"Midpoint",M2,"Method2 - PFM+",12,"Oil seeds and oleaginous fruits; miscellaneous grains, seeds and fruit, industrial or medicinal plants; straw and fodder",8.4,,
2013,854,"Burkina Faso",2,"Outward",BEST,"Midpoint",M2,"Method2 - PFM+",25,"Salt; sulphur; earths, stone; plastering materials, lime and cement",2.3,,
2013,854,"Burkina Faso",2,"Outward",BEST,"Midpoint",M2,"Method2 - PFM+",27,"Mineral fuels, mineral oils and products of their distillation; bituminous substances; mineral waxes",7.2,,
2013,854,"Burkina Faso",2,"Outward",BEST,"Midpoint",M2,"Method2 - PFM+",31,"Fertilizers",0.1,,
2013,854,"Burkina Faso",2,"Outward",BEST,"Midpoint",M2,"Method2 - PFM+",71,"Natural, cultured pearls; precious, semi-precious stones; precious metals, metals clad with precious metal, and articles thereof; imitation jewellery; coin",13.6,,
2013,854,"Burkina Faso",2,"Outward",BEST,"Midpoint",M2,"Method2 - PFM+",TOTAL,"All Commodities",33.2,"Estimates refer to a selection of products, classified with Harmonised Sytems (HS) codes under: 08, 12, 25, 27, 31, and 71",
2013,854,"Burkina Faso",2,"Outward",MAX,"Maximum",M2,"Method2 - PFM+",TOTAL,"All Commodities",73.1,"Estimates refer to a selection of products, classified with Harmonised Sytems (HS) codes under: 08, 12, 25, 27, 31, and 71",
2013,854,"Burkina Faso",2,"Outward",MIN,"Minimum",M2,"Method2 - PFM+",TOTAL,"All Commodities",14.3,"Estimates refer to a selection of products, classified with Harmonised Sytems (HS) codes under: 08, 12, 25, 27, 31, and 71",
2014,854,"Burkina Faso",1,"Inward",BEST,"Midpoint",M1,"Method1 - PCM+",12,"Oil seeds and oleaginous fruits; miscellaneous grains, seeds and fruit, industrial or medicinal plants; straw and fodder",123.2,,
2014,854,"Burkina Faso",1,"Inward",BEST,"Midpoint",M1,"Method1 - PCM+",22,"Beverages, spirits and vinegar",13,,
2014,854,"Burkina Faso",1,"Inward",BEST,"Midpoint",M1,"Method1 - PCM+",27,"Mineral fuels, mineral oils and products of their distillation; bituminous substances; mineral waxes",33.9,,
2014,854,"Burkina Faso",1,"Inward",BEST,"Midpoint",M1,"Method1 - PCM+",71,"Natural, cultured pearls; precious, semi-precious stones; precious metals, metals clad with precious metal, and articles thereof; imitation jewellery; coin",0.01,"Insignificant",
2014,854,"Burkina Faso",1,"Inward",BEST,"Midpoint",M1,"Method1 - PCM+",TOTAL,"All Commodities",170.1,"Estimates refer to a selection of products, classified with Harmonised System (HS) codes under: 12, 22, 27 and 71",
2014,854,"Burkina Faso",1,"Inward",BEST,"Midpoint",M2,"Method2 - PFM+",08,"Fruit and nuts, edible; peel of citrus fruit or melons",2.2,,
2014,854,"Burkina Faso",1,"Inward",BEST,"Midpoint",M2,"Method2 - PFM+",12,"Oil seeds and oleaginous fruits; miscellaneous grains, seeds and fruit, industrial or medicinal plants; straw and fodder",3.1,,
2014,854,"Burkina Faso",1,"Inward",BEST,"Midpoint",M2,"Method2 - PFM+",25,"Salt; sulphur; earths, stone; plastering materials, lime and cement",1.9,,
2014,854,"Burkina Faso",1,"Inward",BEST,"Midpoint",M2,"Method2 - PFM+",27,"Mineral fuels, mineral oils and products of their distillation; bituminous substances; mineral waxes",4.2,,
2014,854,"Burkina Faso",1,"Inward",BEST,"Midpoint",M2,"Method2 - PFM+",31,"Fertilizers",1,,
2014,854,"Burkina Faso",1,"Inward",BEST,"Midpoint",M2,"Method2 - PFM+",71,"Natural, cultured pearls; precious, semi-precious stones; precious metals, metals clad with precious metal, and articles thereof; imitation jewellery; coin",0.3,,
2014,854,"Burkina Faso",1,"Inward",BEST,"Midpoint",M2,"Method2 - PFM+",TOTAL,"All Commodities",12.7,"Estimates refer to a selection of products, classified with Harmonised Sytems (HS) codes under: 08, 12, 25, 27, 31, and 71",
2014,854,"Burkina Faso",1,"Inward",MAX,"Maximum",M2,"Method2 - PFM+",TOTAL,"All Commodities",38,"Estimates refer to a selection of products, classified with Harmonised Sytems (HS) codes under: 08, 12, 25, 27, 31, and 71",
2014,854,"Burkina Faso",1,"Inward",MIN,"Minimum",M2,"Method2 - PFM+",TOTAL,"All Commodities",4.9,"Estimates refer to a selection of products, classified with Harmonised Sytems (HS) codes under: 08, 12, 25, 27, 31, and 71",
2014,854,"Burkina Faso",2,"Outward",BEST,"Midpoint",M1,"Method1 - PCM+",12,"Oil seeds and oleaginous fruits; miscellaneous grains, seeds and fruit, industrial or medicinal plants; straw and fodder",9.5,,
2014,854,"Burkina Faso",2,"Outward",BEST,"Midpoint",M1,"Method1 - PCM+",22,"Beverages, spirits and vinegar",0.7,,
2014,854,"Burkina Faso",2,"Outward",BEST,"Midpoint",M1,"Method1 - PCM+",27,"Mineral fuels, mineral oils and products of their distillation; bituminous substances; mineral waxes",94.9,,
2014,854,"Burkina Faso",2,"Outward",BEST,"Midpoint",M1,"Method1 - PCM+",71,"Natural, cultured pearls; precious, semi-precious stones; precious metals, metals clad with precious metal, and articles thereof; imitation jewellery; coin",14,,
2014,854,"Burkina Faso",2,"Outward",BEST,"Midpoint",M1,"Method1 - PCM+",TOTAL,"All Commodities",119.1,"Estimates refer to a selection of products, classified with Harmonised Sytems (HS) codes under: 12, 22, 27 and 71",
2014,854,"Burkina Faso",2,"Outward",BEST,"Midpoint",M2,"Method2 - PFM+",08,"Fruit and nuts, edible; peel of citrus fruit or melons",1.8,,
2014,854,"Burkina Faso",2,"Outward",BEST,"Midpoint",M2,"Method2 - PFM+",12,"Oil seeds and oleaginous fruits; miscellaneous grains, seeds and fruit, industrial or medicinal plants; straw and fodder",3.6,,
2014,854,"Burkina Faso",2,"Outward",BEST,"Midpoint",M2,"Method2 - PFM+",25,"Salt; sulphur; earths, stone; plastering materials, lime and cement",1.8,,
2014,854,"Burkina Faso",2,"Outward",BEST,"Midpoint",M2,"Method2 - PFM+",27,"Mineral fuels, mineral oils and products of their distillation; bituminous substances; mineral waxes",7,,
2014,854,"Burkina Faso",2,"Outward",BEST,"Midpoint",M2,"Method2 - PFM+",31,"Fertilizers",0.2,,
2014,854,"Burkina Faso",2,"Outward",BEST,"Midpoint",M2,"Method2 - PFM+",71,"Natural, cultured pearls; precious, semi-precious stones; precious metals, metals clad with precious metal, and articles thereof; imitation jewellery; coin",3.2,,
2014,854,"Burkina Faso",2,"Outward",BEST,"Midpoint",M2,"Method2 - PFM+",TOTAL,"All Commodities",17.7,"Estimates refer to a selection of products, classified with Harmonised Sytems (HS) codes under: 08, 12, 25, 27, 31, and 71",
2014,854,"Burkina Faso",2,"Outward",MAX,"Maximum",M2,"Method2 - PFM+",TOTAL,"All Commodities",46.6,"Estimates refer to a selection of products, classified with Harmonised Sytems (HS) codes under: 08, 12, 25, 27, 31, and 71",
2014,854,"Burkina Faso",2,"Outward",MIN,"Minimum",M2,"Method2 - PFM+",TOTAL,"All Commodities",7.5,"Estimates refer to a selection of products, classified with Harmonised Sytems (HS) codes under: 08, 12, 25, 27, 31, and 71",
2015,854,"Burkina Faso",1,"Inward",BEST,"Midpoint",M1,"Method1 - PCM+",12,"Oil seeds and oleaginous fruits; miscellaneous grains, seeds and fruit, industrial or medicinal plants; straw and fodder",172.5,,
2015,854,"Burkina Faso",1,"Inward",BEST,"Midpoint",M1,"Method1 - PCM+",22,"Beverages, spirits and vinegar",11.9,,
2015,854,"Burkina Faso",1,"Inward",BEST,"Midpoint",M1,"Method1 - PCM+",27,"Mineral fuels, mineral oils and products of their distillation; bituminous substances; mineral waxes",15.9,,
2015,854,"Burkina Faso",1,"Inward",BEST,"Midpoint",M1,"Method1 - PCM+",71,"Natural, cultured pearls; precious, semi-precious stones; precious metals, metals clad with precious metal, and articles thereof; imitation jewellery; coin",0.1,,
2015,854,"Burkina Faso",1,"Inward",BEST,"Midpoint",M1,"Method1 - PCM+",TOTAL,"All Commodities",200.3,"Estimates refer to a selection of products, classified with Harmonised System (HS) codes under: 12, 22, 27 and 71",
2015,854,"Burkina Faso",1,"Inward",BEST,"Midpoint",M2,"Method2 - PFM+",08,"Fruit and nuts, edible; peel of citrus fruit or melons",1.1,,
2015,854,"Burkina Faso",1,"Inward",BEST,"Midpoint",M2,"Method2 - PFM+",12,"Oil seeds and oleaginous fruits; miscellaneous grains, seeds and fruit, industrial or medicinal plants; straw and fodder",0.9,,
2015,854,"Burkina Faso",1,"Inward",BEST,"Midpoint",M2,"Method2 - PFM+",25,"Salt; sulphur; earths, stone; plastering materials, lime and cement",1.3,,
2015,854,"Burkina Faso",1,"Inward",BEST,"Midpoint",M2,"Method2 - PFM+",27,"Mineral fuels, mineral oils and products of their distillation; bituminous substances; mineral waxes",2.7,,
2015,854,"Burkina Faso",1,"Inward",BEST,"Midpoint",M2,"Method2 - PFM+",31,"Fertilizers",0.9,,
2015,854,"Burkina Faso",1,"Inward",BEST,"Midpoint",M2,"Method2 - PFM+",71,"Natural, cultured pearls; precious, semi-precious stones; precious metals, metals clad with precious metal, and articles thereof; imitation jewellery; coin",2.5,,
2015,854,"Burkina Faso",1,"Inward",BEST,"Midpoint",M2,"Method2 - PFM+",TOTAL,"All Commodities",9.3,"Estimates refer to a selection of products, classified with Harmonised Sytems (HS) codes under: 08, 12, 25, 27, 31, and 71",
2015,854,"Burkina Faso",1,"Inward",MAX,"Maximum",M2,"Method2 - PFM+",TOTAL,"All Commodities",26.7,"Estimates refer to a selection of products, classified with Harmonised Sytems (HS) codes under: 08, 12, 25, 27, 31, and 71",
2015,854,"Burkina Faso",1,"Inward",MIN,"Minimum",M2,"Method2 - PFM+",TOTAL,"All Commodities",3.6,"Estimates refer to a selection of products, classified with Harmonised Sytems (HS) codes under: 08, 12, 25, 27, 31, and 71",
2015,854,"Burkina Faso",2,"Outward",BEST,"Midpoint",M1,"Method1 - PCM+",12,"Oil seeds and oleaginous fruits; miscellaneous grains, seeds and fruit, industrial or medicinal plants; straw and fodder",25.8,,
2015,854,"Burkina Faso",2,"Outward",BEST,"Midpoint",M1,"Method1 - PCM+",22,"Beverages, spirits and vinegar",0.1,,
2015,854,"Burkina Faso",2,"Outward",BEST,"Midpoint",M1,"Method1 - PCM+",27,"Mineral fuels, mineral oils and products of their distillation; bituminous substances; mineral waxes",131,,
2015,854,"Burkina Faso",2,"Outward",BEST,"Midpoint",M1,"Method1 - PCM+",71,"Natural, cultured pearls; precious, semi-precious stones; precious metals, metals clad with precious metal, and articles thereof; imitation jewellery; coin",30.2,,
2015,854,"Burkina Faso",2,"Outward",BEST,"Midpoint",M1,"Method1 - PCM+",TOTAL,"All Commodities",187.1,"Estimates refer to a selection of products, classified with Harmonised Sytems (HS) codes under: 12, 22, 27 and 71",
2015,854,"Burkina Faso",2,"Outward",BEST,"Midpoint",M2,"Method2 - PFM+",08,"Fruit and nuts, edible; peel of citrus fruit or melons",2.6,,
2015,854,"Burkina Faso",2,"Outward",BEST,"Midpoint",M2,"Method2 - PFM+",12,"Oil seeds and oleaginous fruits; miscellaneous grains, seeds and fruit, industrial or medicinal plants; straw and fodder",3.3,,
2015,854,"Burkina Faso",2,"Outward",BEST,"Midpoint",M2,"Method2 - PFM+",25,"Salt; sulphur; earths, stone; plastering materials, lime and cement",2.5,,
2015,854,"Burkina Faso",2,"Outward",BEST,"Midpoint",M2,"Method2 - PFM+",27,"Mineral fuels, mineral oils and products of their distillation; bituminous substances; mineral waxes",5.5,,
2015,854,"Burkina Faso",2,"Outward",BEST,"Midpoint",M2,"Method2 - PFM+",31,"Fertilizers",0.2,,
2015,854,"Burkina Faso",2,"Outward",BEST,"Midpoint",M2,"Method2 - PFM+",71,"Natural, cultured pearls; precious, semi-precious stones; precious metals, metals clad with precious metal, and articles thereof; imitation jewellery; coin",10.4,,
2015,854,"Burkina Faso",2,"Outward",BEST,"Midpoint",M2,"Method2 - PFM+",TOTAL,"All Commodities",24.5,"Estimates refer to a selection of products, classified with Harmonised Sytems (HS) codes under: 08, 12, 25, 27, 31, and 71",
2015,854,"Burkina Faso",2,"Outward",MAX,"Maximum",M2,"Method2 - PFM+",TOTAL,"All Commodities",44.1,"Estimates refer to a selection of products, classified with Harmonised Sytems (HS) codes under: 08, 12, 25, 27, 31, and 71",
2015,854,"Burkina Faso",2,"Outward",MIN,"Minimum",M2,"Method2 - PFM+",TOTAL,"All Commodities",10.9,"Estimates refer to a selection of products, classified with Harmonised Sytems (HS) codes under: 08, 12, 25, 27, 31, and 71",
2016,854,"Burkina Faso",1,"Inward",BEST,"Midpoint",M1,"Method1 - PCM+",12,"Oil seeds and oleaginous fruits; miscellaneous grains, seeds and fruit, industrial or medicinal plants; straw and fodder",109.1,,
2016,854,"Burkina Faso",1,"Inward",BEST,"Midpoint",M1,"Method1 - PCM+",22,"Beverages, spirits and vinegar",10.1,,
2016,854,"Burkina Faso",1,"Inward",BEST,"Midpoint",M1,"Method1 - PCM+",27,"Mineral fuels, mineral oils and products of their distillation; bituminous substances; mineral waxes",0.2,,
2016,854,"Burkina Faso",1,"Inward",BEST,"Midpoint",M1,"Method1 - PCM+",71,"Natural, cultured pearls; precious, semi-precious stones; precious metals, metals clad with precious metal, and articles thereof; imitation jewellery; coin",5.3,,
2016,854,"Burkina Faso",1,"Inward",BEST,"Midpoint",M1,"Method1 - PCM+",TOTAL,"All Commodities",124.6,"Estimates refer to a selection of products, classified with Harmonised System (HS) codes under: 12, 22, 27 and 71",
2016,854,"Burkina Faso",1,"Inward",BEST,"Midpoint",M2,"Method2 - PFM+",08,"Fruit and nuts, edible; peel of citrus fruit or melons",2.7,,
2016,854,"Burkina Faso",1,"Inward",BEST,"Midpoint",M2,"Method2 - PFM+",12,"Oil seeds and oleaginous fruits; miscellaneous grains, seeds and fruit, industrial or medicinal plants; straw and fodder",2.7,,
2016,854,"Burkina Faso",1,"Inward",BEST,"Midpoint",M2,"Method2 - PFM+",25,"Salt; sulphur; earths, stone; plastering materials, lime and cement",1.6,,
2016,854,"Burkina Faso",1,"Inward",BEST,"Midpoint",M2,"Method2 - PFM+",27,"Mineral fuels, mineral oils and products of their distillation; bituminous substances; mineral waxes",4,,
2016,854,"Burkina Faso",1,"Inward",BEST,"Midpoint",M2,"Method2 - PFM+",31,"Fertilizers",1.3,,
2016,854,"Burkina Faso",1,"Inward",BEST,"Midpoint",M2,"Method2 - PFM+",71,"Natural, cultured pearls; precious, semi-precious stones; precious metals, metals clad with precious metal, and articles thereof; imitation jewellery; coin",0.7,,
2016,854,"Burkina Faso",1,"Inward",BEST,"Midpoint",M2,"Method2 - PFM+",TOTAL,"All Commodities",13.1,"Estimates refer to a selection of products, classified with Harmonised Sytems (HS) codes under: 08, 12, 25, 27, 31, and 71",
2016,854,"Burkina Faso",1,"Inward",MAX,"Maximum",M2,"Method2 - PFM+",TOTAL,"All Commodities",30.1,"Estimates refer to a selection of products, classified with Harmonised Sytems (HS) codes under: 08, 12, 25, 27, 31, and 71",
2016,854,"Burkina Faso",1,"Inward",MIN,"Minimum",M2,"Method2 - PFM+",TOTAL,"All Commodities",6,"Estimates refer to a selection of products, classified with Harmonised Sytems (HS) codes under: 08, 12, 25, 27, 31, and 71",
2016,854,"Burkina Faso",2,"Outward",BEST,"Midpoint",M1,"Method1 - PCM+",12,"Oil seeds and oleaginous fruits; miscellaneous grains, seeds and fruit, industrial or medicinal plants; straw and fodder",2.9,,
2016,854,"Burkina Faso",2,"Outward",BEST,"Midpoint",M1,"Method1 - PCM+",22,"Beverages, spirits and vinegar",0.6,,
2016,854,"Burkina Faso",2,"Outward",BEST,"Midpoint",M1,"Method1 - PCM+",27,"Mineral fuels, mineral oils and products of their distillation; bituminous substances; mineral waxes",126,,
2016,854,"Burkina Faso",2,"Outward",BEST,"Midpoint",M1,"Method1 - PCM+",71,"Natural, cultured pearls; precious, semi-precious stones; precious metals, metals clad with precious metal, and articles thereof; imitation jewellery; coin",0.01,"Insignificant",
2016,854,"Burkina Faso",2,"Outward",BEST,"Midpoint",M1,"Method1 - PCM+",TOTAL,"All Commodities",129.5,"Estimates refer to a selection of products, classified with Harmonised Sytems (HS) codes under: 12, 22, 27 and 71",
2016,854,"Burkina Faso",2,"Outward",BEST,"Midpoint",M2,"Method2 - PFM+",08,"Fruit and nuts, edible; peel of citrus fruit or melons",1.6,,
2016,854,"Burkina Faso",2,"Outward",BEST,"Midpoint",M2,"Method2 - PFM+",12,"Oil seeds and oleaginous fruits; miscellaneous grains, seeds and fruit, industrial or medicinal plants; straw and fodder",2.5,,
2016,854,"Burkina Faso",2,"Outward",BEST,"Midpoint",M2,"Method2 - PFM+",25,"Salt; sulphur; earths, stone; plastering materials, lime and cement",3.1,,
2016,854,"Burkina Faso",2,"Outward",BEST,"Midpoint",M2,"Method2 - PFM+",27,"Mineral fuels, mineral oils and products of their distillation; bituminous substances; mineral waxes",7.5,,
2016,854,"Burkina Faso",2,"Outward",BEST,"Midpoint",M2,"Method2 - PFM+",31,"Fertilizers",0.4,,
2016,854,"Burkina Faso",2,"Outward",BEST,"Midpoint",M2,"Method2 - PFM+",71,"Natural, cultured pearls; precious, semi-precious stones; precious metals, metals clad with precious metal, and articles thereof; imitation jewellery; coin",0.2,,
2016,854,"Burkina Faso",2,"Outward",BEST,"Midpoint",M2,"Method2 - PFM+",TOTAL,"All Commodities",15.3,"Estimates refer to a selection of products, classified with Harmonised Sytems (HS) codes under: 08, 12, 25, 27, 31, and 71",
2016,854,"Burkina Faso",2,"Outward",MAX,"Maximum",M2,"Method2 - PFM+",TOTAL,"All Commodities",32.8,"Estimates refer to a selection of products, classified with Harmonised Sytems (HS) codes under: 08, 12, 25, 27, 31, and 71",
2016,854,"Burkina Faso",2,"Outward",MIN,"Minimum",M2,"Method2 - PFM+",TOTAL,"All Commodities",5.8,"Estimates refer to a selection of products, classified with Harmonised Sytems (HS) codes under: 08, 12, 25, 27, 31, and 71",
2017,854,"Burkina Faso",1,"Inward",BEST,"Midpoint",M1,"Method1 - PCM+",12,"Oil seeds and oleaginous fruits; miscellaneous grains, seeds and fruit, industrial or medicinal plants; straw and fodder",23,,
2017,854,"Burkina Faso",1,"Inward",BEST,"Midpoint",M1,"Method1 - PCM+",22,"Beverages, spirits and vinegar",24.5,,
2017,854,"Burkina Faso",1,"Inward",BEST,"Midpoint",M1,"Method1 - PCM+",27,"Mineral fuels, mineral oils and products of their distillation; bituminous substances; mineral waxes",7.6,,
2017,854,"Burkina Faso",1,"Inward",BEST,"Midpoint",M1,"Method1 - PCM+",71,"Natural, cultured pearls; precious, semi-precious stones; precious metals, metals clad with precious metal, and articles thereof; imitation jewellery; coin",0.01,"Insignificant",
2017,854,"Burkina Faso",1,"Inward",BEST,"Midpoint",M1,"Method1 - PCM+",TOTAL,"All Commodities",55.1,"Estimates refer to a selection of products, classified with Harmonised System (HS) codes under: 12, 22, 27 and 71",
2017,854,"Burkina Faso",1,"Inward",BEST,"Midpoint",M2,"Method2 - PFM+",08,"Fruit and nuts, edible; peel of citrus fruit or melons",1,,
2017,854,"Burkina Faso",1,"Inward",BEST,"Midpoint",M2,"Method2 - PFM+",12,"Oil seeds and oleaginous fruits; miscellaneous grains, seeds and fruit, industrial or medicinal plants; straw and fodder",1.2,,
2017,854,"Burkina Faso",1,"Inward",BEST,"Midpoint",M2,"Method2 - PFM+",25,"Salt; sulphur; earths, stone; plastering materials, lime and cement",1.8,,
2017,854,"Burkina Faso",1,"Inward",BEST,"Midpoint",M2,"Method2 - PFM+",27,"Mineral fuels, mineral oils and products of their distillation; bituminous substances; mineral waxes",4.3,,
2017,854,"Burkina Faso",1,"Inward",BEST,"Midpoint",M2,"Method2 - PFM+",31,"Fertilizers",0.8,,
2017,854,"Burkina Faso",1,"Inward",BEST,"Midpoint",M2,"Method2 - PFM+",71,"Natural, cultured pearls; precious, semi-precious stones; precious metals, metals clad with precious metal, and articles thereof; imitation jewellery; coin",0.4,,
2017,854,"Burkina Faso",1,"Inward",BEST,"Midpoint",M2,"Method2 - PFM+",TOTAL,"All Commodities",9.6,"Estimates refer to a selection of products, classified with Harmonised Sytems (HS) codes under: 08, 12, 25, 27, 31, and 71",
2017,854,"Burkina Faso",1,"Inward",MAX,"Maximum",M2,"Method2 - PFM+",TOTAL,"All Commodities",24.5,"Estimates refer to a selection of products, classified with Harmonised Sytems (HS) codes under: 08, 12, 25, 27, 31, and 71",
2017,854,"Burkina Faso",1,"Inward",MIN,"Minimum",M2,"Method2 - PFM+",TOTAL,"All Commodities",3.6,"Estimates refer to a selection of products, classified with Harmonised Sytems (HS) codes under: 08, 12, 25, 27, 31, and 71",
2017,854,"Burkina Faso",2,"Outward",BEST,"Midpoint",M1,"Method1 - PCM+",12,"Oil seeds and oleaginous fruits; miscellaneous grains, seeds and fruit, industrial or medicinal plants; straw and fodder",14.1,,
2017,854,"Burkina Faso",2,"Outward",BEST,"Midpoint",M1,"Method1 - PCM+",22,"Beverages, spirits and vinegar",0.1,"Insignificant",
2017,854,"Burkina Faso",2,"Outward",BEST,"Midpoint",M1,"Method1 - PCM+",27,"Mineral fuels, mineral oils and products of their distillation; bituminous substances; mineral waxes",173.4,,
2017,854,"Burkina Faso",2,"Outward",BEST,"Midpoint",M1,"Method1 - PCM+",71,"Natural, cultured pearls; precious, semi-precious stones; precious metals, metals clad with precious metal, and articles thereof; imitation jewellery; coin",278.3,,
2017,854,"Burkina Faso",2,"Outward",BEST,"Midpoint",M1,"Method1 - PCM+",TOTAL,"All Commodities",465.9,"Estimates refer to a selection of products, classified with Harmonised Sytems (HS) codes under: 12, 22, 27 and 71",
2017,854,"Burkina Faso",2,"Outward",BEST,"Midpoint",M2,"Method2 - PFM+",08,"Fruit and nuts, edible; peel of citrus fruit or melons",2.6,,
2017,854,"Burkina Faso",2,"Outward",BEST,"Midpoint",M2,"Method2 - PFM+",12,"Oil seeds and oleaginous fruits; miscellaneous grains, seeds and fruit, industrial or medicinal plants; straw and fodder",1.3,,
2017,854,"Burkina Faso",2,"Outward",BEST,"Midpoint",M2,"Method2 - PFM+",25,"Salt; sulphur; earths, stone; plastering materials, lime and cement",3.8,,
2017,854,"Burkina Faso",2,"Outward",BEST,"Midpoint",M2,"Method2 - PFM+",27,"Mineral fuels, mineral oils and products of their distillation; bituminous substances; mineral waxes",6,,
2017,854,"Burkina Faso",2,"Outward",BEST,"Midpoint",M2,"Method2 - PFM+",31,"Fertilizers",0.9,,
2017,854,"Burkina Faso",2,"Outward",BEST,"Midpoint",M2,"Method2 - PFM+",71,"Natural, cultured pearls; precious, semi-precious stones; precious metals, metals clad with precious metal, and articles thereof; imitation jewellery; coin",1.3,,
2017,854,"Burkina Faso",2,"Outward",BEST,"Midpoint",M2,"Method2 - PFM+",TOTAL,"All Commodities",16,"Estimates refer to a selection of products, classified with Harmonised Sytems (HS) codes under: 08, 12, 25, 27, 31, and 71",
2017,854,"Burkina Faso",2,"Outward",MAX,"Maximum",M2,"Method2 - PFM+",TOTAL,"All Commodities",31.2,"Estimates refer to a selection of products, classified with Harmonised Sytems (HS) codes under: 08, 12, 25, 27, 31, and 71",
2017,854,"Burkina Faso",2,"Outward",MIN,"Minimum",M2,"Method2 - PFM+",TOTAL,"All Commodities",7.9,"Estimates refer to a selection of products, classified with Harmonised Sytems (HS) codes under: 08, 12, 25, 27, 31, and 71",
2018,854,"Burkina Faso",1,"Inward",BEST,"Midpoint",M1,"Method1 - PCM+",12,"Oil seeds and oleaginous fruits; miscellaneous grains, seeds and fruit, industrial or medicinal plants; straw and fodder",84,,
2018,854,"Burkina Faso",1,"Inward",BEST,"Midpoint",M1,"Method1 - PCM+",22,"Beverages, spirits and vinegar",30.1,,
2018,854,"Burkina Faso",1,"Inward",BEST,"Midpoint",M1,"Method1 - PCM+",27,"Mineral fuels, mineral oils and products of their distillation; bituminous substances; mineral waxes",4.1,,
2018,854,"Burkina Faso",1,"Inward",BEST,"Midpoint",M1,"Method1 - PCM+",71,"Natural, cultured pearls; precious, semi-precious stones; precious metals, metals clad with precious metal, and articles thereof; imitation jewellery; coin",0.2,,
2018,854,"Burkina Faso",1,"Inward",BEST,"Midpoint",M1,"Method1 - PCM+",TOTAL,"All Commodities",118.4,"Estimates refer to a selection of products, classified with Harmonised System (HS) codes under: 12, 22, 27 and 71",
2018,854,"Burkina Faso",1,"Inward",BEST,"Midpoint",M2,"Method2 - PFM+",08,"Fruit and nuts, edible; peel of citrus fruit or melons",2.9,,
2018,854,"Burkina Faso",1,"Inward",BEST,"Midpoint",M2,"Method2 - PFM+",12,"Oil seeds and oleaginous fruits; miscellaneous grains, seeds and fruit, industrial or medicinal plants; straw and fodder",3.5,,
2018,854,"Burkina Faso",1,"Inward",BEST,"Midpoint",M2,"Method2 - PFM+",25,"Salt; sulphur; earths, stone; plastering materials, lime and cement",1.7,,
2018,854,"Burkina Faso",1,"Inward",BEST,"Midpoint",M2,"Method2 - PFM+",27,"Mineral fuels, mineral oils and products of their distillation; bituminous substances; mineral waxes",1.9,,
2018,854,"Burkina Faso",1,"Inward",BEST,"Midpoint",M2,"Method2 - PFM+",31,"Fertilizers",0.4,,
2018,854,"Burkina Faso",1,"Inward",BEST,"Midpoint",M2,"Method2 - PFM+",71,"Natural, cultured pearls; precious, semi-precious stones; precious metals, metals clad with precious metal, and articles thereof; imitation jewellery; coin",3.1,,
2018,854,"Burkina Faso",1,"Inward",BEST,"Midpoint",M2,"Method2 - PFM+",TOTAL,"All Commodities",13.5,"Estimates refer to a selection of products, classified with Harmonised Sytems (HS) codes under: 08, 12, 25, 27, 31, and 71",
2018,854,"Burkina Faso",1,"Inward",MAX,"Maximum",M2,"Method2 - PFM+",TOTAL,"All Commodities",33.8,"Estimates refer to a selection of products, classified with Harmonised Sytems (HS) codes under: 08, 12, 25, 27, 31, and 71",
2018,854,"Burkina Faso",1,"Inward",MIN,"Minimum",M2,"Method2 - PFM+",TOTAL,"All Commodities",6,"Estimates refer to a selection of products, classified with Harmonised Sytems (HS) codes under: 08, 12, 25, 27, 31, and 71",
2018,854,"Burkina Faso",2,"Outward",BEST,"Midpoint",M1,"Method1 - PCM+",12,"Oil seeds and oleaginous fruits; miscellaneous grains, seeds and fruit, industrial or medicinal plants; straw and fodder",37.9,,
2018,854,"Burkina Faso",2,"Outward",BEST,"Midpoint",M1,"Method1 - PCM+",22,"Beverages, spirits and vinegar",0.3,,
2018,854,"Burkina Faso",2,"Outward",BEST,"Midpoint",M1,"Method1 - PCM+",27,"Mineral fuels, mineral oils and products of their distillation; bituminous substances; mineral waxes",123.8,,
2018,854,"Burkina Faso",2,"Outward",BEST,"Midpoint",M1,"Method1 - PCM+",71,"Natural, cultured pearls; precious, semi-precious stones; precious metals, metals clad with precious metal, and articles thereof; imitation jewellery; coin",154.5,,
2018,854,"Burkina Faso",2,"Outward",BEST,"Midpoint",M1,"Method1 - PCM+",TOTAL,"All Commodities",316.6,"Estimates refer to a selection of products, classified with Harmonised Sytems (HS) codes under: 12, 22, 27 and 71",
2018,854,"Burkina Faso",2,"Outward",BEST,"Midpoint",M2,"Method2 - PFM+",08,"Fruit and nuts, edible; peel of citrus fruit or melons",5.4,,
2018,854,"Burkina Faso",2,"Outward",BEST,"Midpoint",M2,"Method2 - PFM+",12,"Oil seeds and oleaginous fruits; miscellaneous grains, seeds and fruit, industrial or medicinal plants; straw and fodder",2,,
2018,854,"Burkina Faso",2,"Outward",BEST,"Midpoint",M2,"Method2 - PFM+",25,"Salt; sulphur; earths, stone; plastering materials, lime and cement",2.5,,
2018,854,"Burkina Faso",2,"Outward",BEST,"Midpoint",M2,"Method2 - PFM+",27,"Mineral fuels, mineral oils and products of their distillation; bituminous substances; mineral waxes",2.8,,
2018,854,"Burkina Faso",2,"Outward",BEST,"Midpoint",M2,"Method2 - PFM+",31,"Fertilizers",0.3,,
2018,854,"Burkina Faso",2,"Outward",BEST,"Midpoint",M2,"Method2 - PFM+",71,"Natural, cultured pearls; precious, semi-precious stones; precious metals, metals clad with precious metal, and articles thereof; imitation jewellery; coin",1.6,,
2018,854,"Burkina Faso",2,"Outward",BEST,"Midpoint",M2,"Method2 - PFM+",TOTAL,"All Commodities",14.5,"Estimates refer to a selection of products, classified with Harmonised Sytems (HS) codes under: 08, 12, 25, 27, 31, and 71",
2018,854,"Burkina Faso",2,"Outward",MAX,"Maximum",M2,"Method2 - PFM+",TOTAL,"All Commodities",35.8,"Estimates refer to a selection of products, classified with Harmonised Sytems (HS) codes under: 08, 12, 25, 27, 31, and 71",
2018,854,"Burkina Faso",2,"Outward",MIN,"Minimum",M2,"Method2 - PFM+",TOTAL,"All Commodities",6.9,"Estimates refer to a selection of products, classified with Harmonised Sytems (HS) codes under: 08, 12, 25, 27, 31, and 71",
2019,854,"Burkina Faso",1,"Inward",BEST,"Midpoint",M1,"Method1 - PCM+",12,"Oil seeds and oleaginous fruits; miscellaneous grains, seeds and fruit, industrial or medicinal plants; straw and fodder",93.2,,
2019,854,"Burkina Faso",1,"Inward",BEST,"Midpoint",M1,"Method1 - PCM+",22,"Beverages, spirits and vinegar",24.8,,
2019,854,"Burkina Faso",1,"Inward",BEST,"Midpoint",M1,"Method1 - PCM+",27,"Mineral fuels, mineral oils and products of their distillation; bituminous substances; mineral waxes",12.4,,
2019,854,"Burkina Faso",1,"Inward",BEST,"Midpoint",M1,"Method1 - PCM+",71,"Natural, cultured pearls; precious, semi-precious stones; precious metals, metals clad with precious metal, and articles thereof; imitation jewellery; coin",0.2,,
2019,854,"Burkina Faso",1,"Inward",BEST,"Midpoint",M1,"Method1 - PCM+",TOTAL,"All Commodities",130.6,"Estimates refer to a selection of products, classified with Harmonised System (HS) codes under: 12, 22, 27 and 71",
2019,854,"Burkina Faso",1,"Inward",BEST,"Midpoint",M2,"Method2 - PFM+",08,"Fruit and nuts, edible; peel of citrus fruit or melons",1.4,,
2019,854,"Burkina Faso",1,"Inward",BEST,"Midpoint",M2,"Method2 - PFM+",12,"Oil seeds and oleaginous fruits; miscellaneous grains, seeds and fruit, industrial or medicinal plants; straw and fodder",1.2,,
2019,854,"Burkina Faso",1,"Inward",BEST,"Midpoint",M2,"Method2 - PFM+",25,"Salt; sulphur; earths, stone; plastering materials, lime and cement",1.1,,
2019,854,"Burkina Faso",1,"Inward",BEST,"Midpoint",M2,"Method2 - PFM+",27,"Mineral fuels, mineral oils and products of their distillation; bituminous substances; mineral waxes",3.3,,
2019,854,"Burkina Faso",1,"Inward",BEST,"Midpoint",M2,"Method2 - PFM+",31,"Fertilizers",0.5,,
2019,854,"Burkina Faso",1,"Inward",BEST,"Midpoint",M2,"Method2 - PFM+",71,"Natural, cultured pearls; precious, semi-precious stones; precious metals, metals clad with precious metal, and articles thereof; imitation jewellery; coin",5.2,,
2019,854,"Burkina Faso",1,"Inward",BEST,"Midpoint",M2,"Method2 - PFM+",TOTAL,"All Commodities",12.7,"Estimates refer to a selection of products, classified with Harmonised Sytems (HS) codes under: 08, 12, 25, 27, 31, and 71",
2019,854,"Burkina Faso",1,"Inward",MAX,"Maximum",M2,"Method2 - PFM+",TOTAL,"All Commodities",24.9,"Estimates refer to a selection of products, classified with Harmonised Sytems (HS) codes under: 08, 12, 25, 27, 31, and 71",
2019,854,"Burkina Faso",1,"Inward",MIN,"Minimum",M2,"Method2 - PFM+",TOTAL,"All Commodities",7.6,"Estimates refer to a selection of products, classified with Harmonised Sytems (HS) codes under: 08, 12, 25, 27, 31, and 71",
2019,854,"Burkina Faso",2,"Outward",BEST,"Midpoint",M1,"Method1 - PCM+",12,"Oil seeds and oleaginous fruits; miscellaneous grains, seeds and fruit, industrial or medicinal plants; straw and fodder",37.4,,
2019,854,"Burkina Faso",2,"Outward",BEST,"Midpoint",M1,"Method1 - PCM+",22,"Beverages, spirits and vinegar",2,,
2019,854,"Burkina Faso",2,"Outward",BEST,"Midpoint",M1,"Method1 - PCM+",27,"Mineral fuels, mineral oils and products of their distillation; bituminous substances; mineral waxes",484.7,,
2019,854,"Burkina Faso",2,"Outward",BEST,"Midpoint",M1,"Method1 - PCM+",71,"Natural, cultured pearls; precious, semi-precious stones; precious metals, metals clad with precious metal, and articles thereof; imitation jewellery; coin",44.7,,
2019,854,"Burkina Faso",2,"Outward",BEST,"Midpoint",M1,"Method1 - PCM+",TOTAL,"All Commodities",568.8,"Estimates refer to a selection of products, classified with Harmonised Sytems (HS) codes under: 12, 22, 27 and 71",
2019,854,"Burkina Faso",2,"Outward",BEST,"Midpoint",M2,"Method2 - PFM+",08,"Fruit and nuts, edible; peel of citrus fruit or melons",1.4,,
2019,854,"Burkina Faso",2,"Outward",BEST,"Midpoint",M2,"Method2 - PFM+",12,"Oil seeds and oleaginous fruits; miscellaneous grains, seeds and fruit, industrial or medicinal plants; straw and fodder",3.2,,
2019,854,"Burkina Faso",2,"Outward",BEST,"Midpoint",M2,"Method2 - PFM+",25,"Salt; sulphur; earths, stone; plastering materials, lime and cement",1.7,,
2019,854,"Burkina Faso",2,"Outward",BEST,"Midpoint",M2,"Method2 - PFM+",27,"Mineral fuels, mineral oils and products of their distillation; bituminous substances; mineral waxes",2.8,,
2019,854,"Burkina Faso",2,"Outward",BEST,"Midpoint",M2,"Method2 - PFM+",31,"Fertilizers",0.2,,
2019,854,"Burkina Faso",2,"Outward",BEST,"Midpoint",M2,"Method2 - PFM+",71,"Natural, cultured pearls; precious, semi-precious stones; precious metals, metals clad with precious metal, and articles thereof; imitation jewellery; coin",3.6,,
2019,854,"Burkina Faso",2,"Outward",BEST,"Midpoint",M2,"Method2 - PFM+",TOTAL,"All Commodities",13,"Estimates refer to a selection of products, classified with Harmonised Sytems (HS) codes under: 08, 12, 25, 27, 31, and 71",
2019,854,"Burkina Faso",2,"Outward",MAX,"Maximum",M2,"Method2 - PFM+",TOTAL,"All Commodities",28.2,"Estimates refer to a selection of products, classified with Harmonised Sytems (HS) codes under: 08, 12, 25, 27, 31, and 71",
2019,854,"Burkina Faso",2,"Outward",MIN,"Minimum",M2,"Method2 - PFM+",TOTAL,"All Commodities",6.2,"Estimates refer to a selection of products, classified with Harmonised Sytems (HS) codes under: 08, 12, 25, 27, 31, and 71",
2020,854,"Burkina Faso",1,"Inward",BEST,"Midpoint",M1,"Method1 - PCM+",12,"Oil seeds and oleaginous fruits; miscellaneous grains, seeds and fruit, industrial or medicinal plants; straw and fodder",6.2,,
2020,854,"Burkina Faso",1,"Inward",BEST,"Midpoint",M1,"Method1 - PCM+",22,"Beverages, spirits and vinegar",33.7,,
2020,854,"Burkina Faso",1,"Inward",BEST,"Midpoint",M1,"Method1 - PCM+",27,"Mineral fuels, mineral oils and products of their distillation; bituminous substances; mineral waxes",4.1,,
2020,854,"Burkina Faso",1,"Inward",BEST,"Midpoint",M1,"Method1 - PCM+",71,"Natural, cultured pearls; precious, semi-precious stones; precious metals, metals clad with precious metal, and articles thereof; imitation jewellery; coin",0.01,"Insignificant",
2020,854,"Burkina Faso",1,"Inward",BEST,"Midpoint",M1,"Method1 - PCM+",TOTAL,"All Commodities",44,"Estimates refer to a selection of products, classified with Harmonised System (HS) codes under: 12, 22, 27 and 71",
2020,854,"Burkina Faso",1,"Inward",BEST,"Midpoint",M2,"Method2 - PFM+",08,"Fruit and nuts, edible; peel of citrus fruit or melons",2.5,,
2020,854,"Burkina Faso",1,"Inward",BEST,"Midpoint",M2,"Method2 - PFM+",12,"Oil seeds and oleaginous fruits; miscellaneous grains, seeds and fruit, industrial or medicinal plants; straw and fodder",1.2,,
2020,854,"Burkina Faso",1,"Inward",BEST,"Midpoint",M2,"Method2 - PFM+",25,"Salt; sulphur; earths, stone; plastering materials, lime and cement",2.8,,
2020,854,"Burkina Faso",1,"Inward",BEST,"Midpoint",M2,"Method2 - PFM+",27,"Mineral fuels, mineral oils and products of their distillation; bituminous substances; mineral waxes",2.5,,
2020,854,"Burkina Faso",1,"Inward",BEST,"Midpoint",M2,"Method2 - PFM+",31,"Fertilizers",0.7,,
2020,854,"Burkina Faso",1,"Inward",BEST,"Midpoint",M2,"Method2 - PFM+",71,"Natural, cultured pearls; precious, semi-precious stones; precious metals, metals clad with precious metal, and articles thereof; imitation jewellery; coin",0.01,"Insignificant",
2020,854,"Burkina Faso",1,"Inward",BEST,"Midpoint",M2,"Method2 - PFM+",TOTAL,"All Commodities",9.7,"Estimates refer to a selection of products, classified with Harmonised Sytems (HS) codes under: 08, 12, 25, 27, 31, and 71",
2020,854,"Burkina Faso",1,"Inward",MAX,"Maximum",M2,"Method2 - PFM+",TOTAL,"All Commodities",22.4,"Estimates refer to a selection of products, classified with Harmonised Sytems (HS) codes under: 08, 12, 25, 27, 31, and 71",
2020,854,"Burkina Faso",1,"Inward",MIN,"Minimum",M2,"Method2 - PFM+",TOTAL,"All Commodities",3.8,"Estimates refer to a selection of products, classified with Harmonised Sytems (HS) codes under: 08, 12, 25, 27, 31, and 71",
2020,854,"Burkina Faso",2,"Outward",BEST,"Midpoint",M1,"Method1 - PCM+",12,"Oil seeds and oleaginous fruits; miscellaneous grains, seeds and fruit, industrial or medicinal plants; straw and fodder",33.9,,
2020,854,"Burkina Faso",2,"Outward",BEST,"Midpoint",M1,"Method1 - PCM+",22,"Beverages, spirits and vinegar",0.3,,
2020,854,"Burkina Faso",2,"Outward",BEST,"Midpoint",M1,"Method1 - PCM+",27,"Mineral fuels, mineral oils and products of their distillation; bituminous substances; mineral waxes",303.2,,
2020,854,"Burkina Faso",2,"Outward",BEST,"Midpoint",M1,"Method1 - PCM+",71,"Natural, cultured pearls; precious, semi-precious stones; precious metals, metals clad with precious metal, and articles thereof; imitation jewellery; coin",4.2,,
2020,854,"Burkina Faso",2,"Outward",BEST,"Midpoint",M1,"Method1 - PCM+",TOTAL,"All Commodities",341.6,"Estimates refer to a selection of products, classified with Harmonised Sytems (HS) codes under: 12, 22, 27 and 71",
2020,854,"Burkina Faso",2,"Outward",BEST,"Midpoint",M2,"Method2 - PFM+",08,"Fruit and nuts, edible; peel of citrus fruit or melons",1.9,,
2020,854,"Burkina Faso",2,"Outward",BEST,"Midpoint",M2,"Method2 - PFM+",12,"Oil seeds and oleaginous fruits; miscellaneous grains, seeds and fruit, industrial or medicinal plants; straw and fodder",2,,
2020,854,"Burkina Faso",2,"Outward",BEST,"Midpoint",M2,"Method2 - PFM+",25,"Salt; sulphur; earths, stone; plastering materials, lime and cement",2.7,,
2020,854,"Burkina Faso",2,"Outward",BEST,"Midpoint",M2,"Method2 - PFM+",27,"Mineral fuels, mineral oils and products of their distillation; bituminous substances; mineral waxes",2.9,,
2020,854,"Burkina Faso",2,"Outward",BEST,"Midpoint",M2,"Method2 - PFM+",31,"Fertilizers",0.1,,
2020,854,"Burkina Faso",2,"Outward",BEST,"Midpoint",M2,"Method2 - PFM+",71,"Natural, cultured pearls; precious, semi-precious stones; precious metals, metals clad with precious metal, and articles thereof; imitation jewellery; coin",0.8,,
2020,854,"Burkina Faso",2,"Outward",BEST,"Midpoint",M2,"Method2 - PFM+",TOTAL,"All Commodities",10.4,"Estimates refer to a selection of products, classified with Harmonised Sytems (HS) codes under: 08, 12, 25, 27, 31, and 71",
2020,854,"Burkina Faso",2,"Outward",MAX,"Maximum",M2,"Method2 - PFM+",TOTAL,"All Commodities",22.1,"Estimates refer to a selection of products, classified with Harmonised Sytems (HS) codes under: 08, 12, 25, 27, 31, and 71",
2020,854,"Burkina Faso",2,"Outward",MIN,"Minimum",M2,"Method2 - PFM+",TOTAL,"All Commodities",4.8,"Estimates refer to a selection of products, classified with Harmonised Sytems (HS) codes under: 08, 12, 25, 27, 31, and 71",
2021,854,"Burkina Faso",1,"Inward",BEST,"Midpoint",M1,"Method1 - PCM+",12,"Oil seeds and oleaginous fruits; miscellaneous grains, seeds and fruit, industrial or medicinal plants; straw and fodder",24.6,,
2021,854,"Burkina Faso",1,"Inward",BEST,"Midpoint",M1,"Method1 - PCM+",22,"Beverages, spirits and vinegar",58,,
2021,854,"Burkina Faso",1,"Inward",BEST,"Midpoint",M1,"Method1 - PCM+",27,"Mineral fuels, mineral oils and products of their distillation; bituminous substances; mineral waxes",9.7,,
2021,854,"Burkina Faso",1,"Inward",BEST,"Midpoint",M1,"Method1 - PCM+",71,"Natural, cultured pearls; precious, semi-precious stones; precious metals, metals clad with precious metal, and articles thereof; imitation jewellery; coin",0.4,,
2021,854,"Burkina Faso",1,"Inward",BEST,"Midpoint",M1,"Method1 - PCM+",TOTAL,"All Commodities",92.7,"Estimates refer to a selection of products, classified with Harmonised System (HS) codes under: 12, 22, 27 and 71",
2021,854,"Burkina Faso",1,"Inward",BEST,"Midpoint",M2,"Method2 - PFM+",08,"Fruit and nuts, edible; peel of citrus fruit or melons",2.7,,
2021,854,"Burkina Faso",1,"Inward",BEST,"Midpoint",M2,"Method2 - PFM+",12,"Oil seeds and oleaginous fruits; miscellaneous grains, seeds and fruit, industrial or medicinal plants; straw and fodder",0.8,,
2021,854,"Burkina Faso",1,"Inward",BEST,"Midpoint",M2,"Method2 - PFM+",25,"Salt; sulphur; earths, stone; plastering materials, lime and cement",1.9,,
2021,854,"Burkina Faso",1,"Inward",BEST,"Midpoint",M2,"Method2 - PFM+",27,"Mineral fuels, mineral oils and products of their distillation; bituminous substances; mineral waxes",3.2,,
2021,854,"Burkina Faso",1,"Inward",BEST,"Midpoint",M2,"Method2 - PFM+",31,"Fertilizers",0.7,,
2021,854,"Burkina Faso",1,"Inward",BEST,"Midpoint",M2,"Method2 - PFM+",71,"Natural, cultured pearls; precious, semi-precious stones; precious metals, metals clad with precious metal, and articles thereof; imitation jewellery; coin",3.7,,
2021,854,"Burkina Faso",1,"Inward",BEST,"Midpoint",M2,"Method2 - PFM+",TOTAL,"All Commodities",13.1,"Estimates refer to a selection of products, classified with Harmonised Sytems (HS) codes under: 08, 12, 25, 27, 31, and 71",
2021,854,"Burkina Faso",1,"Inward",MAX,"Maximum",M2,"Method2 - PFM+",TOTAL,"All Commodities",26.7,"Estimates refer to a selection of products, classified with Harmonised Sytems (HS) codes under: 08, 12, 25, 27, 31, and 71",
2021,854,"Burkina Faso",1,"Inward",MIN,"Minimum",M2,"Method2 - PFM+",TOTAL,"All Commodities",6.7,"Estimates refer to a selection of products, classified with Harmonised Sytems (HS) codes under: 08, 12, 25, 27, 31, and 71",
2021,854,"Burkina Faso",2,"Outward",BEST,"Midpoint",M1,"Method1 - PCM+",12,"Oil seeds and oleaginous fruits; miscellaneous grains, seeds and fruit, industrial or medicinal plants; straw and fodder",27.7,,
2021,854,"Burkina Faso",2,"Outward",BEST,"Midpoint",M1,"Method1 - PCM+",22,"Beverages, spirits and vinegar",1.7,,
2021,854,"Burkina Faso",2,"Outward",BEST,"Midpoint",M1,"Method1 - PCM+",27,"Mineral fuels, mineral oils and products of their distillation; bituminous substances; mineral waxes",301.8,,
2021,854,"Burkina Faso",2,"Outward",BEST,"Midpoint",M1,"Method1 - PCM+",71,"Natural, cultured pearls; precious, semi-precious stones; precious metals, metals clad with precious metal, and articles thereof; imitation jewellery; coin",18.9,,
2021,854,"Burkina Faso",2,"Outward",BEST,"Midpoint",M1,"Method1 - PCM+",TOTAL,"All Commodities",350.2,"Estimates refer to a selection of products, classified with Harmonised Sytems (HS) codes under: 12, 22, 27 and 71",
2021,854,"Burkina Faso",2,"Outward",BEST,"Midpoint",M2,"Method2 - PFM+",08,"Fruit and nuts, edible; peel of citrus fruit or melons",2.5,,
2021,854,"Burkina Faso",2,"Outward",BEST,"Midpoint",M2,"Method2 - PFM+",12,"Oil seeds and oleaginous fruits; miscellaneous grains, seeds and fruit, industrial or medicinal plants; straw and fodder",1.5,,
2021,854,"Burkina Faso",2,"Outward",BEST,"Midpoint",M2,"Method2 - PFM+",25,"Salt; sulphur; earths, stone; plastering materials, lime and cement",1.8,,
2021,854,"Burkina Faso",2,"Outward",BEST,"Midpoint",M2,"Method2 - PFM+",27,"Mineral fuels, mineral oils and products of their distillation; bituminous substances; mineral waxes",3.6,,
2021,854,"Burkina Faso",2,"Outward",BEST,"Midpoint",M2,"Method2 - PFM+",31,"Fertilizers",0.2,,
2021,854,"Burkina Faso",2,"Outward",BEST,"Midpoint",M2,"Method2 - PFM+",71,"Natural, cultured pearls; precious, semi-precious stones; precious metals, metals clad with precious metal, and articles thereof; imitation jewellery; coin",2.6,,
2021,854,"Burkina Faso",2,"Outward",BEST,"Midpoint",M2,"Method2 - PFM+",TOTAL,"All Commodities",12.2,"Estimates refer to a selection of products, classified with Harmonised Sytems (HS) codes under: 08, 12, 25, 27, 31, and 71",
2021,854,"Burkina Faso",2,"Outward",MAX,"Maximum",M2,"Method2 - PFM+",TOTAL,"All Commodities",25.9,"Estimates refer to a selection of products, classified with Harmonised Sytems (HS) codes under: 08, 12, 25, 27, 31, and 71",
2021,854,"Burkina Faso",2,"Outward",MIN,"Minimum",M2,"Method2 - PFM+",TOTAL,"All Commodities",5.9,"Estimates refer to a selection of products, classified with Harmonised Sytems (HS) codes under: 08, 12, 25, 27, 31, and 71",
2022,854,"Burkina Faso",1,"Inward",BEST,"Midpoint",M1,"Method1 - PCM+",12,"Oil seeds and oleaginous fruits; miscellaneous grains, seeds and fruit, industrial or medicinal plants; straw and fodder",35.4,,
2022,854,"Burkina Faso",1,"Inward",BEST,"Midpoint",M1,"Method1 - PCM+",22,"Beverages, spirits and vinegar",67.3,,
2022,854,"Burkina Faso",1,"Inward",BEST,"Midpoint",M1,"Method1 - PCM+",27,"Mineral fuels, mineral oils and products of their distillation; bituminous substances; mineral waxes",9.4,,
2022,854,"Burkina Faso",1,"Inward",BEST,"Midpoint",M1,"Method1 - PCM+",71,"Natural, cultured pearls; precious, semi-precious stones; precious metals, metals clad with precious metal, and articles thereof; imitation jewellery; coin",0.1,,
2022,854,"Burkina Faso",1,"Inward",BEST,"Midpoint",M1,"Method1 - PCM+",TOTAL,"All Commodities",112.1,"Estimates refer to a selection of products, classified with Harmonised System (HS) codes under: 12, 22, 27 and 71",
2022,854,"Burkina Faso",1,"Inward",BEST,"Midpoint",M2,"Method2 - PFM+",08,"Fruit and nuts, edible; peel of citrus fruit or melons",2.9,,
2022,854,"Burkina Faso",1,"Inward",BEST,"Midpoint",M2,"Method2 - PFM+",12,"Oil seeds and oleaginous fruits; miscellaneous grains, seeds and fruit, industrial or medicinal plants; straw and fodder",2.9,,
2022,854,"Burkina Faso",1,"Inward",BEST,"Midpoint",M2,"Method2 - PFM+",25,"Salt; sulphur; earths, stone; plastering materials, lime and cement",1.7,,
2022,854,"Burkina Faso",1,"Inward",BEST,"Midpoint",M2,"Method2 - PFM+",27,"Mineral fuels, mineral oils and products of their distillation; bituminous substances; mineral waxes",3.6,,
2022,854,"Burkina Faso",1,"Inward",BEST,"Midpoint",M2,"Method2 - PFM+",31,"Fertilizers",2.5,,
2022,854,"Burkina Faso",1,"Inward",BEST,"Midpoint",M2,"Method2 - PFM+",71,"Natural, cultured pearls; precious, semi-precious stones; precious metals, metals clad with precious metal, and articles thereof; imitation jewellery; coin",0.01,"Insignificant",
2022,854,"Burkina Faso",1,"Inward",BEST,"Midpoint",M2,"Method2 - PFM+",TOTAL,"All Commodities",13.6,"Estimates refer to a selection of products, classified with Harmonised Sytems (HS) codes under: 08, 12, 25, 27, 31, and 71",
2022,854,"Burkina Faso",1,"Inward",MAX,"Maximum",M2,"Method2 - PFM+",TOTAL,"All Commodities",30.6,"Estimates refer to a selection of products, classified with Harmonised Sytems (HS) codes under: 08, 12, 25, 27, 31, and 71",
2022,854,"Burkina Faso",1,"Inward",MIN,"Minimum",M2,"Method2 - PFM+",TOTAL,"All Commodities",5.8,"Estimates refer to a selection of products, classified with Harmonised Sytems (HS) codes under: 08, 12, 25, 27, 31, and 71",
2022,854,"Burkina Faso",2,"Outward",BEST,"Midpoint",M1,"Method1 - PCM+",12,"Oil seeds and oleaginous fruits; miscellaneous grains, seeds and fruit, industrial or medicinal plants; straw and fodder",177.8,,
2022,854,"Burkina Faso",2,"Outward",BEST,"Midpoint",M1,"Method1 - PCM+",22,"Beverages, spirits and vinegar",1.8,,
2022,854,"Burkina Faso",2,"Outward",BEST,"Midpoint",M1,"Method1 - PCM+",27,"Mineral fuels, mineral oils and products of their distillation; bituminous substances; mineral waxes",314.6,,
2022,854,"Burkina Faso",2,"Outward",BEST,"Midpoint",M1,"Method1 - PCM+",71,"Natural, cultured pearls; precious, semi-precious stones; precious metals, metals clad with precious metal, and articles thereof; imitation jewellery; coin",10.9,,
2022,854,"Burkina Faso",2,"Outward",BEST,"Midpoint",M1,"Method1 - PCM+",TOTAL,"All Commodities",505.1,"Estimates refer to a selection of products, classified with Harmonised Sytems (HS) codes under: 12, 22, 27 and 71",
2022,854,"Burkina Faso",2,"Outward",BEST,"Midpoint",M2,"Method2 - PFM+",08,"Fruit and nuts, edible; peel of citrus fruit or melons",3.1,,
2022,854,"Burkina Faso",2,"Outward",BEST,"Midpoint",M2,"Method2 - PFM+",12,"Oil seeds and oleaginous fruits; miscellaneous grains, seeds and fruit, industrial or medicinal plants; straw and fodder",4.1,,
2022,854,"Burkina Faso",2,"Outward",BEST,"Midpoint",M2,"Method2 - PFM+",25,"Salt; sulphur; earths, stone; plastering materials, lime and cement",2.1,,
2022,854,"Burkina Faso",2,"Outward",BEST,"Midpoint",M2,"Method2 - PFM+",27,"Mineral fuels, mineral oils and products of their distillation; bituminous substances; mineral waxes",3.1,,
2022,854,"Burkina Faso",2,"Outward",BEST,"Midpoint",M2,"Method2 - PFM+",31,"Fertilizers",2.9,,
2022,854,"Burkina Faso",2,"Outward",BEST,"Midpoint",M2,"Method2 - PFM+",71,"Natural, cultured pearls; precious, semi-precious stones; precious metals, metals clad with precious metal, and articles thereof; imitation jewellery; coin",1.3,,
2022,854,"Burkina Faso",2,"Outward",BEST,"Midpoint",M2,"Method2 - PFM+",TOTAL,"All Commodities",16.5,"Estimates refer to a selection of products, classified with Harmonised Sytems (HS) codes under: 08, 12, 25, 27, 31, and 71",
2022,854,"Burkina Faso",2,"Outward",MAX,"Maximum",M2,"Method2 - PFM+",TOTAL,"All Commodities",33.5,"Estimates refer to a selection of products, classified with Harmonised Sytems (HS) codes under: 08, 12, 25, 27, 31, and 71",
2022,854,"Burkina Faso",2,"Outward",MIN,"Minimum",M2,"Method2 - PFM+",TOTAL,"All Commodities",7.3,"Estimates refer to a selection of products, classified with Harmonised Sytems (HS) codes under: 08, 12, 25, 27, 31, and 71",
2023,854,"Burkina Faso",1,"Inward",BEST,"Midpoint",M1,"Method1 - PCM+",12,"Oil seeds and oleaginous fruits; miscellaneous grains, seeds and fruit, industrial or medicinal plants; straw and fodder",36.6,,
2023,854,"Burkina Faso",1,"Inward",BEST,"Midpoint",M1,"Method1 - PCM+",22,"Beverages, spirits and vinegar",53.5,,
2023,854,"Burkina Faso",1,"Inward",BEST,"Midpoint",M1,"Method1 - PCM+",27,"Mineral fuels, mineral oils and products of their distillation; bituminous substances; mineral waxes",17.7,,
2023,854,"Burkina Faso",1,"Inward",BEST,"Midpoint",M1,"Method1 - PCM+",71,"Natural, cultured pearls; precious, semi-precious stones; precious metals, metals clad with precious metal, and articles thereof; imitation jewellery; coin",0.2,,
2023,854,"Burkina Faso",1,"Inward",BEST,"Midpoint",M1,"Method1 - PCM+",TOTAL,"All Commodities",107.9,"Estimates refer to a selection of products, classified with Harmonised System (HS) codes under: 12, 22, 27 and 71",
2023,854,"Burkina Faso",1,"Inward",BEST,"Midpoint",M2,"Method2 - PFM+",08,"Fruit and nuts, edible; peel of citrus fruit or melons",3.5,,
2023,854,"Burkina Faso",1,"Inward",BEST,"Midpoint",M2,"Method2 - PFM+",12,"Oil seeds and oleaginous fruits; miscellaneous grains, seeds and fruit, industrial or medicinal plants; straw and fodder",4.6,,
2023,854,"Burkina Faso",1,"Inward",BEST,"Midpoint",M2,"Method2 - PFM+",25,"Salt; sulphur; earths, stone; plastering materials, lime and cement",2.1,,
2023,854,"Burkina Faso",1,"Inward",BEST,"Midpoint",M2,"Method2 - PFM+",27,"Mineral fuels, mineral oils and products of their distillation; bituminous substances; mineral waxes",3.4,,
2023,854,"Burkina Faso",1,"Inward",BEST,"Midpoint",M2,"Method2 - PFM+",31,"Fertilizers",5.8,,
2023,854,"Burkina Faso",1,"Inward",BEST,"Midpoint",M2,"Method2 - PFM+",71,"Natural, cultured pearls; precious, semi-precious stones; precious metals, metals clad with precious metal, and articles thereof; imitation jewellery; coin",0.4,,
2023,854,"Burkina Faso",1,"Inward",BEST,"Midpoint",M2,"Method2 - PFM+",TOTAL,"All Commodities",19.8,"Estimates refer to a selection of products, classified with Harmonised Sytems (HS) codes under: 08, 12, 25, 27, 31, and 71",
2023,854,"Burkina Faso",1,"Inward",MAX,"Maximum",M2,"Method2 - PFM+",TOTAL,"All Commodities",47.5,"Estimates refer to a selection of products, classified with Harmonised Sytems (HS) codes under: 08, 12, 25, 27, 31, and 71",
2023,854,"Burkina Faso",1,"Inward",MIN,"Minimum",M2,"Method2 - PFM+",TOTAL,"All Commodities",7.7,"Estimates refer to a selection of products, classified with Harmonised Sytems (HS) codes under: 08, 12, 25, 27, 31, and 71",
2023,854,"Burkina Faso",2,"Outward",BEST,"Midpoint",M1,"Method1 - PCM+",12,"Oil seeds and oleaginous fruits; miscellaneous grains, seeds and fruit, industrial or medicinal plants; straw and fodder",258.3,,
2023,854,"Burkina Faso",2,"Outward",BEST,"Midpoint",M1,"Method1 - PCM+",22,"Beverages, spirits and vinegar",1.1,,
2023,854,"Burkina Faso",2,"Outward",BEST,"Midpoint",M1,"Method1 - PCM+",27,"Mineral fuels, mineral oils and products of their distillation; bituminous substances; mineral waxes",349.4,,
2023,854,"Burkina Faso",2,"Outward",BEST,"Midpoint",M1,"Method1 - PCM+",71,"Natural, cultured pearls; precious, semi-precious stones; precious metals, metals clad with precious metal, and articles thereof; imitation jewellery; coin",137.8,,
2023,854,"Burkina Faso",2,"Outward",BEST,"Midpoint",M1,"Method1 - PCM+",TOTAL,"All Commodities",746.6,"Estimates refer to a selection of products, classified with Harmonised Sytems (HS) codes under: 12, 22, 27 and 71",
2023,854,"Burkina Faso",2,"Outward",BEST,"Midpoint",M2,"Method2 - PFM+",08,"Fruit and nuts, edible; peel of citrus fruit or melons",4.2,,
2023,854,"Burkina Faso",2,"Outward",BEST,"Midpoint",M2,"Method2 - PFM+",12,"Oil seeds and oleaginous fruits; miscellaneous grains, seeds and fruit, industrial or medicinal plants; straw and fodder",5.4,,
2023,854,"Burkina Faso",2,"Outward",BEST,"Midpoint",M2,"Method2 - PFM+",25,"Salt; sulphur; earths, stone; plastering materials, lime and cement",6.3,,
2023,854,"Burkina Faso",2,"Outward",BEST,"Midpoint",M2,"Method2 - PFM+",27,"Mineral fuels, mineral oils and products of their distillation; bituminous substances; mineral waxes",4.8,,
2023,854,"Burkina Faso",2,"Outward",BEST,"Midpoint",M2,"Method2 - PFM+",31,"Fertilizers",5.4,,
2023,854,"Burkina Faso",2,"Outward",BEST,"Midpoint",M2,"Method2 - PFM+",71,"Natural, cultured pearls; precious, semi-precious stones; precious metals, metals clad with precious metal, and articles thereof; imitation jewellery; coin",1.5,,
2023,854,"Burkina Faso",2,"Outward",BEST,"Midpoint",M2,"Method2 - PFM+",TOTAL,"All Commodities",27.6,"Estimates refer to a selection of products, classified with Harmonised Sytems (HS) codes under: 08, 12, 25, 27, 31, and 71",
2023,854,"Burkina Faso",2,"Outward",MAX,"Maximum",M2,"Method2 - PFM+",TOTAL,"All Commodities",52.6,"Estimates refer to a selection of products, classified with Harmonised Sytems (HS) codes under: 08, 12, 25, 27, 31, and 71",
2023,854,"Burkina Faso",2,"Outward",MIN,"Minimum",M2,"Method2 - PFM+",TOTAL,"All Commodities",13.9,"Estimates refer to a selection of products, classified with Harmonised Sytems (HS) codes under: 08, 12, 25, 27, 31, and 71",
2024,854,"Burkina Faso",1,"Inward",BEST,"Midpoint",M1,"Method1 - PCM+",12,"Oil seeds and oleaginous fruits; miscellaneous grains, seeds and fruit, industrial or medicinal plants; straw and fodder",25,,
2024,854,"Burkina Faso",1,"Inward",BEST,"Midpoint",M1,"Method1 - PCM+",22,"Beverages, spirits and vinegar",41.6,,
2024,854,"Burkina Faso",1,"Inward",BEST,"Midpoint",M1,"Method1 - PCM+",27,"Mineral fuels, mineral oils and products of their distillation; bituminous substances; mineral waxes",0.7,,
2024,854,"Burkina Faso",1,"Inward",BEST,"Midpoint",M1,"Method1 - PCM+",71,"Natural, cultured pearls; precious, semi-precious stones; precious metals, metals clad with precious metal, and articles thereof; imitation jewellery; coin",1.5,,
2024,854,"Burkina Faso",1,"Inward",BEST,"Midpoint",M1,"Method1 - PCM+",TOTAL,"All Commodities",68.8,"Estimates refer to a selection of products, classified with Harmonised System (HS) codes under: 12, 22, 27 and 71",
2024,854,"Burkina Faso",1,"Inward",BEST,"Midpoint",M2,"Method2 - PFM+",08,"Fruit and nuts, edible; peel of citrus fruit or melons",2.1,,
2024,854,"Burkina Faso",1,"Inward",BEST,"Midpoint",M2,"Method2 - PFM+",12,"Oil seeds and oleaginous fruits; miscellaneous grains, seeds and fruit, industrial or medicinal plants; straw and fodder",1.2,,
2024,854,"Burkina Faso",1,"Inward",BEST,"Midpoint",M2,"Method2 - PFM+",25,"Salt; sulphur; earths, stone; plastering materials, lime and cement",1.6,,
2024,854,"Burkina Faso",1,"Inward",BEST,"Midpoint",M2,"Method2 - PFM+",27,"Mineral fuels, mineral oils and products of their distillation; bituminous substances; mineral waxes",3.1,,
2024,854,"Burkina Faso",1,"Inward",BEST,"Midpoint",M2,"Method2 - PFM+",31,"Fertilizers",2.6,,
2024,854,"Burkina Faso",1,"Inward",BEST,"Midpoint",M2,"Method2 - PFM+",71,"Natural, cultured pearls; precious, semi-precious stones; precious metals, metals clad with precious metal, and articles thereof; imitation jewellery; coin",0.01,"Insignificant",
2024,854,"Burkina Faso",1,"Inward",BEST,"Midpoint",M2,"Method2 - PFM+",TOTAL,"All Commodities",10.7,"Estimates refer to a selection of products, classified with Harmonised Sytems (HS) codes under: 08, 12, 25, 27, 31, and 71",
2024,854,"Burkina Faso",1,"Inward",MAX,"Maximum",M2,"Method2 - PFM+",TOTAL,"All Commodities",29.2,"Estimates refer to a selection of products, classified with Harmonised Sytems (HS) codes under: 08, 12, 25, 27, 31, and 71",
2024,854,"Burkina Faso",1,"Inward",MIN,"Minimum",M2,"Method2 - PFM+",TOTAL,"All Commodities",4.1,"Estimates refer to a selection of products, classified with Harmonised Sytems (HS) codes under: 08, 12, 25, 27, 31, and 71",
2024,854,"Burkina Faso",2,"Outward",BEST,"Midpoint",M1,"Method1 - PCM+",12,"Oil seeds and oleaginous fruits; miscellaneous grains, seeds and fruit, industrial or medicinal plants; straw and fodder",66.5,,
2024,854,"Burkina Faso",2,"Outward",BEST,"Midpoint",M1,"Method1 - PCM+",22,"Beverages, spirits and vinegar",0.1,,
2024,854,"Burkina Faso",2,"Outward",BEST,"Midpoint",M1,"Method1 - PCM+",27,"Mineral fuels, mineral oils and products of their distillation; bituminous substances; mineral waxes",162.2,,
2024,854,"Burkina Faso",2,"Outward",BEST,"Midpoint",M1,"Method1 - PCM+",71,"Natural, cultured pearls; precious, semi-precious stones; precious metals, metals clad with precious metal, and articles thereof; imitation jewellery; coin",0.01,"Insignificant",
2024,854,"Burkina Faso",2,"Outward",BEST,"Midpoint",M1,"Method1 - PCM+",TOTAL,"All Commodities",228.8,"Estimates refer to a selection of products, classified with Harmonised Sytems (HS) codes under: 12, 22, 27 and 71",
2024,854,"Burkina Faso",2,"Outward",BEST,"Midpoint",M2,"Method2 - PFM+",08,"Fruit and nuts, edible; peel of citrus fruit or melons",2.5,,
2024,854,"Burkina Faso",2,"Outward",BEST,"Midpoint",M2,"Method2 - PFM+",12,"Oil seeds and oleaginous fruits; miscellaneous grains, seeds and fruit, industrial or medicinal plants; straw and fodder",2.1,,
2024,854,"Burkina Faso",2,"Outward",BEST,"Midpoint",M2,"Method2 - PFM+",25,"Salt; sulphur; earths, stone; plastering materials, lime and cement",7.1,,
2024,854,"Burkina Faso",2,"Outward",BEST,"Midpoint",M2,"Method2 - PFM+",27,"Mineral fuels, mineral oils and products of their distillation; bituminous substances; mineral waxes",4.7,,
2024,854,"Burkina Faso",2,"Outward",BEST,"Midpoint",M2,"Method2 - PFM+",31,"Fertilizers",2.6,,
2024,854,"Burkina Faso",2,"Outward",BEST,"Midpoint",M2,"Method2 - PFM+",71,"Natural, cultured pearls; precious, semi-precious stones; precious metals, metals clad with precious metal, and articles thereof; imitation jewellery; coin",0.01,"Insignificant",
2024,854,"Burkina Faso",2,"Outward",BEST,"Midpoint",M2,"Method2 - PFM+",TOTAL,"All Commodities",19.1,"Estimates refer to a selection of products, classified with Harmonised Sytems (HS) codes under: 08, 12, 25, 27, 31, and 71",
2024,854,"Burkina Faso",2,"Outward",MAX,"Maximum",M2,"Method2 - PFM+",TOTAL,"All Commodities",37.8,"Estimates refer to a selection of products, classified with Harmonised Sytems (HS) codes under: 08, 12, 25, 27, 31, and 71",
2024,854,"Burkina Faso",2,"Outward",MIN,"Minimum",M2,"Method2 - PFM+",TOTAL,"All Commodities",9.1,"Estimates refer to a selection of products, classified with Harmonised Sytems (HS) codes under: 08, 12, 25, 27, 31, and 71",
