date,origin_port,destination_port,container_type,freight_rate_usd,is_duplicate_x,is_outlier_freight_rate_usd,route,oil_price,is_duplicate_y,is_outlier_oil_price,port_throughput_teu_origin,port_waiting_hours_origin,is_duplicate_origin,is_outlier_port_waiting_hours_origin,is_outlier_port_throughput_teu_origin,port_throughput_teu_dest,port_waiting_hours_dest,is_duplicate_dest,is_outlier_port_waiting_hours_dest,is_outlier_port_throughput_teu_dest
2023-01-01,INMAA,AEDXB,20ft,2281.6004020780188,False,0,INMAA_AEDXB,,False,0,150000.0,6.356657776132249,True,0.0,0.0,,,,,
2023-01-01,CNSHA,USLAX,20ft,3791.696073742987,False,0,CNSHA_USLAX,,False,0,,,,,,,,,,
2023-01-08,INMAA,AEDXB,20ft,2313.2299813815484,False,0,INMAA_AEDXB,,False,0,151000.0,12.41115429876223,True,0.0,0.0,,,,,
2023-01-08,CNSHA,USLAX,20ft,3812.936467997696,False,0,CNSHA_USLAX,,False,0,,,,,,,,,,
2023-01-15,INMAA,AEDXB,20ft,2314.139117186552,False,0,INMAA_AEDXB,,False,0,152000.0,14.14948578215806,True,0.0,0.0,,,,,
2023-01-15,CNSHA,USLAX,20ft,3818.770443791492,False,0,CNSHA_USLAX,,False,0,,,,,,,,,,
2023-01-22,INMAA,AEDXB,20ft,2327.847173273754,False,0,INMAA_AEDXB,,False,0,153000.0,13.805930508638568,True,0.0,0.0,,,,,
2023-01-22,CNSHA,USLAX,20ft,3826.8374442438153,False,0,CNSHA_USLAX,,False,0,,,,,,,,,,
2023-01-29,INMAA,AEDXB,20ft,2336.3089179793024,False,0,INMAA_AEDXB,,False,0,154000.0,13.829612648383542,True,0.0,0.0,,,,,
2023-01-29,CNSHA,USLAX,20ft,3861.864971813799,False,0,CNSHA_USLAX,,False,0,,,,,,,,,,
2023-02-05,CNSHA,USLAX,20ft,3872.9959667662415,False,0,CNSHA_USLAX,,False,0,,,,,,,,,,
2023-02-12,INMAA,AEDXB,20ft,2352.7045578280745,False,0,INMAA_AEDXB,,False,0,156000.0,8.206450617002721,True,0.0,0.0,,,,,
2023-02-12,CNSHA,USLAX,20ft,3875.292121684515,False,0,CNSHA_USLAX,,False,0,,,,,,,,,,
2023-02-19,INMAA,AEDXB,20ft,2354.9705046970776,False,0,INMAA_AEDXB,,False,0,157000.0,9.069643017914828,True,0.0,0.0,,,,,
2023-02-19,CNSHA,USLAX,20ft,3851.8807305884393,False,0,CNSHA_USLAX,,False,0,,,,,,,,,,
2023-02-26,INMAA,AEDXB,20ft,2382.5387802348146,False,0,INMAA_AEDXB,,False,0,158000.0,11.541090608699523,True,0.0,0.0,,,,,
2023-02-26,CNSHA,USLAX,20ft,3865.055887206033,False,0,CNSHA_USLAX,,False,0,,,,,,,,,,
2023-03-05,INMAA,AEDXB,20ft,2380.567232630852,False,0,INMAA_AEDXB,,False,0,159000.0,9.432399153671293,True,0.0,0.0,,,,,
2023-03-05,CNSHA,USLAX,20ft,15000.0,False,1,CNSHA_USLAX,,False,0,,,,,,,,,,
2023-03-12,INMAA,AEDXB,20ft,2401.836364004748,False,0,INMAA_AEDXB,,False,0,160000.0,10.704715761367613,True,0.0,0.0,,,,,
2023-03-12,CNSHA,USLAX,20ft,3902.644996872925,False,0,CNSHA_USLAX,,False,0,,,,,,,,,,
2023-03-19,INMAA,AEDXB,20ft,2405.763584937902,False,0,INMAA_AEDXB,,False,0,161000.0,8.012080458053722,True,0.0,0.0,,,,,
2023-03-19,CNSHA,USLAX,20ft,3905.205570228517,False,0,CNSHA_USLAX,,False,0,,,,,,,,,,
2023-03-26,INMAA,AEDXB,20ft,2396.304813034267,False,0,INMAA_AEDXB,,False,0,162000.0,13.20653423375175,True,0.0,0.0,,,,,
2023-03-26,CNSHA,USLAX,20ft,3896.8145027767896,False,0,CNSHA_USLAX,,False,0,,,,,,,,,,
2023-04-02,INMAA,AEDXB,20ft,2422.135831520117,False,0,INMAA_AEDXB,,False,0,163000.0,9.863951221341722,True,0.0,0.0,,,,,
2023-04-02,CNSHA,USLAX,20ft,3904.884346905444,False,0,CNSHA_USLAX,,False,0,,,,,,,,,,
2023-04-09,INMAA,AEDXB,20ft,2419.1870547746885,False,0,INMAA_AEDXB,,False,0,164000.0,11.066110638497376,True,0.0,0.0,,,,,
2023-04-09,CNSHA,USLAX,20ft,3891.626013036173,False,0,CNSHA_USLAX,,False,0,,,,,,,,,,
2023-04-16,INMAA,AEDXB,20ft,2409.6006643875394,False,0,INMAA_AEDXB,,False,0,165000.0,8.863710336872446,True,0.0,0.0,,,,,
2023-04-16,CNSHA,USLAX,20ft,3923.668380420248,False,0,CNSHA_USLAX,,False,0,,,,,,,,,,
2023-04-23,INMAA,AEDXB,20ft,2416.6648475067964,False,0,INMAA_AEDXB,,False,0,166000.0,10.10519809464504,True,0.0,0.0,,,,,
2023-04-23,CNSHA,USLAX,20ft,3910.265429509293,False,0,CNSHA_USLAX,,False,0,,,,,,,,,,
2023-04-30,INMAA,AEDXB,20ft,2395.700632217476,False,0,INMAA_AEDXB,,False,0,167000.0,8.021591277332426,True,0.0,0.0,,,,,
2023-04-30,CNSHA,USLAX,20ft,3922.617299700366,False,0,CNSHA_USLAX,,False,0,,,,,,,,,,
2023-05-07,INMAA,AEDXB,20ft,2421.304810171449,False,0,INMAA_AEDXB,,False,0,168000.0,11.845268146625411,True,0.0,0.0,,,,,
2023-05-07,CNSHA,USLAX,20ft,3912.657254080342,False,0,CNSHA_USLAX,,False,0,,,,,,,,,,
2023-05-14,INMAA,AEDXB,20ft,2399.3850305612127,False,0,INMAA_AEDXB,,False,0,169000.0,8.32767276553605,True,0.0,0.0,,,,,
2023-05-14,CNSHA,USLAX,20ft,3917.858792254743,False,0,CNSHA_USLAX,,False,0,,,,,,,,,,
2023-05-21,INMAA,AEDXB,20ft,2393.155808843981,False,0,INMAA_AEDXB,,False,0,170000.0,10.84539321690472,True,0.0,0.0,,,,,
2023-05-21,CNSHA,USLAX,20ft,3902.9032885781166,False,0,CNSHA_USLAX,,False,0,,,,,,,,,,
2023-05-28,INMAA,AEDXB,20ft,2411.6614090035278,False,0,INMAA_AEDXB,,False,0,171000.0,9.160119657308671,True,0.0,0.0,,,,,
2023-05-28,CNSHA,USLAX,20ft,3895.7011624885263,False,0,CNSHA_USLAX,,False,0,,,,,,,,,,
2023-06-04,INMAA,AEDXB,20ft,2401.5650648684423,False,0,INMAA_AEDXB,,False,0,172000.0,11.845783839508083,True,0.0,0.0,,,,,
2023-06-04,CNSHA,USLAX,20ft,3913.6775975026,False,0,CNSHA_USLAX,,False,0,,,,,,,,,,
2023-06-11,INMAA,AEDXB,20ft,2396.694917462712,False,0,INMAA_AEDXB,,False,0,173000.0,10.219065375472631,True,0.0,0.0,,,,,
2023-06-11,CNSHA,USLAX,20ft,3902.774794016638,False,0,CNSHA_USLAX,,False,0,,,,,,,,,,
2023-06-18,INMAA,AEDXB,20ft,2405.0693799968813,False,0,INMAA_AEDXB,,False,0,174000.0,11.321777648911848,True,0.0,0.0,,,,,
2023-06-18,CNSHA,USLAX,20ft,3887.314672969303,False,0,CNSHA_USLAX,,False,0,,,,,,,,,,
2023-06-25,INMAA,AEDXB,20ft,2384.0401480103915,False,0,INMAA_AEDXB,,False,0,175000.0,7.796809045748731,True,0.0,0.0,,,,,
2023-06-25,CNSHA,USLAX,20ft,3883.125484776881,False,0,CNSHA_USLAX,,False,0,,,,,,,,,,
2023-07-02,INMAA,AEDXB,20ft,2377.795150061849,False,0,INMAA_AEDXB,,False,0,176000.0,9.84957012353346,True,0.0,0.0,,,,,
2023-07-02,CNSHA,USLAX,20ft,3890.615484399109,False,0,CNSHA_USLAX,,False,0,,,,,,,,,,
2023-07-09,INMAA,AEDXB,20ft,2361.834892629044,False,0,INMAA_AEDXB,,False,0,177000.0,11.339545786453794,True,0.0,0.0,,,,,
2023-07-09,CNSHA,USLAX,20ft,3872.060780010833,False,0,CNSHA_USLAX,,False,0,,,,,,,,,,
2023-07-16,INMAA,AEDXB,20ft,2378.246827439271,False,0,INMAA_AEDXB,,False,0,178000.0,12.495040771875678,True,0.0,0.0,,,,,
2023-07-16,CNSHA,USLAX,20ft,3849.4133823793577,False,0,CNSHA_USLAX,,False,0,,,,,,,,,,
2023-07-23,INMAA,AEDXB,20ft,2348.8708186596136,False,0,INMAA_AEDXB,,False,0,179000.0,8.43475058528723,True,0.0,0.0,,,,,
2023-07-23,CNSHA,USLAX,20ft,3861.905546206888,False,0,CNSHA_USLAX,,False,0,,,,,,,,,,
2023-07-30,INMAA,AEDXB,20ft,2358.721105458986,False,0,INMAA_AEDXB,,False,0,180000.0,11.596912431924256,True,0.0,0.0,,,,,
2023-07-30,CNSHA,USLAX,20ft,3842.403330910028,False,0,CNSHA_USLAX,,False,0,,,,,,,,,,
2023-08-06,INMAA,AEDXB,20ft,2341.235365997826,False,0,INMAA_AEDXB,,False,0,181000.0,7.636940399106523,True,0.0,0.0,,,,,
2023-08-06,CNSHA,USLAX,20ft,3825.22187712834,False,0,CNSHA_USLAX,,False,0,,,,,,,,,,
2023-08-13,INMAA,AEDXB,20ft,2332.552961069624,False,0,INMAA_AEDXB,,False,0,182000.0,10.57194684864812,True,0.0,0.0,,,,,
2023-08-13,CNSHA,USLAX,20ft,3821.3970152451466,False,0,CNSHA_USLAX,,False,0,,,,,,,,,,
2023-08-20,INMAA,AEDXB,20ft,2328.837960856994,False,0,INMAA_AEDXB,,False,0,183000.0,11.537130898321152,True,0.0,0.0,,,,,
2023-08-20,CNSHA,USLAX,20ft,3803.970585484032,False,0,CNSHA_USLAX,,False,0,,,,,,,,,,
2023-08-27,INMAA,AEDXB,20ft,2302.760304454791,False,0,INMAA_AEDXB,,False,0,184000.0,10.29384471044892,True,0.0,0.0,,,,,
2023-08-27,CNSHA,USLAX,20ft,3779.831690939453,False,0,CNSHA_USLAX,,False,0,,,,,,,,,,
2023-09-03,INMAA,AEDXB,20ft,2324.9115821181404,False,0,INMAA_AEDXB,,False,0,185000.0,11.493049928246146,True,0.0,0.0,,,,,
2023-09-03,CNSHA,USLAX,20ft,3789.407821059572,False,0,CNSHA_USLAX,,False,0,,,,,,,,,,
2023-09-10,INMAA,AEDXB,20ft,2293.816003265081,False,0,INMAA_AEDXB,,False,0,186000.0,12.093448696462676,True,0.0,0.0,,,,,
2023-09-10,CNSHA,USLAX,20ft,3779.0727344147713,False,0,CNSHA_USLAX,,False,0,,,,,,,,,,
2023-09-17,INMAA,AEDXB,20ft,2298.782344555955,False,0,INMAA_AEDXB,,False,0,187000.0,12.206282608117256,True,0.0,0.0,,,,,
2023-09-17,CNSHA,USLAX,20ft,3777.866070246172,False,0,CNSHA_USLAX,,False,0,,,,,,,,,,
2023-09-24,INMAA,AEDXB,20ft,2281.504707582464,False,0,INMAA_AEDXB,,False,0,188000.0,9.693973157385829,True,0.0,0.0,,,,,
2023-09-24,CNSHA,USLAX,20ft,3780.6055798132,False,0,CNSHA_USLAX,,False,0,,,,,,,,,,
2023-10-01,INMAA,AEDXB,20ft,2268.216641215148,False,0,INMAA_AEDXB,,False,0,189000.0,10.653959134480038,True,0.0,0.0,,,,,
2023-10-01,CNSHA,USLAX,20ft,3764.7262102782056,False,0,CNSHA_USLAX,,False,0,,,,,,,,,,
2023-10-08,INMAA,AEDXB,20ft,2269.695989764324,False,0,INMAA_AEDXB,,False,0,190000.0,13.61547072412732,True,0.0,0.0,,,,,
2023-10-08,CNSHA,USLAX,20ft,3760.7744478241625,False,0,CNSHA_USLAX,,False,0,,,,,,,,,,
2023-10-15,INMAA,AEDXB,20ft,2252.711406958819,False,0,INMAA_AEDXB,,False,0,191000.0,9.72797771877323,True,0.0,0.0,,,,,
2023-10-15,CNSHA,USLAX,20ft,3759.541377704129,False,0,CNSHA_USLAX,,False,0,,,,,,,,,,
2023-10-22,INMAA,AEDXB,20ft,2248.1419790448413,False,0,INMAA_AEDXB,,False,0,192000.0,9.46324385600938,True,0.0,0.0,,,,,
2023-10-22,CNSHA,USLAX,20ft,3760.747812864517,False,0,CNSHA_USLAX,,False,0,,,,,,,,,,
2023-10-29,INMAA,AEDXB,20ft,2250.412663971238,False,0,INMAA_AEDXB,,False,0,193000.0,9.88975017306426,True,0.0,0.0,,,,,
2023-10-29,CNSHA,USLAX,20ft,3751.049124282032,False,0,CNSHA_USLAX,,False,0,,,,,,,,,,
2023-11-05,INMAA,AEDXB,20ft,2254.7467147786706,False,0,INMAA_AEDXB,,False,0,194000.0,4.9606268782102285,True,0.0,0.0,,,,,
2023-11-05,CNSHA,USLAX,20ft,3734.6340230007136,False,0,CNSHA_USLAX,,False,0,,,,,,,,,,
2023-11-12,INMAA,AEDXB,20ft,2248.499852353219,False,0,INMAA_AEDXB,,False,0,195000.0,9.121273236327648,True,0.0,0.0,,,,,
2023-11-12,CNSHA,USLAX,20ft,3734.5083998082473,False,0,CNSHA_USLAX,,False,0,,,,,,,,,,
2023-11-19,INMAA,AEDXB,20ft,2249.7465427321968,False,0,INMAA_AEDXB,,False,0,196000.0,7.063252656991729,True,0.0,0.0,,,,,
2023-11-19,CNSHA,USLAX,20ft,3749.429660122917,False,0,CNSHA_USLAX,,False,0,,,,,,,,,,
2023-11-26,INMAA,AEDXB,20ft,2228.1435725040988,False,0,INMAA_AEDXB,,False,0,197000.0,10.455485105711077,True,0.0,0.0,,,,,
2023-11-26,CNSHA,USLAX,20ft,3756.479694914518,False,0,CNSHA_USLAX,,False,0,,,,,,,,,,
2023-12-03,INMAA,AEDXB,20ft,2250.969314336537,False,0,INMAA_AEDXB,,False,0,198000.0,8.119357295855433,True,0.0,0.0,,,,,
2023-12-03,CNSHA,USLAX,20ft,3733.781300133535,False,0,CNSHA_USLAX,,False,0,,,,,,,,,,
2023-12-10,INMAA,AEDXB,20ft,2246.439919449575,False,0,INMAA_AEDXB,,False,0,199000.0,7.965619951861164,True,0.0,0.0,,,,,
2023-12-10,CNSHA,USLAX,20ft,3756.189448019769,False,0,CNSHA_USLAX,,False,0,,,,,,,,,,
2023-12-17,INMAA,AEDXB,20ft,2242.709204786934,False,0,INMAA_AEDXB,,False,0,200000.0,9.422736628679347,True,0.0,0.0,,,,,
2023-12-17,CNSHA,USLAX,20ft,3761.559932515632,False,0,CNSHA_USLAX,,False,0,,,,,,,,,,
2023-12-24,INMAA,AEDXB,20ft,2251.693210448272,False,0,INMAA_AEDXB,,False,0,201000.0,10.769802133559796,True,0.0,0.0,,,,,
2023-12-24,CNSHA,USLAX,20ft,3760.6071461248457,False,0,CNSHA_USLAX,,False,0,,,,,,,,,,
2023-12-31,INMAA,AEDXB,20ft,2258.1819360190098,False,0,INMAA_AEDXB,,False,0,202000.0,9.149034747383006,True,0.0,0.0,,,,,
2023-12-31,CNSHA,USLAX,20ft,3748.1938348271296,False,0,CNSHA_USLAX,,False,0,,,,,,,,,,
2024-01-07,INMAA,AEDXB,20ft,2268.152891427899,False,0,INMAA_AEDXB,,False,0,203000.0,9.518722716860529,True,0.0,0.0,,,,,
2024-01-07,CNSHA,USLAX,20ft,3780.667602181337,False,0,CNSHA_USLAX,,False,0,,,,,,,,,,
2024-01-14,INMAA,AEDXB,20ft,2270.9919541066497,False,0,INMAA_AEDXB,,False,0,204000.0,8.83316984144589,True,0.0,0.0,,,,,
2024-01-14,CNSHA,USLAX,20ft,3787.714730977264,False,0,CNSHA_USLAX,,False,0,,,,,,,,,,
2024-01-21,INMAA,AEDXB,20ft,2281.4047081203626,False,0,INMAA_AEDXB,,False,0,205000.0,9.555004427495716,True,0.0,0.0,,,,,
2024-01-21,CNSHA,USLAX,20ft,3787.7945318962,False,0,CNSHA_USLAX,,False,0,,,,,,,,,,
2024-01-28,INMAA,AEDXB,20ft,2292.922772774988,False,0,INMAA_AEDXB,,False,0,206000.0,6.2879149697616015,True,0.0,0.0,,,,,
2024-01-28,CNSHA,USLAX,20ft,3800.94527740904,False,0,CNSHA_USLAX,,False,0,,,,,,,,,,
2024-02-04,INMAA,AEDXB,20ft,2312.588118841797,False,0,INMAA_AEDXB,,False,0,207000.0,6.258854714987542,True,0.0,0.0,,,,,
2024-02-04,CNSHA,USLAX,20ft,3809.8872650644553,False,0,CNSHA_USLAX,,False,0,,,,,,,,,,
2024-02-11,INMAA,AEDXB,20ft,2307.5623557669187,False,0,INMAA_AEDXB,,False,0,208000.0,12.040640294720298,True,0.0,0.0,,,,,
2024-02-11,CNSHA,USLAX,20ft,3803.224203435164,False,0,CNSHA_USLAX,,False,0,,,,,,,,,,
2024-02-18,INMAA,AEDXB,20ft,2323.860264162646,False,0,INMAA_AEDXB,,False,0,209000.0,8.070966323050719,True,0.0,0.0,,,,,
2024-02-18,CNSHA,USLAX,20ft,3833.379250031779,False,0,CNSHA_USLAX,,False,0,,,,,,,,,,
2024-02-25,INMAA,AEDXB,20ft,2339.0114231499915,False,0,INMAA_AEDXB,,False,0,210000.0,11.531088536054188,True,0.0,0.0,,,,,
2024-02-25,CNSHA,USLAX,20ft,3835.011849016528,False,0,CNSHA_USLAX,,False,0,,,,,,,,,,
2024-03-03,INMAA,AEDXB,20ft,2335.7396054814635,False,0,INMAA_AEDXB,,False,0,211000.0,8.281312406344332,True,0.0,0.0,,,,,
2024-03-03,CNSHA,USLAX,20ft,3858.831420654086,False,0,CNSHA_USLAX,,False,0,,,,,,,,,,
2024-03-10,INMAA,AEDXB,20ft,2354.5276649345897,False,0,INMAA_AEDXB,,False,0,212000.0,9.389053870967226,True,0.0,0.0,,,,,
2024-03-10,CNSHA,USLAX,20ft,3867.927364976629,False,0,CNSHA_USLAX,,False,0,,,,,,,,,,
2024-03-17,INMAA,AEDXB,20ft,2368.183343466852,False,0,INMAA_AEDXB,,False,0,213000.0,11.975670113981677,True,0.0,0.0,,,,,
2024-03-17,CNSHA,USLAX,20ft,3868.833842336169,False,0,CNSHA_USLAX,,False,0,,,,,,,,,,
2024-03-24,INMAA,AEDXB,20ft,2381.753389086624,False,0,INMAA_AEDXB,,False,0,214000.0,9.897628602627597,True,0.0,0.0,,,,,
2024-03-24,CNSHA,USLAX,20ft,3870.393410903471,False,0,CNSHA_USLAX,,False,0,,,,,,,,,,
2024-03-31,INMAA,AEDXB,20ft,2386.412774807776,False,0,INMAA_AEDXB,,False,0,215000.0,11.706859900496951,True,0.0,0.0,,,,,
2024-03-31,CNSHA,USLAX,20ft,3882.5298409282186,False,0,CNSHA_USLAX,,False,0,,,,,,,,,,
2024-04-07,INMAA,AEDXB,20ft,2394.832395916216,False,0,INMAA_AEDXB,,False,0,216000.0,9.57823376912002,True,0.0,0.0,,,,,
2024-04-07,CNSHA,USLAX,20ft,3897.7169283308535,False,0,CNSHA_USLAX,,False,0,,,,,,,,,,
2024-04-14,INMAA,AEDXB,20ft,2403.411271941918,False,0,INMAA_AEDXB,,False,0,217000.0,6.096351128909284,True,0.0,0.0,,,,,
2024-04-14,CNSHA,USLAX,20ft,3899.330930210215,False,0,CNSHA_USLAX,,False,0,,,,,,,,,,
2024-04-21,INMAA,AEDXB,20ft,2432.9228414357544,False,0,INMAA_AEDXB,,False,0,218000.0,9.894198457669969,True,0.0,0.0,,,,,
2024-04-21,CNSHA,USLAX,20ft,3928.2270638815207,False,0,CNSHA_USLAX,,False,0,,,,,,,,,,
2024-04-28,INMAA,AEDXB,20ft,2438.214693582359,False,0,INMAA_AEDXB,,False,0,219000.0,11.313449653555349,True,0.0,0.0,,,,,
2024-04-28,CNSHA,USLAX,20ft,3909.2161226717753,False,0,CNSHA_USLAX,,False,0,,,,,,,,,,
2024-05-05,INMAA,AEDXB,20ft,2450.9732212610406,False,0,INMAA_AEDXB,,False,0,220000.0,10.909715558036906,True,0.0,0.0,,,,,
2024-05-05,CNSHA,USLAX,20ft,3939.739604556674,False,0,CNSHA_USLAX,,False,0,,,,,,,,,,
2024-05-12,INMAA,AEDXB,20ft,2449.5605771532087,False,0,INMAA_AEDXB,,False,0,221000.0,6.608342107610782,True,0.0,0.0,,,,,
2024-05-12,CNSHA,USLAX,20ft,3945.1424987821847,False,0,CNSHA_USLAX,,False,0,,,,,,,,,,
2024-05-19,INMAA,AEDXB,20ft,2451.440611829445,False,0,INMAA_AEDXB,,False,0,222000.0,9.008882802544592,True,0.0,0.0,,,,,
2024-05-19,CNSHA,USLAX,20ft,3953.9452466195617,False,0,CNSHA_USLAX,,False,0,,,,,,,,,,
2024-05-26,INMAA,AEDXB,20ft,2472.509234258854,False,0,INMAA_AEDXB,,False,0,223000.0,8.194751349349204,True,0.0,0.0,,,,,
2024-05-26,CNSHA,USLAX,20ft,3951.6765924041215,False,0,CNSHA_USLAX,,False,0,,,,,,,,,,
2024-06-02,INMAA,AEDXB,20ft,2482.854974447436,False,0,INMAA_AEDXB,,False,0,224000.0,11.760683061501249,True,0.0,0.0,,,,,
2024-06-02,CNSHA,USLAX,20ft,3969.07276517562,False,0,CNSHA_USLAX,,False,0,,,,,,,,,,
2024-06-09,INMAA,AEDXB,20ft,2474.517069136832,False,0,INMAA_AEDXB,,False,0,225000.0,7.631840352877271,True,0.0,0.0,,,,,
2024-06-09,CNSHA,USLAX,20ft,3951.322464078035,False,0,CNSHA_USLAX,,False,0,,,,,,,,,,
2024-06-16,INMAA,AEDXB,20ft,2481.9492709191745,False,0,INMAA_AEDXB,,False,0,226000.0,12.855417175005252,True,0.0,0.0,,,,,
2024-06-16,CNSHA,USLAX,20ft,3974.9732317636617,False,0,CNSHA_USLAX,,False,0,,,,,,,,,,
2024-06-23,INMAA,AEDXB,20ft,2475.068888802679,False,0,INMAA_AEDXB,,False,0,227000.0,10.565123271945572,True,0.0,0.0,,,,,
2024-06-23,CNSHA,USLAX,20ft,3978.59748723794,False,0,CNSHA_USLAX,,False,0,,,,,,,,,,
2024-06-30,INMAA,AEDXB,20ft,2466.477898699146,False,0,INMAA_AEDXB,,False,0,228000.0,4.585114390109395,True,0.0,0.0,,,,,
2024-06-30,CNSHA,USLAX,20ft,3962.309272899302,False,0,CNSHA_USLAX,,False,0,,,,,,,,,,
2024-07-07,INMAA,AEDXB,20ft,2461.072378315716,False,0,INMAA_AEDXB,,False,0,229000.0,5.431647881771638,True,0.0,0.0,,,,,
2024-07-07,CNSHA,USLAX,20ft,3976.10251394296,False,0,CNSHA_USLAX,,False,0,,,,,,,,,,
2024-07-14,INMAA,AEDXB,20ft,2496.424129342924,False,0,INMAA_AEDXB,,False,0,230000.0,10.700836937627626,True,0.0,0.0,,,,,
2024-07-14,CNSHA,USLAX,20ft,3960.527845694674,False,0,CNSHA_USLAX,,False,0,,,,,,,,,,
2024-07-21,INMAA,AEDXB,20ft,2471.063630424232,False,0,INMAA_AEDXB,,False,0,231000.0,9.186465504282085,True,0.0,0.0,,,,,
2024-07-21,CNSHA,USLAX,20ft,3966.472247569433,False,0,CNSHA_USLAX,,False,0,,,,,,,,,,
2024-07-28,INMAA,AEDXB,20ft,2471.203904899655,False,0,INMAA_AEDXB,,False,0,232000.0,6.894166251053767,True,0.0,0.0,,,,,
2024-07-28,CNSHA,USLAX,20ft,3980.578386481122,False,0,CNSHA_USLAX,,False,0,,,,,,,,,,
2024-08-04,INMAA,AEDXB,20ft,2470.9012093632923,False,0,INMAA_AEDXB,,False,0,233000.0,12.684379016907307,True,0.0,0.0,,,,,
2024-08-04,CNSHA,USLAX,20ft,3960.525394576333,False,0,CNSHA_USLAX,,False,0,,,,,,,,,,
2024-08-11,INMAA,AEDXB,20ft,2465.774522949049,False,0,INMAA_AEDXB,,False,0,234000.0,7.420359049114039,True,0.0,0.0,,,,,
2024-08-11,CNSHA,USLAX,20ft,3966.545779556832,False,0,CNSHA_USLAX,,False,0,,,,,,,,,,
2024-08-18,INMAA,AEDXB,20ft,2477.798923629495,False,0,INMAA_AEDXB,,False,0,235000.0,10.276735179750478,True,0.0,0.0,,,,,
2024-08-18,CNSHA,USLAX,20ft,3972.0118055748153,False,0,CNSHA_USLAX,,False,0,,,,,,,,,,
2024-08-25,INMAA,AEDXB,20ft,2453.94104656268,False,0,INMAA_AEDXB,,False,0,236000.0,10.204095028694118,True,0.0,0.0,,,,,
2024-08-25,CNSHA,USLAX,20ft,3964.002397831651,False,0,CNSHA_USLAX,,False,0,,,,,,,,,,
2024-09-01,INMAA,AEDXB,20ft,2448.679030226773,False,0,INMAA_AEDXB,,False,0,237000.0,12.042242570927804,True,0.0,0.0,,,,,
2024-09-01,CNSHA,USLAX,20ft,3950.858195060872,False,0,CNSHA_USLAX,,False,0,,,,,,,,,,
2024-09-08,INMAA,AEDXB,20ft,2445.0975078168985,False,0,INMAA_AEDXB,,False,0,238000.0,9.54308391486284,True,0.0,0.0,,,,,
2024-09-08,CNSHA,USLAX,20ft,3940.416443777892,False,0,CNSHA_USLAX,,False,0,,,,,,,,,,
2024-09-15,INMAA,AEDXB,20ft,2438.8906154013694,False,0,INMAA_AEDXB,,False,0,239000.0,8.334376368106213,True,0.0,0.0,,,,,
2024-09-15,CNSHA,USLAX,20ft,3962.100344550727,False,0,CNSHA_USLAX,,False,0,,,,,,,,,,
2024-09-22,INMAA,AEDXB,20ft,2421.513348025457,False,0,INMAA_AEDXB,,False,0,240000.0,11.262577078451612,True,0.0,0.0,,,,,
2024-09-22,CNSHA,USLAX,20ft,3933.844040820941,False,0,CNSHA_USLAX,,False,0,,,,,,,,,,
2024-09-29,INMAA,AEDXB,20ft,2424.5628871255994,False,0,INMAA_AEDXB,,False,0,241000.0,12.325117043442894,True,0.0,0.0,,,,,
2024-09-29,CNSHA,USLAX,20ft,3936.6584066036007,False,0,CNSHA_USLAX,,False,0,,,,,,,,,,
2024-10-06,INMAA,AEDXB,20ft,2411.6852408295854,False,0,INMAA_AEDXB,,False,0,242000.0,11.035917879413294,True,0.0,0.0,,,,,
2024-10-06,CNSHA,USLAX,20ft,3912.503821032829,False,0,CNSHA_USLAX,,False,0,,,,,,,,,,
2024-10-13,INMAA,AEDXB,20ft,2406.0428557937,False,0,INMAA_AEDXB,,False,0,243000.0,7.1274282011458165,True,0.0,0.0,,,,,
2024-10-13,CNSHA,USLAX,20ft,3910.0624794741966,False,0,CNSHA_USLAX,,False,0,,,,,,,,,,
2024-10-20,INMAA,AEDXB,20ft,2398.398318967258,False,0,INMAA_AEDXB,,False,0,244000.0,9.344388621191058,True,0.0,0.0,,,,,
2024-10-20,CNSHA,USLAX,20ft,3888.36477259062,False,0,CNSHA_USLAX,,False,0,,,,,,,,,,
2024-10-27,INMAA,AEDXB,20ft,2392.494395797178,False,0,INMAA_AEDXB,,False,0,245000.0,8.824850345483942,True,0.0,0.0,,,,,
2024-10-27,CNSHA,USLAX,20ft,3896.5947206832375,False,0,CNSHA_USLAX,,False,0,,,,,,,,,,
2024-11-03,INMAA,AEDXB,20ft,2366.604785278998,False,0,INMAA_AEDXB,,False,0,246000.0,11.605149309606494,True,0.0,0.0,,,,,
2024-11-03,CNSHA,USLAX,20ft,3889.830951465344,False,0,CNSHA_USLAX,,False,0,,,,,,,,,,
2024-11-10,INMAA,AEDXB,20ft,2373.633142313568,False,0,INMAA_AEDXB,,False,0,247000.0,7.479853409753766,True,0.0,0.0,,,,,
2024-11-10,CNSHA,USLAX,20ft,3857.5088759228593,False,0,CNSHA_USLAX,,False,0,,,,,,,,,,
2024-11-17,INMAA,AEDXB,20ft,2353.560675422056,False,0,INMAA_AEDXB,,False,0,248000.0,12.571131910552316,True,0.0,0.0,,,,,
2024-11-17,CNSHA,USLAX,20ft,3857.6664364479866,False,0,CNSHA_USLAX,,False,0,,,,,,,,,,
2024-11-24,INMAA,AEDXB,20ft,2340.4418871487665,False,0,INMAA_AEDXB,,False,0,249000.0,9.413911097342767,True,0.0,0.0,,,,,
2024-11-24,CNSHA,USLAX,20ft,3854.791971319225,False,0,CNSHA_USLAX,,False,0,,,,,,,,,,
2024-12-01,INMAA,AEDXB,20ft,2341.273927960884,False,0,INMAA_AEDXB,,False,0,250000.0,14.922445665847718,True,0.0,0.0,,,,,
2024-12-01,CNSHA,USLAX,20ft,3836.3122419532615,False,0,CNSHA_USLAX,,False,0,,,,,,,,,,
2024-12-08,INMAA,AEDXB,20ft,2343.7404024823286,False,0,INMAA_AEDXB,,False,0,251000.0,2.174176365030066,True,1.0,0.0,,,,,
2024-12-08,CNSHA,USLAX,20ft,3846.4403822697454,False,0,CNSHA_USLAX,,False,0,,,,,,,,,,
2024-12-15,INMAA,AEDXB,20ft,2329.4722420406915,False,0,INMAA_AEDXB,,False,0,252000.0,7.463355694250449,True,0.0,0.0,,,,,
2024-12-15,CNSHA,USLAX,20ft,3841.18700747302,False,0,CNSHA_USLAX,,False,0,,,,,,,,,,
2024-12-22,INMAA,AEDXB,20ft,2304.915818382082,False,0,INMAA_AEDXB,,False,0,253000.0,13.724940243703916,True,0.0,0.0,,,,,
2024-12-22,CNSHA,USLAX,20ft,3831.394735922724,False,0,CNSHA_USLAX,,False,0,,,,,,,,,,
2024-12-29,INMAA,AEDXB,20ft,2307.1433903682246,False,0,INMAA_AEDXB,,False,0,254000.0,9.3595143536519,True,0.0,0.0,,,,,
2024-12-29,CNSHA,USLAX,20ft,3824.76290416104,False,0,CNSHA_USLAX,,False,0,,,,,,,,,,
2025-01-05,INMAA,AEDXB,20ft,2314.3533184060243,False,0,INMAA_AEDXB,,False,0,255000.0,9.815792435721084,True,0.0,0.0,,,,,
2025-01-05,CNSHA,USLAX,20ft,3837.341577137096,False,0,CNSHA_USLAX,,False,0,,,,,,,,,,
2025-01-12,INMAA,AEDXB,20ft,2327.9514630257263,False,0,INMAA_AEDXB,,False,0,256000.0,7.748538120833427,True,0.0,0.0,,,,,
2025-01-12,CNSHA,USLAX,20ft,3816.316732090047,False,0,CNSHA_USLAX,,False,0,,,,,,,,,,
2025-01-19,INMAA,AEDXB,20ft,2312.304564788248,False,0,INMAA_AEDXB,,False,0,257000.0,6.745508157985441,True,0.0,0.0,,,,,
2025-01-19,CNSHA,USLAX,20ft,3805.092393616993,False,0,CNSHA_USLAX,,False,0,,,,,,,,,,
2025-01-26,INMAA,AEDXB,20ft,2309.8758294621,False,0,INMAA_AEDXB,,False,0,258000.0,11.05725378284754,True,0.0,0.0,,,,,
2025-01-26,CNSHA,USLAX,20ft,3808.635398816825,False,0,CNSHA_USLAX,,False,0,,,,,,,,,,
2025-02-02,INMAA,AEDXB,20ft,2304.195624968642,False,0,INMAA_AEDXB,,False,0,259000.0,10.780866713996629,True,0.0,0.0,,,,,
2025-02-02,CNSHA,USLAX,20ft,3789.939902403039,False,0,CNSHA_USLAX,,False,0,,,,,,,,,,
2025-02-09,INMAA,AEDXB,20ft,2306.662458174205,False,0,INMAA_AEDXB,,False,0,260000.0,6.685726663897712,True,0.0,0.0,,,,,
2025-02-09,CNSHA,USLAX,20ft,3810.425432788808,False,0,CNSHA_USLAX,,False,0,,,,,,,,,,
2025-02-16,INMAA,AEDXB,20ft,2303.8287829794617,False,0,INMAA_AEDXB,,False,0,261000.0,8.645735047274433,True,0.0,0.0,,,,,
2025-02-16,CNSHA,USLAX,20ft,3819.618326014886,False,0,CNSHA_USLAX,,False,0,,,,,,,,,,
2025-02-23,INMAA,AEDXB,20ft,2308.728587360208,False,0,INMAA_AEDXB,,False,0,262000.0,11.436578374702377,True,0.0,0.0,,,,,
2025-02-23,CNSHA,USLAX,20ft,3829.421713387717,False,0,CNSHA_USLAX,,False,0,,,,,,,,,,
2025-03-02,INMAA,AEDXB,20ft,2305.548309368011,False,0,INMAA_AEDXB,,False,0,263000.0,11.775988334538848,True,0.0,0.0,,,,,
2025-03-02,CNSHA,USLAX,20ft,3807.071564169733,False,0,CNSHA_USLAX,,False,0,,,,,,,,,,
2025-03-09,INMAA,AEDXB,20ft,2322.38802693174,False,0,INMAA_AEDXB,,False,0,264000.0,11.279483720972614,True,0.0,0.0,,,,,
2025-03-09,CNSHA,USLAX,20ft,3813.5699064450737,False,0,CNSHA_USLAX,,False,0,,,,,,,,,,
2025-03-16,INMAA,AEDXB,20ft,2325.0198428635804,False,0,INMAA_AEDXB,,False,0,265000.0,12.240495588887145,True,0.0,0.0,,,,,
2025-03-16,CNSHA,USLAX,20ft,3811.148000831373,False,0,CNSHA_USLAX,,False,0,,,,,,,,,,
2025-03-23,INMAA,AEDXB,20ft,2318.45364153437,False,0,INMAA_AEDXB,,False,0,266000.0,4.877549000883858,True,0.0,0.0,,,,,
2025-03-23,CNSHA,USLAX,20ft,3830.902534591433,False,0,CNSHA_USLAX,,False,0,,,,,,,,,,
2025-03-30,INMAA,AEDXB,20ft,2341.9675498981155,False,0,INMAA_AEDXB,,False,0,267000.0,8.91381606808473,True,0.0,0.0,,,,,
2025-03-30,CNSHA,USLAX,20ft,3854.6601334354746,False,0,CNSHA_USLAX,,False,0,,,,,,,,,,
2025-04-06,INMAA,AEDXB,20ft,2346.2621552785554,False,0,INMAA_AEDXB,,False,0,268000.0,5.7904656654518725,True,0.0,0.0,,,,,
2025-04-06,CNSHA,USLAX,20ft,3842.795235195521,False,0,CNSHA_USLAX,,False,0,,,,,,,,,,
2025-04-13,INMAA,AEDXB,20ft,2392.3423962148486,False,0,INMAA_AEDXB,,False,0,269000.0,6.746999441141856,True,0.0,0.0,,,,,
2025-04-13,CNSHA,USLAX,20ft,3871.8978861726855,False,0,CNSHA_USLAX,,False,0,,,,,,,,,,
2025-04-20,INMAA,AEDXB,20ft,2373.0741414118456,False,0,INMAA_AEDXB,,False,0,270000.0,9.8007070521122,True,0.0,0.0,,,,,
2025-04-20,CNSHA,USLAX,20ft,3890.893992459076,False,0,CNSHA_USLAX,,False,0,,,,,,,,,,
2025-04-27,INMAA,AEDXB,20ft,2369.3970486520884,False,0,INMAA_AEDXB,,False,0,271000.0,12.448681662430433,True,0.0,0.0,,,,,
2025-04-27,CNSHA,USLAX,20ft,3884.7805208371583,False,0,CNSHA_USLAX,,False,0,,,,,,,,,,
2025-05-04,INMAA,AEDXB,20ft,2385.86314723903,False,0,INMAA_AEDXB,,False,0,272000.0,7.537032830291366,True,0.0,0.0,,,,,
2025-05-04,CNSHA,USLAX,20ft,3887.3621355222376,False,0,CNSHA_USLAX,,False,0,,,,,,,,,,
2025-05-11,INMAA,AEDXB,20ft,2396.4021640072965,False,0,INMAA_AEDXB,,False,0,273000.0,7.9889448014912094,True,0.0,0.0,,,,,
2025-05-11,CNSHA,USLAX,20ft,3890.627477102096,False,0,CNSHA_USLAX,,False,0,,,,,,,,,,
2025-05-18,INMAA,AEDXB,20ft,2404.568753931093,False,0,INMAA_AEDXB,,False,0,274000.0,5.723981959236071,True,0.0,0.0,,,,,
2025-05-18,CNSHA,USLAX,20ft,3908.110648315914,False,0,CNSHA_USLAX,,False,0,,,,,,,,,,
2025-05-25,INMAA,AEDXB,20ft,2415.1581463576435,False,0,INMAA_AEDXB,,False,0,275000.0,10.449965711959036,True,0.0,0.0,,,,,
2025-05-25,CNSHA,USLAX,20ft,3917.0471264313937,False,0,CNSHA_USLAX,,False,0,,,,,,,,,,
2025-06-01,INMAA,AEDXB,20ft,2440.435184585806,False,0,INMAA_AEDXB,,False,0,276000.0,9.910017144250858,True,0.0,0.0,,,,,
2025-06-01,CNSHA,USLAX,20ft,3924.980149306597,False,0,CNSHA_USLAX,,False,0,,,,,,,,,,
2025-06-08,INMAA,AEDXB,20ft,2424.486533283163,False,0,INMAA_AEDXB,,False,0,277000.0,11.609434856456174,True,0.0,0.0,,,,,
2025-06-08,CNSHA,USLAX,20ft,3956.949568624429,False,0,CNSHA_USLAX,,False,0,,,,,,,,,,
2025-06-15,INMAA,AEDXB,20ft,2453.267858849181,False,0,INMAA_AEDXB,,False,0,278000.0,8.51125899808515,True,0.0,0.0,,,,,
2025-06-15,CNSHA,USLAX,20ft,3940.030228133028,False,0,CNSHA_USLAX,,False,0,,,,,,,,,,
2025-06-22,INMAA,AEDXB,20ft,2472.1679838189816,False,0,INMAA_AEDXB,,False,0,279000.0,9.411043640697905,True,0.0,0.0,,,,,
2025-06-22,CNSHA,USLAX,20ft,3967.941686610572,False,0,CNSHA_USLAX,,False,0,,,,,,,,,,
2025-06-29,INMAA,AEDXB,20ft,2463.214981848228,False,0,INMAA_AEDXB,,False,0,280000.0,10.378252191035305,True,0.0,0.0,,,,,
2025-06-29,CNSHA,USLAX,20ft,3970.913081332145,False,0,CNSHA_USLAX,,False,0,,,,,,,,,,
2025-07-06,INMAA,AEDXB,20ft,2487.364671849365,False,0,INMAA_AEDXB,,False,0,281000.0,7.347924481430997,True,0.0,0.0,,,,,
2025-07-06,CNSHA,USLAX,20ft,3983.431264030515,False,0,CNSHA_USLAX,,False,0,,,,,,,,,,
2025-07-13,INMAA,AEDXB,20ft,2491.238703846936,False,0,INMAA_AEDXB,,False,0,282000.0,12.457488573744904,True,0.0,0.0,,,,,
2025-07-13,CNSHA,USLAX,20ft,4000.0392769430855,False,0,CNSHA_USLAX,,False,0,,,,,,,,,,
2025-07-20,INMAA,AEDXB,20ft,2492.6091611071856,False,0,INMAA_AEDXB,,False,0,283000.0,9.149045272269012,True,0.0,0.0,,,,,
2025-07-20,CNSHA,USLAX,20ft,4009.491847994679,False,0,CNSHA_USLAX,,False,0,,,,,,,,,,
2025-07-27,INMAA,AEDXB,20ft,2503.8461170952487,False,0,INMAA_AEDXB,,False,0,284000.0,10.101484849299789,True,0.0,0.0,,,,,
2025-07-27,CNSHA,USLAX,20ft,4009.691935823815,False,0,CNSHA_USLAX,,False,0,,,,,,,,,,
2025-08-03,INMAA,AEDXB,20ft,2509.917518321301,False,0,INMAA_AEDXB,,False,0,285000.0,14.04134503333384,True,0.0,0.0,,,,,
2025-08-03,CNSHA,USLAX,20ft,4018.182985849722,False,0,CNSHA_USLAX,,False,0,,,,,,,,,,
2025-08-10,INMAA,AEDXB,20ft,2525.3704974329125,False,0,INMAA_AEDXB,,False,0,286000.0,8.767068961085048,True,0.0,0.0,,,,,
2025-08-10,CNSHA,USLAX,20ft,4010.303275148807,False,0,CNSHA_USLAX,,False,0,,,,,,,,,,
2025-08-17,INMAA,AEDXB,20ft,2537.9044521419914,False,0,INMAA_AEDXB,,False,0,287000.0,8.232421117980781,True,0.0,0.0,,,,,
2025-08-17,CNSHA,USLAX,20ft,4026.854674156162,False,0,CNSHA_USLAX,,False,0,,,,,,,,,,
2025-08-24,INMAA,AEDXB,20ft,2527.207232522782,False,0,INMAA_AEDXB,,False,0,288000.0,10.23666737330537,True,0.0,0.0,,,,,
2025-08-24,CNSHA,USLAX,20ft,4031.449896592013,False,0,CNSHA_USLAX,,False,0,,,,,,,,,,
2025-08-31,INMAA,AEDXB,20ft,2546.77227823524,False,0,INMAA_AEDXB,,False,0,289000.0,10.896858847813464,True,0.0,0.0,,,,,
2025-08-31,CNSHA,USLAX,20ft,4041.230517223325,False,0,CNSHA_USLAX,,False,0,,,,,,,,,,
2025-09-07,INMAA,AEDXB,20ft,2527.0192609081496,False,0,INMAA_AEDXB,,False,0,290000.0,11.981240476623933,True,0.0,0.0,,,,,
2025-09-07,CNSHA,USLAX,20ft,4045.016126811422,False,0,CNSHA_USLAX,,False,0,,,,,,,,,,
2025-09-14,INMAA,AEDXB,20ft,2529.7192217598918,False,0,INMAA_AEDXB,,False,0,291000.0,11.705519592779178,True,0.0,0.0,,,,,
2025-09-14,CNSHA,USLAX,20ft,4045.031931915159,False,0,CNSHA_USLAX,,False,0,,,,,,,,,,
2025-09-21,INMAA,AEDXB,20ft,2522.36497466384,False,0,INMAA_AEDXB,,False,0,292000.0,9.880834540383033,True,0.0,0.0,,,,,
2025-09-21,CNSHA,USLAX,20ft,4043.494941743739,False,0,CNSHA_USLAX,,False,0,,,,,,,,,,
2025-09-28,INMAA,AEDXB,20ft,2544.637654211745,False,0,INMAA_AEDXB,,False,0,293000.0,10.32621691516826,True,0.0,0.0,,,,,
2025-09-28,CNSHA,USLAX,20ft,4042.652085938865,False,0,CNSHA_USLAX,,False,0,,,,,,,,,,
2025-10-05,INMAA,AEDXB,20ft,2536.191029943449,False,0,INMAA_AEDXB,,False,0,294000.0,10.960790947545656,True,0.0,0.0,,,,,
2025-10-05,CNSHA,USLAX,20ft,4037.521665263134,False,0,CNSHA_USLAX,,False,0,,,,,,,,,,
2025-10-12,INMAA,AEDXB,20ft,2531.8929541686225,False,0,INMAA_AEDXB,,False,0,295000.0,12.061630996757856,True,0.0,0.0,,,,,
2025-10-12,CNSHA,USLAX,20ft,4038.1943082268335,False,0,CNSHA_USLAX,,False,0,,,,,,,,,,
2025-10-19,INMAA,AEDXB,20ft,2540.518247770843,False,0,INMAA_AEDXB,,False,0,296000.0,12.231867845971776,True,0.0,0.0,,,,,
2025-10-19,CNSHA,USLAX,20ft,4043.9368274241338,False,0,CNSHA_USLAX,,False,0,,,,,,,,,,
2025-10-26,INMAA,AEDXB,20ft,2536.766099947268,False,0,INMAA_AEDXB,,False,0,297000.0,10.733755102872731,True,0.0,0.0,,,,,
2025-10-26,CNSHA,USLAX,20ft,4040.0487689750016,False,0,CNSHA_USLAX,,False,0,,,,,,,,,,
2025-11-02,INMAA,AEDXB,20ft,2522.532579563171,False,0,INMAA_AEDXB,,False,0,298000.0,11.120980693459051,True,0.0,0.0,,,,,
2025-11-02,CNSHA,USLAX,20ft,4026.476201978648,False,0,CNSHA_USLAX,,False,0,,,,,,,,,,
2025-11-09,INMAA,AEDXB,20ft,2516.30760475557,False,0,INMAA_AEDXB,,False,0,299000.0,11.041532490475298,True,0.0,0.0,,,,,
2025-11-09,CNSHA,USLAX,20ft,4033.758362356384,False,0,CNSHA_USLAX,,False,0,,,,,,,,,,
