feature,importance
cat__destination_port_AEDXB,0.24768923545405475
num__freight_rate_change_1w,0.1878934766883676
num__freight_rate_usd,0.14117232934011717
num__month,0.11162206220757608
num__week_of_year,0.08764612118329082
num__freight_rate_pct_change_1w,0.07899999915576361
cat__destination_port_USLAX,0.06777774016749591
cat__origin_port_CNSHA,0.056706730507637346
num__freight_rate_rolling_std_4,0.010845151286937606
cat__origin_port_INMAA,0.008764097795700405
num__freight_rate_lag_1,0.0006661215162700422
num__freight_rate_lag_2,0.00014303091363328493
num__freight_rate_pct_change_4w,2.404611331611536e-05
num__freight_rate_rolling_mean_8,1.7449622276947058e-05
num__freight_rate_change_4w,1.2898148917825903e-05
num__port_waiting_hours_origin,4.745761496572756e-06
num__quarter,4.374793828433347e-06
num__freight_rate_lag_4,4.158137507252029e-06
num__freight_rate_rolling_mean_4,3.2074764232643885e-06
num__port_throughput_teu_origin,2.3594999412509396e-06
