Year,Economy,Economy Label,Gross Tonnage,Gross Tonnage Footnote,Gross Tonnage Missing value,Percentage of total all economies,Percentage of total all economies Footnote,Percentage of total all economies Missing value
2014,0000,"World",63662235,,,100,,
2014,5100,"Africa",1763,,,0.00277,,
2014,5110,"Northern Africa",1212,,,0.0019,,
2014,5120,"Sub-Saharan Africa",551,,,0.00087,,
2014,5121,"Eastern Africa",371,,,0.00058,,
2014,5123,"Southern Africa",180,,,0.00028,,
2014,5200,"Americas",475543,,,0.74698,,
2014,5210,"Northern America",231425,,,0.36352,,
2014,5220,"Latin America and the Caribbean",244118,,,0.38346,,
2014,5221,"Caribbean",0,,,0,,
2014,5222,"Central America",0,,,0,,
2014,5223,"South America",244118,,,0.38346,,
2014,5300,"Asia",61384521,,,96.42219,,
2014,5330,"Eastern Asia",58696162,,,92.19934,,
2014,5350,"South-eastern Asia",2406044,,,3.77939,,
2014,5320,"Southern Asia",123599,,,0.19415,,
2014,5340,"Western Asia",158716,,,0.24931,,
2014,5400,"Europe",1789435,,,2.81083,,
2014,5410,"Eastern Europe",431877,,,0.67839,,
2014,5420,"Northern Europe",354090,,,0.5562,,
2014,5430,"Southern Europe",373014,,,0.58593,,
2014,5440,"Western Europe",630454,,,0.99031,,
2014,5500,"Oceania",2445,,,0.00384,,
2014,5520,"Australia and New Zealand",2445,,,0.00384,,
2014,0000u,"World n.e.s.",8528,,,0.0134,,
2014,032,"Argentina",0,,,0,,
2014,036,"Australia",2245,,,0.00353,,
2014,040,"Austria",0,,,0,,
2014,031,"Azerbaijan",0,,,0,,
2014,048,"Bahrain",0,,,0,,
2014,050,"Bangladesh",15220,,,0.02391,,
2014,076,"Brazil",237708,,,0.37339,,
2014,100,"Bulgaria",0,,,0,,
2014,124,"Canada",19312,,,0.03034,,
2014,152,"Chile",5500,,,0.00864,,
2014,156,"China",22851302,,,35.8946,,
2014,344,"China, Hong Kong SAR",6597,,,0.01036,,
2014,158,"China, Taiwan Province of",574208,,,0.90196,,
2014,191,"Croatia",37687,,,0.0592,,
2014,192,"Cuba",0,,,0,,
2014,208,"Denmark",233,,,0.00037,,
2014,218,"Ecuador",0,,,0,,
2014,818,"Egypt",1212,,,0.0019,,
2014,233,"Estonia",0,,,0,,
2014,246,"Finland",101546,,,0.15951,,
2014,250,"France",483,,,0.00076,,
2014,276,"Germany",499217,,,0.78417,,
2014,300,"Greece",0,,,0,,
2014,348,"Hungary",1916,,,0.00301,,
2014,356,"India",93984,,,0.14763,,
2014,360,"Indonesia",66941,,,0.10515,,
2014,364,"Iran (Islamic Republic of)",1523,,,0.00239,,
2014,380,"Italy",303951,,,0.47744,,
2014,392,"Japan",13392130,,,21.03622,,
2014,440,"Lithuania",3134,,,0.00492,,
2014,458,"Malaysia",57513,,,0.09034,,
2014,480,"Mauritius",371,,,0.00058,,
2014,484,"Mexico",0,,,0,,
2014,104,"Myanmar",0,,,0,,
2014,528,"Netherlands (Kingdom of the)",130754,,,0.20539,,
2014,554,"New Zealand",200,,,0.00031,,
2014,578,"Norway",248654,,,0.39058,,
2014,586,"Pakistan",306,,,0.00048,,
2014,600,"Paraguay",0,,,0,,
2014,604,"Peru",910,,,0.00143,,
2014,608,"Philippines",1864658,,,2.92899,,
2014,616,"Poland",54822,,,0.08611,,
2014,620,"Portugal",0,,,0,,
2014,634,"Qatar",495,,,0.00078,,
2014,410,"Republic of Korea",21871925,,,34.3562,,
2014,642,"Romania",329061,,,0.51689,,
2014,643,"Russian Federation",44916,,,0.07055,,
2014,682,"Saudi Arabia",4302,,,0.00676,,
2014,702,"Singapore",79834,,,0.1254,,
2014,710,"South Africa",180,,,0.00028,,
2014,724,"Spain",31376,,,0.04929,,
2014,144,"Sri Lanka",12566,,,0.01974,,
2014,752,"Sweden",0,,,0,,
2014,764,"Thailand",1236,,,0.00194,,
2014,792,"Turkiye",140240,,,0.22029,,
2014,804,"Ukraine",1162,,,0.00183,,
2014,784,"United Arab Emirates",13679,,,0.02149,,
2014,826,"United Kingdom",523,,,0.00082,,
2014,840,"United States",212113,,,0.33318,,
2014,704,"Viet Nam",335862,,,0.52757,,
2014,5600,"Asia and Oceania",61386966,,,96.42603,,
2014,5702,"Northern America and Europe",2020860,,,3.17435,,
2014,5706,"Europe, Northern America, Australia and New Zealand",2023305,,,3.17819,,
2014,5703,"Central and Southern Asia",123599,,,0.19415,,
2014,5704,"Eastern and South-Eastern Asia",61102206,,,95.97873,,
2014,5705,"Western Asia and Northern Africa",159928,,,0.25121,,
2014,1400,"Developing economies",26366347,,,41.41599,,
2014,1410,"Developing economies: Africa",1763,,,0.00277,,
2014,1411,"Developing economies: Northern Africa",1212,,,0.0019,,
2014,1412,"Developing economies: Sub-Saharan Africa",551,,,0.00087,,
2014,1420,"Developing economies: Americas",244118,,,0.38346,,
2014,1460,"Developing economies: Asia and Oceania",26120466,,,41.02977,,
2014,1430,"Developing economies: Asia",26120466,,,41.02977,,
2014,1433,"Developing economies: Eastern Asia",23432107,,,36.80692,,
2014,1435,"Developing economies: South-eastern Asia",2406044,,,3.77939,,
2014,1432,"Developing economies: Southern Asia",123599,,,0.19415,,
2014,1434,"Developing economies: Western Asia",158716,,,0.24931,,
2014,1500,"Developed economies",37287360,,,58.57061,,
2014,1520,"Developed economies: Americas",231425,,,0.36352,,
2014,1560,"Developed economies: Asia and Oceania",35266500,,,55.39626,,
2014,1530,"Developed economies: Asia",35264055,,,55.39242,,
2014,1550,"Developed economies: Oceania",2445,,,0.00384,,
2014,1540,"Developed economies: Europe",1789435,,,2.81083,,
2014,1600,"Developing economies excluding China",3515045,,,5.5214,,
2014,1601,"Developing economies excluding LDCs",26351127,,,41.39209,,
2014,1610,"LDCs (Least developed countries)",15220,,,0.02391,,
2014,1612,"LDCs: Asia",15220,,,0.02391,,
2014,1620,"LLDCs (Landlocked developing countries)",0,,,0,,
2014,1640,"SIDS (Small island developing States) (UN-OHRLLS)",80205,,,0.12599,,
2014,1641,"SIDS: Atlantic and Indian Ocean",371,,,0.00058,,
2014,1642,"SIDS: Caribbean",0,,,0,,
2014,1643,"SIDS: Pacific",79834,,,0.1254,,
2014,2711,"BRICS",23311445,,,36.61738,,
2014,3412,"European Union (2020 …)",1494180,,,2.34704,,
2014,3916,"G20 (Group of Twenty)",59741472,,,93.8413,,
2014,3919,"G-77 (Group of 77)",25645302,,,40.28338,,
2014,3905,"OECD (Organisation for Economic Cooperation and Development)",37020274,,,58.15107,,
2015,0000,"World",67876902,,,100,,
2015,5100,"Africa",3953,,,0.00582,,
2015,5110,"Northern Africa",2934,,,0.00432,,
2015,5120,"Sub-Saharan Africa",1019,,,0.0015,,
2015,5121,"Eastern Africa",0,,,0,,
2015,5123,"Southern Africa",1019,,,0.0015,,
2015,5200,"Americas",762890,,,1.12393,,
2015,5210,"Northern America",356005,,,0.52449,,
2015,5220,"Latin America and the Caribbean",406885,,,0.59945,,
2015,5221,"Caribbean",0,,,0,,
2015,5222,"Central America",1312,,,0.00193,,
2015,5223,"South America",405573,,,0.59751,,
2015,5300,"Asia",65436540,,,96.40472,,
2015,5330,"Eastern Asia",62661869,,,92.31693,,
2015,5350,"South-eastern Asia",2577995,,,3.79804,,
2015,5320,"Southern Asia",65870,,,0.09704,,
2015,5340,"Western Asia",130806,,,0.19271,,
2015,5400,"Europe",1589700,,,2.34203,,
2015,5410,"Eastern Europe",466127,,,0.68672,,
2015,5420,"Northern Europe",285032,,,0.41992,,
2015,5430,"Southern Europe",318148,,,0.46871,,
2015,5440,"Western Europe",520393,,,0.76667,,
2015,5500,"Oceania",6926,,,0.0102,,
2015,5520,"Australia and New Zealand",6926,,,0.0102,,
2015,0000u,"World n.e.s.",76893,,,0.11328,,
2015,032,"Argentina",115,,,0.00017,,
2015,036,"Australia",6488,,,0.00956,,
2015,040,"Austria",191,,,0.00028,,
2015,031,"Azerbaijan",0,,,0,,
2015,048,"Bahrain",0,,,0,,
2015,050,"Bangladesh",22954,,,0.03382,,
2015,076,"Brazil",397166,,,0.58513,,
2015,100,"Bulgaria",2797,,,0.00412,,
2015,124,"Canada",938,,,0.00138,,
2015,152,"Chile",7754,,,0.01142,,
2015,156,"China",25275424,,,37.23715,,
2015,344,"China, Hong Kong SAR",5385,,,0.00793,,
2015,158,"China, Taiwan Province of",724867,,,1.06791,,
2015,191,"Croatia",74810,,,0.11021,,
2015,192,"Cuba",0,,,0,,
2015,208,"Denmark",0,,,0,,
2015,218,"Ecuador",0,,,0,,
2015,818,"Egypt",2934,,,0.00432,,
2015,233,"Estonia",1848,,,0.00272,,
2015,246,"Finland",115054,,,0.1695,,
2015,250,"France",3194,,,0.00471,,
2015,276,"Germany",383355,,,0.56478,,
2015,300,"Greece",4058,,,0.00598,,
2015,348,"Hungary",0,,,0,,
2015,356,"India",30066,,,0.04429,,
2015,360,"Indonesia",121813,,,0.17946,,
2015,364,"Iran (Islamic Republic of)",146,,,0.00022,,
2015,380,"Italy",219455,,,0.32331,,
2015,392,"Japan",12899210,,,19.00383,,
2015,440,"Lithuania",499,,,0.00074,,
2015,458,"Malaysia",61115,,,0.09004,,
2015,480,"Mauritius",0,,,0,,
2015,484,"Mexico",1312,,,0.00193,,
2015,104,"Myanmar",0,,,0,,
2015,528,"Netherlands (Kingdom of the)",133653,,,0.1969,,
2015,554,"New Zealand",438,,,0.00065,,
2015,578,"Norway",167231,,,0.24637,,
2015,586,"Pakistan",0,,,0,,
2015,600,"Paraguay",538,,,0.00079,,
2015,604,"Peru",0,,,0,,
2015,608,"Philippines",1772379,,,2.61117,,
2015,616,"Poland",15119,,,0.02227,,
2015,620,"Portugal",6820,,,0.01005,,
2015,634,"Qatar",882,,,0.0013,,
2015,410,"Republic of Korea",23756983,,,35.0001,,
2015,642,"Romania",403049,,,0.59379,,
2015,643,"Russian Federation",44546,,,0.06563,,
2015,682,"Saudi Arabia",0,,,0,,
2015,702,"Singapore",47004,,,0.06925,,
2015,710,"South Africa",1019,,,0.0015,,
2015,724,"Spain",13005,,,0.01916,,
2015,144,"Sri Lanka",12704,,,0.01872,,
2015,752,"Sweden",0,,,0,,
2015,764,"Thailand",1503,,,0.00221,,
2015,792,"Turkiye",118635,,,0.17478,,
2015,804,"Ukraine",616,,,0.00091,,
2015,784,"United Arab Emirates",11289,,,0.01663,,
2015,826,"United Kingdom",400,,,0.00059,,
2015,840,"United States",355067,,,0.5231,,
2015,704,"Viet Nam",574181,,,0.84592,,
2015,5600,"Asia and Oceania",65443466,,,96.41493,,
2015,5702,"Northern America and Europe",1945705,,,2.86652,,
2015,5706,"Europe, Northern America, Australia and New Zealand",1952631,,,2.87672,,
2015,5703,"Central and Southern Asia",65870,,,0.09704,,
2015,5704,"Eastern and South-Eastern Asia",65239864,,,96.11497,,
2015,5705,"Western Asia and Northern Africa",133740,,,0.19703,,
2015,1400,"Developing economies",29191185,,,43.00607,,
2015,1410,"Developing economies: Africa",3953,,,0.00582,,
2015,1411,"Developing economies: Northern Africa",2934,,,0.00432,,
2015,1412,"Developing economies: Sub-Saharan Africa",1019,,,0.0015,,
2015,1420,"Developing economies: Americas",406885,,,0.59945,,
2015,1460,"Developing economies: Asia and Oceania",28780347,,,42.4008,,
2015,1430,"Developing economies: Asia",28780347,,,42.4008,,
2015,1433,"Developing economies: Eastern Asia",26005676,,,38.313,,
2015,1435,"Developing economies: South-eastern Asia",2577995,,,3.79804,,
2015,1432,"Developing economies: Southern Asia",65870,,,0.09704,,
2015,1434,"Developing economies: Western Asia",130806,,,0.19271,,
2015,1500,"Developed economies",38608824,,,56.88065,,
2015,1520,"Developed economies: Americas",356005,,,0.52449,,
2015,1560,"Developed economies: Asia and Oceania",36663119,,,54.01413,,
2015,1530,"Developed economies: Asia",36656193,,,54.00393,,
2015,1550,"Developed economies: Oceania",6926,,,0.0102,,
2015,1540,"Developed economies: Europe",1589700,,,2.34203,,
2015,1600,"Developing economies excluding China",3915761,,,5.76892,,
2015,1601,"Developing economies excluding LDCs",29168231,,,42.97225,,
2015,1610,"LDCs (Least developed countries)",22954,,,0.03382,,
2015,1612,"LDCs: Asia",22954,,,0.03382,,
2015,1620,"LLDCs (Landlocked developing countries)",538,,,0.00079,,
2015,1640,"SIDS (Small island developing States) (UN-OHRLLS)",47004,,,0.06925,,
2015,1641,"SIDS: Atlantic and Indian Ocean",0,,,0,,
2015,1642,"SIDS: Caribbean",0,,,0,,
2015,1643,"SIDS: Pacific",47004,,,0.06925,,
2015,2711,"BRICS",25884403,,,38.13433,,
2015,3412,"European Union (2020 …)",1376907,,,2.02854,,
2015,3916,"G20 (Group of Twenty)",63615186,,,93.7214,,
2015,3919,"G-77 (Group of 77)",28340986,,,41.75351,,
2015,3905,"OECD (Organisation for Economic Cooperation and Development)",38210707,,,56.29412,,
2016,0000,"World",66782739,,,100,,
2016,5100,"Africa",3929,,,0.00588,,
2016,5110,"Northern Africa",0,,,0,,
2016,5120,"Sub-Saharan Africa",3929,,,0.00588,,
2016,5121,"Eastern Africa",470,,,0.0007,,
2016,5123,"Southern Africa",3459,,,0.00518,,
2016,5200,"Americas",529663,,,0.79311,,
2016,5210,"Northern America",351572,,,0.52644,,
2016,5220,"Latin America and the Caribbean",178091,,,0.26667,,
2016,5221,"Caribbean",946,,,0.00142,,
2016,5222,"Central America",442,,,0.00066,,
2016,5223,"South America",176703,,,0.26459,,
2016,5300,"Asia",63619647,,,95.26361,,
2016,5330,"Eastern Asia",61657209,,,92.32507,,
2016,5350,"South-eastern Asia",1801780,,,2.69797,,
2016,5320,"Southern Asia",46904,,,0.07023,,
2016,5340,"Western Asia",113754,,,0.17033,,
2016,5400,"Europe",2607125,,,3.90389,,
2016,5410,"Eastern Europe",946981,,,1.418,,
2016,5420,"Northern Europe",269236,,,0.40315,,
2016,5430,"Southern Europe",558540,,,0.83635,,
2016,5440,"Western Europe",832368,,,1.24638,,
2016,5500,"Oceania",2070,,,0.0031,,
2016,5520,"Australia and New Zealand",2070,,,0.0031,,
2016,0000u,"World n.e.s.",20305,,,0.0304,,
2016,032,"Argentina",270,,,0.0004,,
2016,036,"Australia",1721,,,0.00258,,
2016,040,"Austria",0,,,0,,
2016,031,"Azerbaijan",947,,,0.00142,,
2016,048,"Bahrain",280,,,0.00042,,
2016,050,"Bangladesh",6099,,,0.00913,,
2016,076,"Brazil",175091,,,0.26218,,
2016,100,"Bulgaria",1708,,,0.00256,,
2016,124,"Canada",480,,,0.00072,,
2016,152,"Chile",442,,,0.00066,,
2016,156,"China",22365449,,,33.48986,,
2016,344,"China, Hong Kong SAR",4212,,,0.00631,,
2016,158,"China, Taiwan Province of",468038,,,0.70084,,
2016,191,"Croatia",74445,,,0.11147,,
2016,192,"Cuba",946,,,0.00142,,
2016,208,"Denmark",24937,,,0.03734,,
2016,218,"Ecuador",200,,,0.0003,,
2016,818,"Egypt",0,,,0,,
2016,233,"Estonia",0,,,0,,
2016,246,"Finland",108085,,,0.16185,,
2016,250,"France",227862,,,0.3412,,
2016,276,"Germany",430671,,,0.64488,,
2016,300,"Greece",9228,,,0.01382,,
2016,348,"Hungary",0,,,0,,
2016,356,"India",37422,,,0.05604,,
2016,360,"Indonesia",71858,,,0.1076,,
2016,364,"Iran (Islamic Republic of)",0,,,0,,
2016,380,"Italy",420501,,,0.62966,,
2016,392,"Japan",13363959,,,20.0111,,
2016,440,"Lithuania",0,,,0,,
2016,458,"Malaysia",30957,,,0.04635,,
2016,480,"Mauritius",470,,,0.0007,,
2016,484,"Mexico",442,,,0.00066,,
2016,104,"Myanmar",0,,,0,,
2016,528,"Netherlands (Kingdom of the)",173835,,,0.2603,,
2016,554,"New Zealand",349,,,0.00052,,
2016,578,"Norway",134762,,,0.20179,,
2016,586,"Pakistan",0,,,0,,
2016,600,"Paraguay",0,,,0,,
2016,604,"Peru",700,,,0.00105,,
2016,608,"Philippines",1204019,,,1.80289,,
2016,616,"Poland",36922,,,0.05529,,
2016,620,"Portugal",0,,,0,,
2016,634,"Qatar",1283,,,0.00192,,
2016,410,"Republic of Korea",25455551,,,38.11696,,
2016,642,"Romania",848255,,,1.27017,,
2016,643,"Russian Federation",58864,,,0.08814,,
2016,682,"Saudi Arabia",0,,,0,,
2016,702,"Singapore",59205,,,0.08865,,
2016,710,"South Africa",3459,,,0.00518,,
2016,724,"Spain",54366,,,0.08141,,
2016,144,"Sri Lanka",3383,,,0.00507,,
2016,752,"Sweden",0,,,0,,
2016,764,"Thailand",229,,,0.00034,,
2016,792,"Turkiye",107215,,,0.16054,,
2016,804,"Ukraine",1232,,,0.00184,,
2016,784,"United Arab Emirates",4029,,,0.00603,,
2016,826,"United Kingdom",1452,,,0.00217,,
2016,840,"United States",351092,,,0.52572,,
2016,704,"Viet Nam",435512,,,0.65213,,
2016,5600,"Asia and Oceania",63621717,,,95.26671,,
2016,5702,"Northern America and Europe",2958697,,,4.43033,,
2016,5706,"Europe, Northern America, Australia and New Zealand",2960767,,,4.43343,,
2016,5703,"Central and Southern Asia",46904,,,0.07023,,
2016,5704,"Eastern and South-Eastern Asia",63458989,,,95.02304,,
2016,5705,"Western Asia and Northern Africa",113754,,,0.17033,,
2016,1400,"Developing economies",24982157,,,37.4081,,
2016,1410,"Developing economies: Africa",3929,,,0.00588,,
2016,1411,"Developing economies: Northern Africa",0,,,0,,
2016,1412,"Developing economies: Sub-Saharan Africa",3929,,,0.00588,,
2016,1420,"Developing economies: Americas",178091,,,0.26667,,
2016,1460,"Developing economies: Asia and Oceania",24800137,,,37.13555,,
2016,1430,"Developing economies: Asia",24800137,,,37.13555,,
2016,1433,"Developing economies: Eastern Asia",22837699,,,34.19701,,
2016,1435,"Developing economies: South-eastern Asia",1801780,,,2.69797,,
2016,1432,"Developing economies: Southern Asia",46904,,,0.07023,,
2016,1434,"Developing economies: Western Asia",113754,,,0.17033,,
2016,1500,"Developed economies",41780277,,,62.56149,,
2016,1520,"Developed economies: Americas",351572,,,0.52644,,
2016,1560,"Developed economies: Asia and Oceania",38821580,,,58.13116,,
2016,1530,"Developed economies: Asia",38819510,,,58.12806,,
2016,1550,"Developed economies: Oceania",2070,,,0.0031,,
2016,1540,"Developed economies: Europe",2607125,,,3.90389,,
2016,1600,"Developing economies excluding China",2616708,,,3.91824,,
2016,1601,"Developing economies excluding LDCs",24976058,,,37.39897,,
2016,1610,"LDCs (Least developed countries)",6099,,,0.00913,,
2016,1612,"LDCs: Asia",6099,,,0.00913,,
2016,1620,"LLDCs (Landlocked developing countries)",947,,,0.00142,,
2016,1640,"SIDS (Small island developing States) (UN-OHRLLS)",60621,,,0.09077,,
2016,1641,"SIDS: Atlantic and Indian Ocean",470,,,0.0007,,
2016,1642,"SIDS: Caribbean",946,,,0.00142,,
2016,1643,"SIDS: Pacific",59205,,,0.08865,,
2016,2711,"BRICS",22716172,,,34.01503,,
2016,3412,"European Union (2020 …)",2410815,,,3.60994,,
2016,3916,"G20 (Group of Twenty)",63073359,,,94.4456,,
2016,3919,"G-77 (Group of 77)",24402250,,,36.53976,,
2016,3905,"OECD (Organisation for Economic Cooperation and Development)",40903872,,,61.24917,,
2017,0000,"World",65712437,,,100,,
2017,5100,"Africa",3461,,,0.00527,,
2017,5110,"Northern Africa",945,,,0.00144,,
2017,5120,"Sub-Saharan Africa",2516,,,0.00383,,
2017,5121,"Eastern Africa",0,,,0,,
2017,5123,"Southern Africa",2516,,,0.00383,,
2017,5200,"Americas",608952,,,0.92669,,
2017,5210,"Northern America",225741,,,0.34353,,
2017,5220,"Latin America and the Caribbean",383211,,,0.58316,,
2017,5221,"Caribbean",0,,,0,,
2017,5222,"Central America",469,,,0.00071,,
2017,5223,"South America",382742,,,0.58245,,
2017,5300,"Asia",62761436,,,95.50922,,
2017,5330,"Eastern Asia",59962997,,,91.25061,,
2017,5350,"South-eastern Asia",2456072,,,3.73761,,
2017,5320,"Southern Asia",194472,,,0.29594,,
2017,5340,"Western Asia",147895,,,0.22506,,
2017,5400,"Europe",2324033,,,3.53667,,
2017,5410,"Eastern Europe",690880,,,1.05137,,
2017,5420,"Northern Europe",242445,,,0.36895,,
2017,5430,"Southern Europe",642017,,,0.97701,,
2017,5440,"Western Europe",748691,,,1.13934,,
2017,5500,"Oceania",11381,,,0.01732,,
2017,5520,"Australia and New Zealand",11381,,,0.01732,,
2017,0000u,"World n.e.s.",3174,,,0.00483,,
2017,032,"Argentina",0,,,0,,
2017,036,"Australia",11032,,,0.01679,,
2017,040,"Austria",0,,,0,,
2017,031,"Azerbaijan",26062,,,0.03966,,
2017,048,"Bahrain",0,,,0,,
2017,050,"Bangladesh",22371,,,0.03404,,
2017,076,"Brazil",377035,,,0.57377,,
2017,100,"Bulgaria",307,,,0.00047,,
2017,124,"Canada",148,,,0.00023,,
2017,152,"Chile",5286,,,0.00804,,
2017,156,"China",23682160,,,36.03908,,
2017,344,"China, Hong Kong SAR",0,,,0,,
2017,158,"China, Taiwan Province of",550502,,,0.83774,,
2017,191,"Croatia",122883,,,0.187,,
2017,192,"Cuba",0,,,0,,
2017,208,"Denmark",0,,,0,,
2017,218,"Ecuador",0,,,0,,
2017,818,"Egypt",945,,,0.00144,,
2017,233,"Estonia",1098,,,0.00167,,
2017,246,"Finland",173136,,,0.26348,,
2017,250,"France",173053,,,0.26335,,
2017,276,"Germany",469633,,,0.71468,,
2017,300,"Greece",2653,,,0.00404,,
2017,348,"Hungary",0,,,0,,
2017,356,"India",96658,,,0.14709,,
2017,360,"Indonesia",65820,,,0.10016,,
2017,364,"Iran (Islamic Republic of)",64121,,,0.09758,,
2017,380,"Italy",469558,,,0.71456,,
2017,392,"Japan",13113388,,,19.95572,,
2017,440,"Lithuania",0,,,0,,
2017,458,"Malaysia",35635,,,0.05423,,
2017,480,"Mauritius",0,,,0,,
2017,484,"Mexico",469,,,0.00071,,
2017,104,"Myanmar",0,,,0,,
2017,528,"Netherlands (Kingdom of the)",106005,,,0.16132,,
2017,554,"New Zealand",349,,,0.00053,,
2017,578,"Norway",68211,,,0.1038,,
2017,586,"Pakistan",0,,,0,,
2017,600,"Paraguay",0,,,0,,
2017,604,"Peru",421,,,0.00064,,
2017,608,"Philippines",1980322,,,3.01362,,
2017,616,"Poland",45599,,,0.06939,,
2017,620,"Portugal",0,,,0,,
2017,634,"Qatar",431,,,0.00066,,
2017,410,"Republic of Korea",22616947,,,34.41806,,
2017,642,"Romania",591265,,,0.89978,,
2017,643,"Russian Federation",52686,,,0.08018,,
2017,682,"Saudi Arabia",0,,,0,,
2017,702,"Singapore",28735,,,0.04373,,
2017,710,"South Africa",2516,,,0.00383,,
2017,724,"Spain",46923,,,0.07141,,
2017,144,"Sri Lanka",11322,,,0.01723,,
2017,752,"Sweden",0,,,0,,
2017,764,"Thailand",742,,,0.00113,,
2017,792,"Turkiye",115404,,,0.17562,,
2017,804,"Ukraine",1023,,,0.00156,,
2017,784,"United Arab Emirates",5998,,,0.00913,,
2017,826,"United Kingdom",0,,,0,,
2017,840,"United States",225593,,,0.3433,,
2017,704,"Viet Nam",344818,,,0.52474,,
2017,5600,"Asia and Oceania",62772817,,,95.52654,,
2017,5702,"Northern America and Europe",2549774,,,3.8802,,
2017,5706,"Europe, Northern America, Australia and New Zealand",2561155,,,3.89752,,
2017,5703,"Central and Southern Asia",194472,,,0.29594,,
2017,5704,"Eastern and South-Eastern Asia",62419069,,,94.98821,,
2017,5705,"Western Asia and Northern Africa",148840,,,0.2265,,
2017,1400,"Developing economies",27417773,,,41.72387,,
2017,1410,"Developing economies: Africa",3461,,,0.00527,,
2017,1411,"Developing economies: Northern Africa",945,,,0.00144,,
2017,1412,"Developing economies: Sub-Saharan Africa",2516,,,0.00383,,
2017,1420,"Developing economies: Americas",383211,,,0.58316,,
2017,1460,"Developing economies: Asia and Oceania",27031101,,,41.13544,,
2017,1430,"Developing economies: Asia",27031101,,,41.13544,,
2017,1433,"Developing economies: Eastern Asia",24232662,,,36.87683,,
2017,1435,"Developing economies: South-eastern Asia",2456072,,,3.73761,,
2017,1432,"Developing economies: Southern Asia",194472,,,0.29594,,
2017,1434,"Developing economies: Western Asia",147895,,,0.22506,,
2017,1500,"Developed economies",38291490,,,58.2713,,
2017,1520,"Developed economies: Americas",225741,,,0.34353,,
2017,1560,"Developed economies: Asia and Oceania",35741716,,,54.3911,,
2017,1530,"Developed economies: Asia",35730335,,,54.37378,,
2017,1550,"Developed economies: Oceania",11381,,,0.01732,,
2017,1540,"Developed economies: Europe",2324033,,,3.53667,,
2017,1600,"Developing economies excluding China",3735613,,,5.68479,,
2017,1601,"Developing economies excluding LDCs",27395402,,,41.68983,,
2017,1610,"LDCs (Least developed countries)",22371,,,0.03404,,
2017,1612,"LDCs: Asia",22371,,,0.03404,,
2017,1620,"LLDCs (Landlocked developing countries)",26062,,,0.03966,,
2017,1640,"SIDS (Small island developing States) (UN-OHRLLS)",28735,,,0.04373,,
2017,1641,"SIDS: Atlantic and Indian Ocean",0,,,0,,
2017,1642,"SIDS: Caribbean",0,,,0,,
2017,1643,"SIDS: Pacific",28735,,,0.04373,,
2017,2711,"BRICS",24347939,,,37.05225,,
2017,3412,"European Union (2020 …)",2202113,,,3.35114,,
2017,3916,"G20 (Group of Twenty)",61472100,,,93.54713,,
2017,3919,"G-77 (Group of 77)",26751398,,,40.70979,,
2017,3905,"OECD (Organisation for Economic Cooperation and Development)",37644485,,,57.2867,,
2018,0000,"World",58045134,,,100,,
2018,5100,"Africa",1178,,,0.00203,,
2018,5110,"Northern Africa",1178,,,0.00203,,
2018,5120,"Sub-Saharan Africa",0,,,0,,
2018,5121,"Eastern Africa",0,,,0,,
2018,5123,"Southern Africa",0,,,0,,
2018,5200,"Americas",440980,,,0.75972,,
2018,5210,"Northern America",207492,,,0.35747,,
2018,5220,"Latin America and the Caribbean",233488,,,0.40225,,
2018,5221,"Caribbean",294,,,0.00051,,
2018,5222,"Central America",0,,,0,,
2018,5223,"South America",233194,,,0.40175,,
2018,5300,"Asia",55554124,,,95.70849,,
2018,5330,"Eastern Asia",52676518,,,90.75096,,
2018,5350,"South-eastern Asia",2730778,,,4.70458,,
2018,5320,"Southern Asia",53261,,,0.09176,,
2018,5340,"Western Asia",93567,,,0.1612,,
2018,5400,"Europe",2028946,,,3.49546,,
2018,5410,"Eastern Europe",189584,,,0.32661,,
2018,5420,"Northern Europe",223195,,,0.38452,,
2018,5430,"Southern Europe",718871,,,1.23847,,
2018,5440,"Western Europe",897296,,,1.54586,,
2018,5500,"Oceania",329,,,0.00057,,
2018,5520,"Australia and New Zealand",329,,,0.00057,,
2018,0000u,"World n.e.s.",19577,,,0.03373,,
2018,032,"Argentina",0,,,0,,
2018,036,"Australia",329,,,0.00057,,
2018,040,"Austria",0,,,0,,
2018,031,"Azerbaijan",0,,,0,,
2018,048,"Bahrain",0,,,0,,
2018,050,"Bangladesh",23726,,,0.04088,,
2018,076,"Brazil",228473,,,0.39361,,
2018,100,"Bulgaria",2201,,,0.00379,,
2018,124,"Canada",5814,,,0.01002,,
2018,152,"Chile",4721,,,0.00813,,
2018,156,"China",23259789,,,40.0719,,
2018,344,"China, Hong Kong SAR",250,,,0.00043,,
2018,158,"China, Taiwan Province of",343131,,,0.59115,,
2018,191,"Croatia",23963,,,0.04128,,
2018,192,"Cuba",294,,,0.00051,,
2018,208,"Denmark",0,,,0,,
2018,218,"Ecuador",0,,,0,,
2018,818,"Egypt",1178,,,0.00203,,
2018,233,"Estonia",0,,,0,,
2018,246,"Finland",138189,,,0.23807,,
2018,250,"France",360243,,,0.62063,,
2018,276,"Germany",478696,,,0.8247,,
2018,300,"Greece",10312,,,0.01777,,
2018,348,"Hungary",0,,,0,,
2018,356,"India",26335,,,0.04537,,
2018,360,"Indonesia",163188,,,0.28114,,
2018,364,"Iran (Islamic Republic of)",0,,,0,,
2018,380,"Italy",477316,,,0.82232,,
2018,392,"Japan",14440056,,,24.87729,,
2018,440,"Lithuania",0,,,0,,
2018,458,"Malaysia",23141,,,0.03987,,
2018,480,"Mauritius",0,,,0,,
2018,484,"Mexico",0,,,0,,
2018,104,"Myanmar",0,,,0,,
2018,528,"Netherlands (Kingdom of the)",58357,,,0.10054,,
2018,554,"New Zealand",0,,,0,,
2018,578,"Norway",84356,,,0.14533,,
2018,586,"Pakistan",0,,,0,,
2018,600,"Paraguay",0,,,0,,
2018,604,"Peru",0,,,0,,
2018,608,"Philippines",1987637,,,3.4243,,
2018,616,"Poland",5660,,,0.00975,,
2018,620,"Portugal",0,,,0,,
2018,634,"Qatar",0,,,0,,
2018,410,"Republic of Korea",14633292,,,25.2102,,
2018,642,"Romania",99135,,,0.17079,,
2018,643,"Russian Federation",82588,,,0.14228,,
2018,682,"Saudi Arabia",0,,,0,,
2018,702,"Singapore",72184,,,0.12436,,
2018,710,"South Africa",0,,,0,,
2018,724,"Spain",207280,,,0.3571,,
2018,144,"Sri Lanka",3200,,,0.00551,,
2018,752,"Sweden",150,,,0.00026,,
2018,764,"Thailand",3698,,,0.00637,,
2018,792,"Turkiye",90717,,,0.15629,,
2018,804,"Ukraine",0,,,0,,
2018,784,"United Arab Emirates",2850,,,0.00491,,
2018,826,"United Kingdom",500,,,0.00086,,
2018,840,"United States",201678,,,0.34745,,
2018,704,"Viet Nam",480930,,,0.82854,,
2018,5600,"Asia and Oceania",55554453,,,95.70906,,
2018,5702,"Northern America and Europe",2236438,,,3.85293,,
2018,5706,"Europe, Northern America, Australia and New Zealand",2236767,,,3.8535,,
2018,5703,"Central and Southern Asia",53261,,,0.09176,,
2018,5704,"Eastern and South-Eastern Asia",55407296,,,95.45554,,
2018,5705,"Western Asia and Northern Africa",94745,,,0.16323,,
2018,1400,"Developing economies",26715442,,,46.02529,,
2018,1410,"Developing economies: Africa",1178,,,0.00203,,
2018,1411,"Developing economies: Northern Africa",1178,,,0.00203,,
2018,1412,"Developing economies: Sub-Saharan Africa",0,,,0,,
2018,1420,"Developing economies: Americas",233488,,,0.40225,,
2018,1460,"Developing economies: Asia and Oceania",26480776,,,45.62101,,
2018,1430,"Developing economies: Asia",26480776,,,45.62101,,
2018,1433,"Developing economies: Eastern Asia",23603170,,,40.66348,,
2018,1435,"Developing economies: South-eastern Asia",2730778,,,4.70458,,
2018,1432,"Developing economies: Southern Asia",53261,,,0.09176,,
2018,1434,"Developing economies: Western Asia",93567,,,0.1612,,
2018,1500,"Developed economies",31310115,,,53.94098,,
2018,1520,"Developed economies: Americas",207492,,,0.35747,,
2018,1560,"Developed economies: Asia and Oceania",29073677,,,50.08805,,
2018,1530,"Developed economies: Asia",29073348,,,50.08749,,
2018,1550,"Developed economies: Oceania",329,,,0.00057,,
2018,1540,"Developed economies: Europe",2028946,,,3.49546,,
2018,1600,"Developing economies excluding China",3455653,,,5.95339,,
2018,1601,"Developing economies excluding LDCs",26691716,,,45.98442,,
2018,1610,"LDCs (Least developed countries)",23726,,,0.04088,,
2018,1612,"LDCs: Asia",23726,,,0.04088,,
2018,1620,"LLDCs (Landlocked developing countries)",0,,,0,,
2018,1640,"SIDS (Small island developing States) (UN-OHRLLS)",72478,,,0.12486,,
2018,1641,"SIDS: Atlantic and Indian Ocean",0,,,0,,
2018,1642,"SIDS: Caribbean",294,,,0.00051,,
2018,1643,"SIDS: Pacific",72184,,,0.12436,,
2018,2711,"BRICS",23764401,,,40.94125,,
2018,3412,"European Union (2020 …)",1861502,,,3.20699,,
2018,3916,"G20 (Group of Twenty)",54449014,,,93.80461,,
2018,3919,"G-77 (Group of 77)",26281344,,,45.27743,,
2018,3905,"OECD (Organisation for Economic Cooperation and Development)",31197666,,,53.74725,,
2019,0000,"World",65910572,,,100,,
2019,5100,"Africa",1585,,,0.0024,,
2019,5110,"Northern Africa",1431,,,0.00217,,
2019,5120,"Sub-Saharan Africa",154,,,0.00023,,
2019,5121,"Eastern Africa",0,,,0,,
2019,5123,"Southern Africa",154,,,0.00023,,
2019,5200,"Americas",283918,,,0.43076,,
2019,5210,"Northern America",131880,,,0.20009,,
2019,5220,"Latin America and the Caribbean",152038,,,0.23067,,
2019,5221,"Caribbean",0,,,0,,
2019,5222,"Central America",2721,,,0.00413,,
2019,5223,"South America",149317,,,0.22654,,
2019,5300,"Asia",63199154,,,95.88622,,
2019,5330,"Eastern Asia",61391881,,,93.14421,,
2019,5350,"South-eastern Asia",1575894,,,2.39096,,
2019,5320,"Southern Asia",81819,,,0.12414,,
2019,5340,"Western Asia",149560,,,0.22691,,
2019,5400,"Europe",2326154,,,3.52926,,
2019,5410,"Eastern Europe",140945,,,0.21384,,
2019,5420,"Northern Europe",538027,,,0.8163,,
2019,5430,"Southern Europe",763722,,,1.15872,,
2019,5440,"Western Europe",883460,,,1.34039,,
2019,5500,"Oceania",31459,,,0.04773,,
2019,5520,"Australia and New Zealand",31459,,,0.04773,,
2019,0000u,"World n.e.s.",68302,,,0.10363,,
2019,032,"Argentina",0,,,0,,
2019,036,"Australia",31459,,,0.04773,,
2019,040,"Austria",0,,,0,,
2019,031,"Azerbaijan",0,,,0,,
2019,048,"Bahrain",0,,,0,,
2019,050,"Bangladesh",56798,,,0.08617,,
2019,076,"Brazil",142898,,,0.21681,,
2019,100,"Bulgaria",2134,,,0.00324,,
2019,124,"Canada",465,,,0.00071,,
2019,152,"Chile",6014,,,0.00912,,
2019,156,"China",23074209,,,35.00836,,
2019,344,"China, Hong Kong SAR",1476,,,0.00224,,
2019,158,"China, Taiwan Province of",403904,,,0.61281,,
2019,191,"Croatia",26722,,,0.04054,,
2019,192,"Cuba",0,,,0,,
2019,208,"Denmark",1792,,,0.00272,,
2019,218,"Ecuador",0,,,0,,
2019,818,"Egypt",1431,,,0.00217,,
2019,233,"Estonia",977,,,0.00148,,
2019,246,"Finland",334879,,,0.50808,,
2019,250,"France",353139,,,0.53579,,
2019,276,"Germany",487267,,,0.73929,,
2019,300,"Greece",6867,,,0.01042,,
2019,348,"Hungary",0,,,0,,
2019,356,"India",20717,,,0.03143,,
2019,360,"Indonesia",110028,,,0.16694,,
2019,364,"Iran (Islamic Republic of)",665,,,0.00101,,
2019,380,"Italy",527024,,,0.7996,,
2019,392,"Japan",16241929,,,24.64237,,
2019,440,"Lithuania",0,,,0,,
2019,458,"Malaysia",22645,,,0.03436,,
2019,480,"Mauritius",0,,,0,,
2019,484,"Mexico",2721,,,0.00413,,
2019,104,"Myanmar",121,,,0.00018,,
2019,528,"Netherlands (Kingdom of the)",43054,,,0.06532,,
2019,554,"New Zealand",0,,,0,,
2019,578,"Norway",198365,,,0.30096,,
2019,586,"Pakistan",0,,,0,,
2019,600,"Paraguay",405,,,0.00061,,
2019,604,"Peru",0,,,0,,
2019,608,"Philippines",802366,,,1.21736,,
2019,616,"Poland",3475,,,0.00527,,
2019,620,"Portugal",9923,,,0.01506,,
2019,634,"Qatar",0,,,0,,
2019,410,"Republic of Korea",21670363,,,32.87843,,
2019,642,"Romania",34680,,,0.05262,,
2019,643,"Russian Federation",99662,,,0.15121,,
2019,682,"Saudi Arabia",0,,,0,,
2019,702,"Singapore",84858,,,0.12875,,
2019,710,"South Africa",154,,,0.00023,,
2019,724,"Spain",193186,,,0.2931,,
2019,144,"Sri Lanka",3639,,,0.00552,,
2019,752,"Sweden",0,,,0,,
2019,764,"Thailand",795,,,0.00121,,
2019,792,"Turkiye",146931,,,0.22292,,
2019,804,"Ukraine",994,,,0.00151,,
2019,784,"United Arab Emirates",2629,,,0.00399,,
2019,826,"United Kingdom",2014,,,0.00306,,
2019,840,"United States",131415,,,0.19938,,
2019,704,"Viet Nam",555081,,,0.84217,,
2019,5600,"Asia and Oceania",63230613,,,95.93395,,
2019,5702,"Northern America and Europe",2458034,,,3.72935,,
2019,5706,"Europe, Northern America, Australia and New Zealand",2489493,,,3.77708,,
2019,5703,"Central and Southern Asia",81819,,,0.12414,,
2019,5704,"Eastern and South-Eastern Asia",62967775,,,95.53517,,
2019,5705,"Western Asia and Northern Africa",150991,,,0.22908,,
2019,1400,"Developing economies",25440485,,,38.59849,,
2019,1410,"Developing economies: Africa",1585,,,0.0024,,
2019,1411,"Developing economies: Northern Africa",1431,,,0.00217,,
2019,1412,"Developing economies: Sub-Saharan Africa",154,,,0.00023,,
2019,1420,"Developing economies: Americas",152038,,,0.23067,,
2019,1460,"Developing economies: Asia and Oceania",25286862,,,38.36541,,
2019,1430,"Developing economies: Asia",25286862,,,38.36541,,
2019,1433,"Developing economies: Eastern Asia",23479589,,,35.6234,,
2019,1435,"Developing economies: South-eastern Asia",1575894,,,2.39096,,
2019,1432,"Developing economies: Southern Asia",81819,,,0.12414,,
2019,1434,"Developing economies: Western Asia",149560,,,0.22691,,
2019,1500,"Developed economies",40401785,,,61.29788,,
2019,1520,"Developed economies: Americas",131880,,,0.20009,,
2019,1560,"Developed economies: Asia and Oceania",37943751,,,57.56854,,
2019,1530,"Developed economies: Asia",37912292,,,57.52081,,
2019,1550,"Developed economies: Oceania",31459,,,0.04773,,
2019,1540,"Developed economies: Europe",2326154,,,3.52926,,
2019,1600,"Developing economies excluding China",2366276,,,3.59013,,
2019,1601,"Developing economies excluding LDCs",25383566,,,38.51213,,
2019,1610,"LDCs (Least developed countries)",56919,,,0.08636,,
2019,1612,"LDCs: Asia",56919,,,0.08636,,
2019,1620,"LLDCs (Landlocked developing countries)",405,,,0.00061,,
2019,1640,"SIDS (Small island developing States) (UN-OHRLLS)",84858,,,0.12875,,
2019,1641,"SIDS: Atlantic and Indian Ocean",0,,,0,,
2019,1642,"SIDS: Caribbean",0,,,0,,
2019,1643,"SIDS: Pacific",84858,,,0.12875,,
2019,2711,"BRICS",23452393,,,35.58214,,
2019,3412,"European Union (2020 …)",2025119,,,3.07253,,
2019,3916,"G20 (Group of Twenty)",63042395,,,95.64838,,
2019,3919,"G-77 (Group of 77)",24885453,,,37.75639,,
2019,3905,"OECD (Organisation for Economic Cooperation and Development)",40393259,,,61.28495,,
2020,0000,"World",57764893,,,100,,
2020,5100,"Africa",2589,,,0.00448,,
2020,5110,"Northern Africa",2364,,,0.00409,,
2020,5120,"Sub-Saharan Africa",225,,,0.00039,,
2020,5121,"Eastern Africa",0,,,0,,
2020,5123,"Southern Africa",225,,,0.00039,,
2020,5200,"Americas",74271,,,0.12857,,
2020,5210,"Northern America",71289,,,0.12341,,
2020,5220,"Latin America and the Caribbean",2982,,,0.00516,,
2020,5221,"Caribbean",0,,,0,,
2020,5222,"Central America",0,,,0,,
2020,5223,"South America",2982,,,0.00516,,
2020,5300,"Asia",56004770,,,96.95295,,
2020,5330,"Eastern Asia",54561575,,,94.45456,,
2020,5350,"South-eastern Asia",1221204,,,2.11409,,
2020,5320,"Southern Asia",106600,,,0.18454,,
2020,5340,"Western Asia",115391,,,0.19976,,
2020,5400,"Europe",1668709,,,2.88879,,
2020,5410,"Eastern Europe",291465,,,0.50457,,
2020,5420,"Northern Europe",259161,,,0.44865,,
2020,5430,"Southern Europe",588550,,,1.01887,,
2020,5440,"Western Europe",529533,,,0.9167,,
2020,5500,"Oceania",11671,,,0.0202,,
2020,5520,"Australia and New Zealand",11671,,,0.0202,,
2020,0000u,"World n.e.s.",2883,,,0.00499,,
2020,032,"Argentina",0,,,0,,
2020,036,"Australia",11497,,,0.0199,,
2020,040,"Austria",0,,,0,,
2020,031,"Azerbaijan",8728,,,0.01511,,
2020,048,"Bahrain",0,,,0,,
2020,050,"Bangladesh",85349,,,0.14775,,
2020,076,"Brazil",2982,,,0.00516,,
2020,100,"Bulgaria",0,,,0,,
2020,124,"Canada",0,,,0,,
2020,152,"Chile",0,,,0,,
2020,156,"China",23257200,,,40.26182,,
2020,344,"China, Hong Kong SAR",492,,,0.00085,,
2020,158,"China, Taiwan Province of",302617,,,0.52388,,
2020,191,"Croatia",35613,,,0.06165,,
2020,192,"Cuba",0,,,0,,
2020,208,"Denmark",0,,,0,,
2020,218,"Ecuador",0,,,0,,
2020,818,"Egypt",2364,,,0.00409,,
2020,233,"Estonia",0,,,0,,
2020,246,"Finland",181808,,,0.31474,,
2020,250,"France",132141,,,0.22876,,
2020,276,"Germany",288228,,,0.49897,,
2020,300,"Greece",0,,,0,,
2020,348,"Hungary",0,,,0,,
2020,356,"India",21251,,,0.03679,,
2020,360,"Indonesia",36388,,,0.06299,,
2020,364,"Iran (Islamic Republic of)",0,,,0,,
2020,380,"Italy",518236,,,0.89715,,
2020,392,"Japan",12827375,,,22.20618,,
2020,440,"Lithuania",0,,,0,,
2020,458,"Malaysia",21697,,,0.03756,,
2020,480,"Mauritius",0,,,0,,
2020,484,"Mexico",0,,,0,,
2020,104,"Myanmar",0,,,0,,
2020,528,"Netherlands (Kingdom of the)",109164,,,0.18898,,
2020,554,"New Zealand",174,,,0.0003,,
2020,578,"Norway",76642,,,0.13268,,
2020,586,"Pakistan",0,,,0,,
2020,600,"Paraguay",0,,,0,,
2020,604,"Peru",0,,,0,,
2020,608,"Philippines",608211,,,1.05291,,
2020,616,"Poland",13839,,,0.02396,,
2020,620,"Portugal",7823,,,0.01354,,
2020,634,"Qatar",0,,,0,,
2020,410,"Republic of Korea",18173891,,,31.46183,,
2020,642,"Romania",35783,,,0.06195,,
2020,643,"Russian Federation",241843,,,0.41867,,
2020,682,"Saudi Arabia",0,,,0,,
2020,702,"Singapore",9667,,,0.01674,,
2020,710,"South Africa",225,,,0.00039,,
2020,724,"Spain",26878,,,0.04653,,
2020,144,"Sri Lanka",0,,,0,,
2020,752,"Sweden",0,,,0,,
2020,764,"Thailand",542,,,0.00094,,
2020,792,"Turkiye",103119,,,0.17852,,
2020,804,"Ukraine",0,,,0,,
2020,784,"United Arab Emirates",3544,,,0.00614,,
2020,826,"United Kingdom",711,,,0.00123,,
2020,840,"United States",71289,,,0.12341,,
2020,704,"Viet Nam",544699,,,0.94296,,
2020,5600,"Asia and Oceania",56016441,,,96.97316,,
2020,5702,"Northern America and Europe",1739998,,,3.01221,,
2020,5706,"Europe, Northern America, Australia and New Zealand",1751669,,,3.03241,,
2020,5703,"Central and Southern Asia",106600,,,0.18454,,
2020,5704,"Eastern and South-Eastern Asia",55782779,,,96.56865,,
2020,5705,"Western Asia and Northern Africa",117755,,,0.20385,,
2020,1400,"Developing economies",25009075,,,43.29459,,
2020,1410,"Developing economies: Africa",2589,,,0.00448,,
2020,1411,"Developing economies: Northern Africa",2364,,,0.00409,,
2020,1412,"Developing economies: Sub-Saharan Africa",225,,,0.00039,,
2020,1420,"Developing economies: Americas",2982,,,0.00516,,
2020,1460,"Developing economies: Asia and Oceania",25003504,,,43.28495,,
2020,1430,"Developing economies: Asia",25003504,,,43.28495,,
2020,1433,"Developing economies: Eastern Asia",23560309,,,40.78655,,
2020,1435,"Developing economies: South-eastern Asia",1221204,,,2.11409,,
2020,1432,"Developing economies: Southern Asia",106600,,,0.18454,,
2020,1434,"Developing economies: Western Asia",115391,,,0.19976,,
2020,1500,"Developed economies",32752935,,,56.70042,,
2020,1520,"Developed economies: Americas",71289,,,0.12341,,
2020,1560,"Developed economies: Asia and Oceania",31012937,,,53.68821,,
2020,1530,"Developed economies: Asia",31001266,,,53.66801,,
2020,1550,"Developed economies: Oceania",11671,,,0.0202,,
2020,1540,"Developed economies: Europe",1668709,,,2.88879,,
2020,1600,"Developing economies excluding China",1751875,,,3.03277,,
2020,1601,"Developing economies excluding LDCs",24923726,,,43.14684,,
2020,1610,"LDCs (Least developed countries)",85349,,,0.14775,,
2020,1612,"LDCs: Asia",85349,,,0.14775,,
2020,1620,"LLDCs (Landlocked developing countries)",8728,,,0.01511,,
2020,1640,"SIDS (Small island developing States) (UN-OHRLLS)",9667,,,0.01674,,
2020,1641,"SIDS: Atlantic and Indian Ocean",0,,,0,,
2020,1642,"SIDS: Caribbean",0,,,0,,
2020,1643,"SIDS: Pacific",9667,,,0.01674,,
2020,2711,"BRICS",23565797,,,40.79605,,
2020,3412,"European Union (2020 …)",1349513,,,2.33622,,
2020,3916,"G20 (Group of Twenty)",55686376,,,96.40176,,
2020,3919,"G-77 (Group of 77)",24602847,,,42.59135,,
2020,3905,"OECD (Organisation for Economic Cooperation and Development)",32542815,,,56.33667,,
2021,0000,"World",60779648,,,100,,
2021,5100,"Africa",4445,,,0.00731,,
2021,5110,"Northern Africa",3990,,,0.00656,,
2021,5120,"Sub-Saharan Africa",455,,,0.00075,,
2021,5121,"Eastern Africa",0,,,0,,
2021,5123,"Southern Africa",455,,,0.00075,,
2021,5200,"Americas",33445,,,0.05503,,
2021,5210,"Northern America",32483,,,0.05344,,
2021,5220,"Latin America and the Caribbean",962,,,0.00158,,
2021,5221,"Caribbean",0,,,0,,
2021,5222,"Central America",0,,,0,,
2021,5223,"South America",962,,,0.00158,,
2021,5300,"Asia",58823754,,,96.78199,,
2021,5330,"Eastern Asia",57457661,,,94.53438,,
2021,5350,"South-eastern Asia",1109065,,,1.82473,,
2021,5320,"Southern Asia",114143,,,0.1878,,
2021,5340,"Western Asia",142885,,,0.23509,,
2021,5400,"Europe",1858568,,,3.05788,,
2021,5410,"Eastern Europe",223287,,,0.36737,,
2021,5420,"Northern Europe",392875,,,0.64639,,
2021,5430,"Southern Europe",564481,,,0.92873,,
2021,5440,"Western Europe",677925,,,1.11538,,
2021,5500,"Oceania",18939,,,0.03116,,
2021,5520,"Australia and New Zealand",18939,,,0.03116,,
2021,0000u,"World n.e.s.",40497,,,0.06663,,
2021,032,"Argentina",0,,,0,,
2021,036,"Australia",18939,,,0.03116,,
2021,040,"Austria",0,,,0,,
2021,031,"Azerbaijan",5371,,,0.00884,,
2021,048,"Bahrain",0,,,0,,
2021,050,"Bangladesh",37954,,,0.06245,,
2021,076,"Brazil",0,,,0,,
2021,100,"Bulgaria",0,,,0,,
2021,124,"Canada",140,,,0.00023,,
2021,152,"Chile",0,,,0,,
2021,156,"China",26863204,,,44.1977,,
2021,344,"China, Hong Kong SAR",970,,,0.0016,,
2021,158,"China, Taiwan Province of",179971,,,0.2961,,
2021,191,"Croatia",26415,,,0.04346,,
2021,192,"Cuba",0,,,0,,
2021,208,"Denmark",925,,,0.00152,,
2021,218,"Ecuador",0,,,0,,
2021,818,"Egypt",3990,,,0.00656,,
2021,233,"Estonia",0,,,0,,
2021,246,"Finland",221100,,,0.36377,,
2021,250,"France",177290,,,0.29169,,
2021,276,"Germany",382735,,,0.62971,,
2021,300,"Greece",4312,,,0.00709,,
2021,348,"Hungary",0,,,0,,
2021,356,"India",72137,,,0.11869,,
2021,360,"Indonesia",64473,,,0.10608,,
2021,364,"Iran (Islamic Republic of)",1076,,,0.00177,,
2021,380,"Italy",498889,,,0.82082,,
2021,392,"Japan",10726209,,,17.6477,,
2021,440,"Lithuania",7984,,,0.01314,,
2021,458,"Malaysia",20919,,,0.03442,,
2021,480,"Mauritius",0,,,0,,
2021,484,"Mexico",0,,,0,,
2021,104,"Myanmar",0,,,0,,
2021,528,"Netherlands (Kingdom of the)",117900,,,0.19398,,
2021,554,"New Zealand",0,,,0,,
2021,578,"Norway",147257,,,0.24228,,
2021,586,"Pakistan",0,,,0,,
2021,600,"Paraguay",962,,,0.00158,,
2021,604,"Peru",0,,,0,,
2021,608,"Philippines",643456,,,1.05867,,
2021,616,"Poland",17033,,,0.02802,,
2021,620,"Portugal",9923,,,0.01633,,
2021,634,"Qatar",0,,,0,,
2021,410,"Republic of Korea",19687307,,,32.39128,,
2021,642,"Romania",70560,,,0.11609,,
2021,643,"Russian Federation",135694,,,0.22326,,
2021,682,"Saudi Arabia",0,,,0,,
2021,702,"Singapore",7725,,,0.01271,,
2021,710,"South Africa",455,,,0.00075,,
2021,724,"Spain",24942,,,0.04104,,
2021,144,"Sri Lanka",2976,,,0.0049,,
2021,752,"Sweden",0,,,0,,
2021,764,"Thailand",0,,,0,,
2021,792,"Turkiye",132471,,,0.21795,,
2021,804,"Ukraine",0,,,0,,
2021,784,"United Arab Emirates",5043,,,0.0083,,
2021,826,"United Kingdom",15609,,,0.02568,,
2021,840,"United States",32343,,,0.05321,,
2021,704,"Viet Nam",372492,,,0.61286,,
2021,5600,"Asia and Oceania",58842693,,,96.81315,,
2021,5702,"Northern America and Europe",1891051,,,3.11132,,
2021,5706,"Europe, Northern America, Australia and New Zealand",1909990,,,3.14248,,
2021,5703,"Central and Southern Asia",114143,,,0.1878,,
2021,5704,"Eastern and South-Eastern Asia",58566726,,,96.35911,,
2021,5705,"Western Asia and Northern Africa",146875,,,0.24165,,
2021,1400,"Developing economies",28415645,,,46.75191,,
2021,1410,"Developing economies: Africa",4445,,,0.00731,,
2021,1411,"Developing economies: Northern Africa",3990,,,0.00656,,
2021,1412,"Developing economies: Sub-Saharan Africa",455,,,0.00075,,
2021,1420,"Developing economies: Americas",962,,,0.00158,,
2021,1460,"Developing economies: Asia and Oceania",28410238,,,46.74301,,
2021,1430,"Developing economies: Asia",28410238,,,46.74301,,
2021,1433,"Developing economies: Eastern Asia",27044145,,,44.4954,,
2021,1435,"Developing economies: South-eastern Asia",1109065,,,1.82473,,
2021,1432,"Developing economies: Southern Asia",114143,,,0.1878,,
2021,1434,"Developing economies: Western Asia",142885,,,0.23509,,
2021,1500,"Developed economies",32323506,,,53.18146,,
2021,1520,"Developed economies: Americas",32483,,,0.05344,,
2021,1560,"Developed economies: Asia and Oceania",30432455,,,50.07014,,
2021,1530,"Developed economies: Asia",30413516,,,50.03898,,
2021,1550,"Developed economies: Oceania",18939,,,0.03116,,
2021,1540,"Developed economies: Europe",1858568,,,3.05788,,
2021,1600,"Developing economies excluding China",1552441,,,2.55421,,
2021,1601,"Developing economies excluding LDCs",28377691,,,46.68946,,
2021,1610,"LDCs (Least developed countries)",37954,,,0.06245,,
2021,1612,"LDCs: Asia",37954,,,0.06245,,
2021,1620,"LLDCs (Landlocked developing countries)",6333,,,0.01042,,
2021,1640,"SIDS (Small island developing States) (UN-OHRLLS)",7725,,,0.01271,,
2021,1641,"SIDS: Atlantic and Indian Ocean",0,,,0,,
2021,1642,"SIDS: Caribbean",0,,,0,,
2021,1643,"SIDS: Pacific",7725,,,0.01271,,
2021,2711,"BRICS",27146072,,,44.6631,,
2021,3412,"European Union (2020 …)",1560008,,,2.56666,,
2021,3916,"G20 (Group of Twenty)",58807895,,,96.7559,,
2021,3919,"G-77 (Group of 77)",28102233,,,46.23625,,
2021,3905,"OECD (Organisation for Economic Cooperation and Development)",32223308,,,53.01661,,
2022,0000,"World",55579678,,,100,,
2022,5100,"Africa",1157,,,0.00208,,
2022,5110,"Northern Africa",926,,,0.00167,,
2022,5120,"Sub-Saharan Africa",231,,,0.00042,,
2022,5121,"Eastern Africa",0,,,0,,
2022,5123,"Southern Africa",231,,,0.00042,,
2022,5200,"Americas",87962,,,0.15826,,
2022,5210,"Northern America",72809,,,0.131,,
2022,5220,"Latin America and the Caribbean",15153,,,0.02726,,
2022,5221,"Caribbean",0,,,0,,
2022,5222,"Central America",938,,,0.00169,,
2022,5223,"South America",14215,,,0.02558,,
2022,5300,"Asia",52984103,,,95.32999,,
2022,5330,"Eastern Asia",51733961,,,93.08071,,
2022,5350,"South-eastern Asia",1069011,,,1.92338,,
2022,5320,"Southern Asia",86393,,,0.15544,,
2022,5340,"Western Asia",94738,,,0.17045,,
2022,5400,"Europe",2464335,,,4.43388,,
2022,5410,"Eastern Europe",280207,,,0.50415,,
2022,5420,"Northern Europe",321712,,,0.57883,,
2022,5430,"Southern Europe",869781,,,1.56493,,
2022,5440,"Western Europe",992635,,,1.78597,,
2022,5500,"Oceania",3718,,,0.00669,,
2022,5520,"Australia and New Zealand",3718,,,0.00669,,
2022,0000u,"World n.e.s.",38403,,,0.0691,,
2022,032,"Argentina",0,,,0,,
2022,036,"Australia",3718,,,0.00669,,
2022,040,"Austria",0,,,0,,
2022,031,"Azerbaijan",13894,,,0.025,,
2022,048,"Bahrain",0,,,0,,
2022,050,"Bangladesh",41995,,,0.07556,,
2022,076,"Brazil",9292,,,0.01672,,
2022,100,"Bulgaria",0,,,0,,
2022,124,"Canada",130,,,0.00023,,
2022,152,"Chile",1423,,,0.00256,,
2022,156,"China",25893611,,,46.58827,,
2022,344,"China, Hong Kong SAR",542,,,0.00098,,
2022,158,"China, Taiwan Province of",496,,,0.00089,,
2022,170,"Colombia",3500,,,0.0063,,
2022,191,"Croatia",80759,,,0.1453,,
2022,192,"Cuba",0,,,0,,
2022,208,"Denmark",0,,,0,,
2022,218,"Ecuador",0,,,0,,
2022,818,"Egypt",926,,,0.00167,,
2022,233,"Estonia",102,,,0.00018,,
2022,246,"Finland",244767,,,0.44039,,
2022,250,"France",593546,,,1.06792,,
2022,276,"Germany",320581,,,0.5768,,
2022,300,"Greece",732,,,0.00132,,
2022,348,"Hungary",0,,,0,,
2022,356,"India",39997,,,0.07196,,
2022,360,"Indonesia",42661,,,0.07676,,
2022,364,"Iran (Islamic Republic of)",794,,,0.00143,,
2022,380,"Italy",730956,,,1.31515,,
2022,392,"Japan",9585299,,,17.24605,,
2022,440,"Lithuania",0,,,0,,
2022,458,"Malaysia",27769,,,0.04996,,
2022,480,"Mauritius",0,,,0,,
2022,484,"Mexico",938,,,0.00169,,
2022,104,"Myanmar",0,,,0,,
2022,528,"Netherlands (Kingdom of the)",78508,,,0.14125,,
2022,554,"New Zealand",0,,,0,,
2022,578,"Norway",76738,,,0.13807,,
2022,586,"Pakistan",0,,,0,,
2022,600,"Paraguay",0,,,0,,
2022,604,"Peru",0,,,0,,
2022,608,"Philippines",395586,,,0.71175,,
2022,616,"Poland",2693,,,0.00485,,
2022,620,"Portugal",9934,,,0.01787,,
2022,634,"Qatar",0,,,0,,
2022,410,"Republic of Korea",16254013,,,29.24453,,
2022,642,"Romania",25000,,,0.04498,,
2022,643,"Russian Federation",251722,,,0.4529,,
2022,682,"Saudi Arabia",0,,,0,,
2022,702,"Singapore",157798,,,0.28391,,
2022,710,"South Africa",231,,,0.00042,,
2022,724,"Spain",47400,,,0.08528,,
2022,144,"Sri Lanka",3607,,,0.00649,,
2022,752,"Sweden",105,,,0.00019,,
2022,764,"Thailand",1164,,,0.00209,,
2022,792,"Turkiye",77700,,,0.1398,,
2022,804,"Ukraine",792,,,0.00142,,
2022,784,"United Arab Emirates",3144,,,0.00566,,
2022,826,"United Kingdom",0,,,0,,
2022,840,"United States",72679,,,0.13077,,
2022,704,"Viet Nam",444033,,,0.79891,,
2022,5600,"Asia and Oceania",52987821,,,95.33668,,
2022,5702,"Northern America and Europe",2537144,,,4.56488,,
2022,5706,"Europe, Northern America, Australia and New Zealand",2540862,,,4.57157,,
2022,5703,"Central and Southern Asia",86393,,,0.15544,,
2022,5704,"Eastern and South-Eastern Asia",52802972,,,95.0041,,
2022,5705,"Western Asia and Northern Africa",95664,,,0.17212,,
2022,1400,"Developing economies",27161101,,,48.86876,,
2022,1410,"Developing economies: Africa",1157,,,0.00208,,
2022,1411,"Developing economies: Northern Africa",926,,,0.00167,,
2022,1412,"Developing economies: Sub-Saharan Africa",231,,,0.00042,,
2022,1420,"Developing economies: Americas",15153,,,0.02726,,
2022,1460,"Developing economies: Asia and Oceania",27144791,,,48.83942,,
2022,1430,"Developing economies: Asia",27144791,,,48.83942,,
2022,1433,"Developing economies: Eastern Asia",25894649,,,46.59014,,
2022,1435,"Developing economies: South-eastern Asia",1069011,,,1.92338,,
2022,1432,"Developing economies: Southern Asia",86393,,,0.15544,,
2022,1434,"Developing economies: Western Asia",94738,,,0.17045,,
2022,1500,"Developed economies",28380174,,,51.06214,,
2022,1520,"Developed economies: Americas",72809,,,0.131,,
2022,1560,"Developed economies: Asia and Oceania",25843030,,,46.49726,,
2022,1530,"Developed economies: Asia",25839312,,,46.49058,,
2022,1550,"Developed economies: Oceania",3718,,,0.00669,,
2022,1540,"Developed economies: Europe",2464335,,,4.43388,,
2022,1600,"Developing economies excluding China",1267490,,,2.28049,,
2022,1601,"Developing economies excluding LDCs",27119106,,,48.7932,,
2022,1610,"LDCs (Least developed countries)",41995,,,0.07556,,
2022,1612,"LDCs: Asia",41995,,,0.07556,,
2022,1620,"LLDCs (Landlocked developing countries)",13894,,,0.025,,
2022,1640,"SIDS (Small island developing States) (UN-OHRLLS)",157798,,,0.28391,,
2022,1641,"SIDS: Atlantic and Indian Ocean",0,,,0,,
2022,1642,"SIDS: Caribbean",0,,,0,,
2022,1643,"SIDS: Pacific",157798,,,0.28391,,
2022,2711,"BRICS",26242378,,,47.21578,,
2022,3412,"European Union (2020 …)",2135083,,,3.84148,,
2022,3916,"G20 (Group of Twenty)",53877074,,,96.93664,,
2022,3919,"G-77 (Group of 77)",27081425,,,48.72541,,
2022,3905,"OECD (Organisation for Economic Cooperation and Development)",28105462,,,50.56787,,
2023,0000,"World",64774769,,,100,,
2023,5100,"Africa",2541,,,0.00392,,
2023,5110,"Northern Africa",1328,,,0.00205,,
2023,5120,"Sub-Saharan Africa",1213,,,0.00187,,
2023,5121,"Eastern Africa",878,,,0.00136,,
2023,5123,"Southern Africa",335,,,0.00052,,
2023,5200,"Americas",67158,,,0.10368,,
2023,5210,"Northern America",64809,,,0.10005,,
2023,5220,"Latin America and the Caribbean",2349,,,0.00363,,
2023,5221,"Caribbean",0,,,0,,
2023,5222,"Central America",0,,,0,,
2023,5223,"South America",2349,,,0.00363,,
2023,5300,"Asia",63031941,,,97.3094,,
2023,5330,"Eastern Asia",61330488,,,94.68268,,
2023,5350,"South-eastern Asia",1458499,,,2.25165,,
2023,5320,"Southern Asia",157122,,,0.24257,,
2023,5340,"Western Asia",85832,,,0.13251,,
2023,5400,"Europe",1623926,,,2.50703,,
2023,5410,"Eastern Europe",182249,,,0.28136,,
2023,5420,"Northern Europe",290237,,,0.44807,,
2023,5430,"Southern Europe",444498,,,0.68622,,
2023,5440,"Western Europe",706942,,,1.09138,,
2023,5500,"Oceania",4301,,,0.00664,,
2023,5520,"Australia and New Zealand",4301,,,0.00664,,
2023,0000u,"World n.e.s.",44902,,,0.06932,,
2023,032,"Argentina",0,,,0,,
2023,036,"Australia",4301,,,0.00664,,
2023,040,"Austria",0,,,0,,
2023,031,"Azerbaijan",0,,,0,,
2023,048,"Bahrain",0,,,0,,
2023,050,"Bangladesh",36919,,,0.057,,
2023,076,"Brazil",2186,,,0.00337,,
2023,100,"Bulgaria",0,,,0,,
2023,124,"Canada",0,,,0,,
2023,152,"Chile",0,,,0,,
2023,156,"China",32859862,,,50.72942,,
2023,344,"China, Hong Kong SAR",0,,,0,,
2023,158,"China, Taiwan Province of",187558,,,0.28955,,
2023,170,"Colombia",163,,,0.00025,,
2023,191,"Croatia",18594,,,0.02871,,
2023,192,"Cuba",0,,,0,,
2023,208,"Denmark",474,,,0.00073,,
2023,218,"Ecuador",0,,,0,,
2023,818,"Egypt",1328,,,0.00205,,
2023,233,"Estonia",400,,,0.00062,,
2023,246,"Finland",261654,,,0.40394,,
2023,250,"France",326680,,,0.50433,,
2023,276,"Germany",289666,,,0.44719,,
2023,300,"Greece",686,,,0.00106,,
2023,348,"Hungary",0,,,0,,
2023,356,"India",40459,,,0.06246,,
2023,360,"Indonesia",75979,,,0.1173,,
2023,364,"Iran (Islamic Republic of)",64760,,,0.09998,,
2023,380,"Italy",402164,,,0.62087,,
2023,392,"Japan",9965182,,,15.38436,,
2023,440,"Lithuania",0,,,0,,
2023,458,"Malaysia",29543,,,0.04561,,
2023,480,"Mauritius",878,,,0.00136,,
2023,484,"Mexico",0,,,0,,
2023,104,"Myanmar",0,,,0,,
2023,528,"Netherlands (Kingdom of the)",90596,,,0.13986,,
2023,554,"New Zealand",0,,,0,,
2023,578,"Norway",27709,,,0.04278,,
2023,586,"Pakistan",0,,,0,,
2023,600,"Paraguay",0,,,0,,
2023,604,"Peru",0,,,0,,
2023,608,"Philippines",805938,,,1.24422,,
2023,616,"Poland",474,,,0.00073,,
2023,620,"Portugal",225,,,0.00035,,
2023,634,"Qatar",0,,,0,,
2023,410,"Republic of Korea",18317886,,,28.27935,,
2023,642,"Romania",465,,,0.00072,,
2023,643,"Russian Federation",177571,,,0.27414,,
2023,682,"Saudi Arabia",0,,,0,,
2023,702,"Singapore",33599,,,0.05187,,
2023,710,"South Africa",335,,,0.00052,,
2023,724,"Spain",22829,,,0.03524,,
2023,144,"Sri Lanka",14984,,,0.02313,,
2023,752,"Sweden",0,,,0,,
2023,764,"Thailand",360,,,0.00056,,
2023,792,"Turkiye",79032,,,0.12201,,
2023,804,"Ukraine",3739,,,0.00577,,
2023,784,"United Arab Emirates",6800,,,0.0105,,
2023,826,"United Kingdom",0,,,0,,
2023,840,"United States",64809,,,0.10005,,
2023,704,"Viet Nam",513080,,,0.7921,,
2023,5600,"Asia and Oceania",63036242,,,97.31604,,
2023,5702,"Northern America and Europe",1688735,,,2.60709,,
2023,5706,"Europe, Northern America, Australia and New Zealand",1693036,,,2.61373,,
2023,5703,"Central and Southern Asia",157122,,,0.24257,,
2023,5704,"Eastern and South-Eastern Asia",62788987,,,96.93433,,
2023,5705,"Western Asia and Northern Africa",87160,,,0.13456,,
2023,1400,"Developing economies",34753763,,,53.65324,,
2023,1410,"Developing economies: Africa",2541,,,0.00392,,
2023,1411,"Developing economies: Northern Africa",1328,,,0.00205,,
2023,1412,"Developing economies: Sub-Saharan Africa",1213,,,0.00187,,
2023,1420,"Developing economies: Americas",2349,,,0.00363,,
2023,1460,"Developing economies: Asia and Oceania",34748873,,,53.64569,,
2023,1430,"Developing economies: Asia",34748873,,,53.64569,,
2023,1433,"Developing economies: Eastern Asia",33047420,,,51.01897,,
2023,1435,"Developing economies: South-eastern Asia",1458499,,,2.25165,,
2023,1432,"Developing economies: Southern Asia",157122,,,0.24257,,
2023,1434,"Developing economies: Western Asia",85832,,,0.13251,,
2023,1500,"Developed economies",29976104,,,46.27744,,
2023,1520,"Developed economies: Americas",64809,,,0.10005,,
2023,1560,"Developed economies: Asia and Oceania",28287369,,,43.67035,,
2023,1530,"Developed economies: Asia",28283068,,,43.66371,,
2023,1550,"Developed economies: Oceania",4301,,,0.00664,,
2023,1540,"Developed economies: Europe",1623926,,,2.50703,,
2023,1600,"Developing economies excluding China",1893901,,,2.92383,,
2023,1601,"Developing economies excluding LDCs",34716844,,,53.59625,,
2023,1610,"LDCs (Least developed countries)",36919,,,0.057,,
2023,1612,"LDCs: Asia",36919,,,0.057,,
2023,1620,"LLDCs (Landlocked developing countries)",0,,,0,,
2023,1640,"SIDS (Small island developing States) (UN-OHRLLS)",34477,,,0.05323,,
2023,1641,"SIDS: Atlantic and Indian Ocean",878,,,0.00136,,
2023,1642,"SIDS: Caribbean",0,,,0,,
2023,1643,"SIDS: Pacific",33599,,,0.05187,,
2023,2711,"BRICS",33229280,,,51.29973,,
2023,3412,"European Union (2020 …)",1414907,,,2.18435,,
2023,3916,"G20 (Group of Twenty)",62606112,,,96.652,,
2023,3919,"G-77 (Group of 77)",34487173,,,53.24168,,
2023,3905,"OECD (Organisation for Economic Cooperation and Development)",29854930,,,46.09037,,
2024,0000,"World",71690983,,,100,,
2024,5100,"Africa",19297,,,0.02692,,
2024,5110,"Northern Africa",19297,,,0.02692,,
2024,5120,"Sub-Saharan Africa",0,,,0,,
2024,5121,"Eastern Africa",0,,,0,,
2024,5123,"Southern Africa",0,,,0,,
2024,5200,"Americas",38664,,,0.05393,,
2024,5210,"Northern America",30782,,,0.04294,,
2024,5220,"Latin America and the Caribbean",7882,,,0.01099,,
2024,5221,"Caribbean",0,,,0,,
2024,5222,"Central America",469,,,0.00065,,
2024,5223,"South America",7413,,,0.01034,,
2024,5300,"Asia",70098542,,,97.77874,,
2024,5330,"Eastern Asia",68259000,,,95.21281,,
2024,5350,"South-eastern Asia",1687685,,,2.35411,,
2024,5320,"Southern Asia",58758,,,0.08196,,
2024,5340,"Western Asia",93099,,,0.12986,,
2024,5400,"Europe",1465548,,,2.04426,,
2024,5410,"Eastern Europe",120499,,,0.16808,,
2024,5420,"Northern Europe",198113,,,0.27634,,
2024,5430,"Southern Europe",524835,,,0.73208,,
2024,5440,"Western Europe",622101,,,0.86775,,
2024,5500,"Oceania",663,,,0.00092,,
2024,5520,"Australia and New Zealand",663,,,0.00092,,
2024,0000u,"World n.e.s.",68269,,,0.09523,,
2024,032,"Argentina",0,,,0,,
2024,036,"Australia",663,,,0.00092,,
2024,040,"Austria",0,,,0,,
2024,031,"Azerbaijan",5371,,,0.00749,,
2024,048,"Bahrain",0,,,0,,
2024,050,"Bangladesh",5478,,,0.00764,,
2024,076,"Brazil",5287,,,0.00737,,
2024,100,"Bulgaria",0,,,0,,
2024,124,"Canada",0,,,0,,
2024,152,"Chile",2025,,,0.00282,,
2024,156,"China",39118358,,,54.56524,,
2024,344,"China, Hong Kong SAR",9982,,,0.01392,,
2024,158,"China, Taiwan Province of",37346,,,0.05209,,
2024,170,"Colombia",0,,,0,,
2024,191,"Croatia",0,,,0,,
2024,192,"Cuba",0,,,0,,
2024,208,"Denmark",0,,,0,,
2024,218,"Ecuador",0,,,0,,
2024,818,"Egypt",19297,,,0.02692,,
2024,233,"Estonia",101,,,0.00014,,
2024,246,"Finland",162177,,,0.22622,,
2024,250,"France",289196,,,0.40339,,
2024,276,"Germany",189970,,,0.26498,,
2024,300,"Greece",4918,,,0.00686,,
2024,348,"Hungary",0,,,0,,
2024,356,"India",40923,,,0.05708,,
2024,360,"Indonesia",99345,,,0.13857,,
2024,364,"Iran (Islamic Republic of)",1881,,,0.00262,,
2024,380,"Italy",455590,,,0.63549,,
2024,392,"Japan",9002442,,,12.55729,,
2024,440,"Lithuania",0,,,0,,
2024,458,"Malaysia",38789,,,0.05411,,
2024,480,"Mauritius",0,,,0,,
2024,484,"Mexico",469,,,0.00065,,
2024,104,"Myanmar",0,,,0,,
2024,528,"Netherlands (Kingdom of the)",142935,,,0.19938,,
2024,554,"New Zealand",0,,,0,,
2024,578,"Norway",28443,,,0.03967,,
2024,586,"Pakistan",0,,,0,,
2024,600,"Paraguay",0,,,0,,
2024,604,"Peru",0,,,0,,
2024,608,"Philippines",668207,,,0.93207,,
2024,616,"Poland",571,,,0.0008,,
2024,620,"Portugal",0,,,0,,
2024,634,"Qatar",0,,,0,,
2024,410,"Republic of Korea",20090872,,,28.02427,,
2024,642,"Romania",22233,,,0.03101,,
2024,643,"Russian Federation",97695,,,0.13627,,
2024,682,"Saudi Arabia",1493,,,0.00208,,
2024,702,"Singapore",160460,,,0.22382,,
2024,710,"South Africa",0,,,0,,
2024,724,"Spain",64327,,,0.08973,,
2024,144,"Sri Lanka",10476,,,0.01461,,
2024,752,"Sweden",0,,,0,,
2024,764,"Thailand",0,,,0,,
2024,792,"Turkiye",83437,,,0.11638,,
2024,804,"Ukraine",0,,,0,,
2024,784,"United Arab Emirates",2798,,,0.0039,,
2024,826,"United Kingdom",7392,,,0.01031,,
2024,840,"United States",30782,,,0.04294,,
2024,862,"Venezuela (Bolivarian Rep. of)",101,,,0.00014,,
2024,704,"Viet Nam",720884,,,1.00554,,
2024,5600,"Asia and Oceania",70099205,,,97.77967,,
2024,5702,"Northern America and Europe",1496330,,,2.08719,,
2024,5706,"Europe, Northern America, Australia and New Zealand",1496993,,,2.08812,,
2024,5703,"Central and Southern Asia",58758,,,0.08196,,
2024,5704,"Eastern and South-Eastern Asia",69946685,,,97.56692,,
2024,5705,"Western Asia and Northern Africa",112396,,,0.15678,,
2024,1400,"Developing economies",41032407,,,57.2351,,
2024,1410,"Developing economies: Africa",19297,,,0.02692,,
2024,1411,"Developing economies: Northern Africa",19297,,,0.02692,,
2024,1412,"Developing economies: Sub-Saharan Africa",0,,,0,,
2024,1420,"Developing economies: Americas",7882,,,0.01099,,
2024,1460,"Developing economies: Asia and Oceania",41005228,,,57.19719,,
2024,1430,"Developing economies: Asia",41005228,,,57.19719,,
2024,1433,"Developing economies: Eastern Asia",39165686,,,54.63126,,
2024,1435,"Developing economies: South-eastern Asia",1687685,,,2.35411,,
2024,1432,"Developing economies: Southern Asia",58758,,,0.08196,,
2024,1434,"Developing economies: Western Asia",93099,,,0.12986,,
2024,1500,"Developed economies",30590307,,,42.66967,,
2024,1520,"Developed economies: Americas",30782,,,0.04294,,
2024,1560,"Developed economies: Asia and Oceania",29093977,,,40.58248,,
2024,1530,"Developed economies: Asia",29093314,,,40.58155,,
2024,1550,"Developed economies: Oceania",663,,,0.00092,,
2024,1540,"Developed economies: Europe",1465548,,,2.04426,,
2024,1600,"Developing economies excluding China",1914049,,,2.66986,,
2024,1601,"Developing economies excluding LDCs",41026929,,,57.22746,,
2024,1610,"LDCs (Least developed countries)",5478,,,0.00764,,
2024,1612,"LDCs: Asia",5478,,,0.00764,,
2024,1620,"LLDCs (Landlocked developing countries)",5371,,,0.00749,,
2024,1640,"SIDS (Small island developing States) (UN-OHRLLS)",160460,,,0.22382,,
2024,1641,"SIDS: Atlantic and Indian Ocean",0,,,0,,
2024,1642,"SIDS: Caribbean",0,,,0,,
2024,1643,"SIDS: Pacific",160460,,,0.22382,,
2024,2711,"BRICS",39385584,,,54.93799,,
2024,3412,"European Union (2020 …)",1332018,,,1.858,,
2024,3916,"G20 (Group of Twenty)",69513914,,,96.96326,,
2024,3919,"G-77 (Group of 77)",40901173,,,57.05205,,
2024,3905,"OECD (Organisation for Economic Cooperation and Development)",30556310,,,42.62225,,
2025,0000,"World",77283947,,,100,,
2025,5100,"Africa",1209,,,0.00156,,
2025,5110,"Northern Africa",1209,,,0.00156,,
2025,5120,"Sub-Saharan Africa",0,,,0,,
2025,5121,"Eastern Africa",0,,,0,,
2025,5123,"Southern Africa",0,,,0,,
2025,5200,"Americas",31477,,,0.04073,,
2025,5210,"Northern America",25172,,,0.03257,,
2025,5220,"Latin America and the Caribbean",6305,,,0.00816,,
2025,5221,"Caribbean",0,,,0,,
2025,5222,"Central America",4469,,,0.00578,,
2025,5223,"South America",1836,,,0.00238,,
2025,5300,"Asia",74862903,,,96.86734,,
2025,5330,"Eastern Asia",72848671,,,94.26106,,
2025,5350,"South-eastern Asia",1772216,,,2.29312,,
2025,5320,"Southern Asia",81626,,,0.10562,,
2025,5340,"Western Asia",160390,,,0.20753,,
2025,5400,"Europe",2332301,,,3.01783,,
2025,5410,"Eastern Europe",315189,,,0.40783,,
2025,5420,"Northern Europe",357097,,,0.46206,,
2025,5430,"Southern Europe",708375,,,0.91659,,
2025,5440,"Western Europe",951640,,,1.23136,,
2025,5500,"Oceania",165,,,0.00021,,
2025,5520,"Australia and New Zealand",165,,,0.00021,,
2025,0000u,"World n.e.s.",55892,,,0.07232,,
2025,032,"Argentina",0,,,0,,
2025,036,"Australia",165,,,0.00021,,
2025,040,"Austria",0,,,0,,
2025,031,"Azerbaijan",0,,,0,,
2025,048,"Bahrain",0,,,0,,
2025,050,"Bangladesh",12119,,,0.01568,,
2025,076,"Brazil",1836,,,0.00238,,
2025,100,"Bulgaria",0,,,0,,
2025,124,"Canada",0,,,0,,
2025,152,"Chile",0,,,0,,
2025,156,"China",41595055,,,53.82108,,
2025,344,"China, Hong Kong SAR",4928,,,0.00638,,
2025,158,"China, Taiwan Province of",326,,,0.00042,,
2025,170,"Colombia",0,,,0,,
2025,191,"Croatia",23786,,,0.03078,,
2025,192,"Cuba",0,,,0,,
2025,208,"Denmark",331,,,0.00043,,
2025,218,"Ecuador",0,,,0,,
2025,818,"Egypt",1209,,,0.00156,,
2025,233,"Estonia",277,,,0.00036,,
2025,246,"Finland",296657,,,0.38385,,
2025,250,"France",408810,,,0.52897,,
2025,276,"Germany",434320,,,0.56198,,
2025,300,"Greece",5522,,,0.00715,,
2025,348,"Hungary",0,,,0,,
2025,356,"India",57637,,,0.07458,,
2025,360,"Indonesia",187404,,,0.24249,,
2025,364,"Iran (Islamic Republic of)",1394,,,0.0018,,
2025,380,"Italy",647783,,,0.83819,,
2025,392,"Japan",10116457,,,13.08998,,
2025,440,"Lithuania",0,,,0,,
2025,458,"Malaysia",47043,,,0.06087,,
2025,480,"Mauritius",0,,,0,,
2025,484,"Mexico",4469,,,0.00578,,
2025,104,"Myanmar",0,,,0,,
2025,528,"Netherlands (Kingdom of the)",108510,,,0.1404,,
2025,554,"New Zealand",0,,,0,,
2025,578,"Norway",59489,,,0.07697,,
2025,586,"Pakistan",0,,,0,,
2025,600,"Paraguay",0,,,0,,
2025,604,"Peru",0,,,0,,
2025,608,"Philippines",639475,,,0.82744,,
2025,616,"Poland",48627,,,0.06292,,
2025,620,"Portugal",9923,,,0.01284,,
2025,634,"Qatar",0,,,0,,
2025,410,"Republic of Korea",21131905,,,27.3432,,
2025,642,"Romania",54355,,,0.07033,,
2025,643,"Russian Federation",212207,,,0.27458,,
2025,682,"Saudi Arabia",0,,,0,,
2025,702,"Singapore",6254,,,0.00809,,
2025,710,"South Africa",0,,,0,,
2025,724,"Spain",21361,,,0.02764,,
2025,144,"Sri Lanka",10476,,,0.01356,,
2025,752,"Sweden",0,,,0,,
2025,764,"Thailand",0,,,0,,
2025,792,"Turkiye",151891,,,0.19654,,
2025,804,"Ukraine",0,,,0,,
2025,784,"United Arab Emirates",8499,,,0.011,,
2025,826,"United Kingdom",343,,,0.00044,,
2025,840,"United States",25172,,,0.03257,,
2025,862,"Venezuela (Bolivarian Rep. of)",0,,,0,,
2025,704,"Viet Nam",892040,,,1.15424,,
2025,5600,"Asia and Oceania",74863068,,,96.86755,,
2025,5702,"Northern America and Europe",2357473,,,3.0504,,
2025,5706,"Europe, Northern America, Australia and New Zealand",2357638,,,3.05062,,
2025,5703,"Central and Southern Asia",81626,,,0.10562,,
2025,5704,"Eastern and South-Eastern Asia",74620887,,,96.55419,,
2025,5705,"Western Asia and Northern Africa",161599,,,0.2091,,
2025,1400,"Developing economies",43622055,,,56.44388,,
2025,1410,"Developing economies: Africa",1209,,,0.00156,,
2025,1411,"Developing economies: Northern Africa",1209,,,0.00156,,
2025,1412,"Developing economies: Sub-Saharan Africa",0,,,0,,
2025,1420,"Developing economies: Americas",6305,,,0.00816,,
2025,1460,"Developing economies: Asia and Oceania",43614541,,,56.43415,,
2025,1430,"Developing economies: Asia",43614541,,,56.43415,,
2025,1433,"Developing economies: Eastern Asia",41600309,,,53.82788,,
2025,1435,"Developing economies: South-eastern Asia",1772216,,,2.29312,,
2025,1432,"Developing economies: Southern Asia",81626,,,0.10562,,
2025,1434,"Developing economies: Western Asia",160390,,,0.20753,,
2025,1500,"Developed economies",33606000,,,43.4838,,
2025,1520,"Developed economies: Americas",25172,,,0.03257,,
2025,1560,"Developed economies: Asia and Oceania",31248527,,,40.4334,,
2025,1530,"Developed economies: Asia",31248362,,,40.43319,,
2025,1550,"Developed economies: Oceania",165,,,0.00021,,
2025,1540,"Developed economies: Europe",2332301,,,3.01783,,
2025,1600,"Developing economies excluding China",2027000,,,2.6228,,
2025,1601,"Developing economies excluding LDCs",43609936,,,56.42819,,
2025,1610,"LDCs (Least developed countries)",12119,,,0.01568,,
2025,1612,"LDCs: Asia",12119,,,0.01568,,
2025,1620,"LLDCs (Landlocked developing countries)",0,,,0,,
2025,1640,"SIDS (Small island developing States) (UN-OHRLLS)",6254,,,0.00809,,
2025,1641,"SIDS: Atlantic and Indian Ocean",0,,,0,,
2025,1642,"SIDS: Caribbean",0,,,0,,
2025,1643,"SIDS: Pacific",6254,,,0.00809,,
2025,2711,"BRICS",42065241,,,54.42947,,
2025,3412,"European Union (2020 …)",2060262,,,2.66583,,
2025,3916,"G20 (Group of Twenty)",74975454,,,97.01297,,
2025,3919,"G-77 (Group of 77)",43460441,,,56.23476,,
2025,3905,"OECD (Organisation for Economic Cooperation and Development)",33472012,,,43.31043,,
