date,origin_port,destination_port,container_type,freight_rate_usd,is_duplicate_x,is_outlier_freight_rate_usd,route,oil_price,is_duplicate_y,is_outlier_oil_price,port_throughput_teu_origin,port_waiting_hours_origin,is_duplicate_origin,is_outlier_port_waiting_hours_origin,is_outlier_port_throughput_teu_origin,port_throughput_teu_dest,port_waiting_hours_dest,is_duplicate_dest,is_outlier_port_waiting_hours_dest,is_outlier_port_throughput_teu_dest,year,month,quarter,week_of_year,day_of_week,freight_rate_lag_1,freight_rate_lag_2,freight_rate_lag_4,freight_rate_rolling_mean_4,freight_rate_rolling_mean_8,freight_rate_rolling_std_4,freight_rate_change_1w,freight_rate_change_4w,freight_rate_pct_change_1w,freight_rate_pct_change_4w,oil_price_lag_1,oil_price_lag_7,oil_price_change_1d,oil_price_change_7d,oil_rolling_mean_7,oil_rolling_mean_30,target_next_week
2023-01-01,CNSHA,USLAX,20ft,3791.696073742987,False,0,CNSHA_USLAX,,False,0,,,,,,,,,,,2023,1,1,52,6,,,,,,,,,,,,,,,,,3812.936467997696
2023-01-01,INMAA,AEDXB,20ft,2281.6004020780188,False,0,INMAA_AEDXB,,False,0,150000.0,6.356657776132249,True,0.0,0.0,,,,,,2023,1,1,52,6,,,,,,,,,,,,,,,,,2313.2299813815484
2023-01-08,INMAA,AEDXB,20ft,2313.2299813815484,False,0,INMAA_AEDXB,,False,0,151000.0,12.41115429876223,True,0.0,0.0,,,,,,2023,1,1,1,6,2281.6004020780188,,,,,,,,,,,,,,,,2314.139117186552
2023-01-08,CNSHA,USLAX,20ft,3812.936467997696,False,0,CNSHA_USLAX,,False,0,,,,,,,,,,,2023,1,1,1,6,3791.696073742987,,,,,,,,,,,,,,,,3818.770443791492
2023-01-15,CNSHA,USLAX,20ft,3818.770443791492,False,0,CNSHA_USLAX,,False,0,,,,,,,,,,,2023,1,1,2,6,3812.936467997696,3791.696073742987,,,,,21.24039425470892,,0.0056018187749265,,,,,,,,3826.8374442438153
2023-01-15,INMAA,AEDXB,20ft,2314.139117186552,False,0,INMAA_AEDXB,,False,0,152000.0,14.14948578215806,True,0.0,0.0,,,,,,2023,1,1,2,6,2313.2299813815484,2281.6004020780188,,,,,31.62957930352968,,0.0138628917117661,,,,,,,,2327.847173273754
2023-01-22,INMAA,AEDXB,20ft,2327.847173273754,False,0,INMAA_AEDXB,,False,0,153000.0,13.805930508638568,True,0.0,0.0,,,,,,2023,1,1,3,6,2314.139117186552,2313.2299813815484,,,,,0.9091358050036432,,0.0003930157452224,,,,,,,,2336.3089179793024
2023-01-22,CNSHA,USLAX,20ft,3826.8374442438153,False,0,CNSHA_USLAX,,False,0,,,,,,,,,,,2023,1,1,3,6,3818.770443791492,3812.936467997696,,,,,5.833975793796071,,0.0015300479939178,,,,,,,,3861.864971813799
2023-01-29,INMAA,AEDXB,20ft,2336.3089179793024,False,0,INMAA_AEDXB,,False,0,154000.0,13.829612648383542,True,0.0,0.0,,,,,,2023,1,1,4,6,2327.847173273754,2314.139117186552,2281.6004020780188,2309.2041684799683,,19.579670031009663,13.70805608720184,46.24677119573517,0.0059236093393847,0.0202694438314504,,,,,,,2352.7045578280745
2023-01-29,CNSHA,USLAX,20ft,3861.864971813799,False,0,CNSHA_USLAX,,False,0,,,,,,,,,,,2023,1,1,4,6,3826.8374442438153,3818.770443791492,3791.696073742987,3812.560107443998,,15.03174610823941,8.0670004523231,35.14137050082809,0.0021124601677585,0.0092679818786578,,,,,,,3872.9959667662415
2023-02-05,CNSHA,USLAX,20ft,3872.9959667662415,False,0,CNSHA_USLAX,,False,0,,,,,,,,,,,2023,2,1,5,6,3861.864971813799,3826.8374442438153,3812.936467997696,3830.1023319617007,,21.928697767364987,35.027527569983704,48.92850381610288,0.0091531265909062,0.0128322368407562,,,,,,,3875.292121684515
2023-02-12,INMAA,AEDXB,20ft,2352.7045578280745,False,0,INMAA_AEDXB,,False,0,156000.0,8.206450617002721,True,0.0,0.0,,,,,,2023,2,1,6,6,2336.3089179793024,2327.847173273754,2313.2299813815484,2322.8812974552893,,11.17339896640906,8.461744705548426,23.07893659775391,0.003635008690733,0.0099769312967188,,,,,,,2354.9705046970776
2023-02-12,CNSHA,USLAX,20ft,3875.292121684515,False,0,CNSHA_USLAX,,False,0,,,,,,,,,,,2023,2,1,6,6,3872.9959667662415,3861.864971813799,3818.770443791492,3845.117206653837,,26.369265761170425,11.130994952442506,54.22552297474931,0.0028822848633194,0.0141997335982602,,,,,,,3851.8807305884393
2023-02-19,CNSHA,USLAX,20ft,3851.8807305884393,False,0,CNSHA_USLAX,,False,0,,,,,,,,,,,2023,2,1,7,6,3875.292121684515,3872.9959667662415,3826.8374442438153,3859.247626127093,,22.38833845385483,2.2961549182737144,48.454677440699925,0.0005928627186748,0.0126618070787364,,,,,,,3865.055887206033
2023-02-19,INMAA,AEDXB,20ft,2354.9705046970776,False,0,INMAA_AEDXB,,False,0,157000.0,9.069643017914828,True,0.0,0.0,,,,,,2023,2,1,7,6,2352.7045578280745,2336.3089179793024,2314.139117186552,2332.749941566921,,16.137461017636216,16.395639848772134,38.5654406415224,0.0070177533983617,0.0166651349329459,,,,,,,2382.5387802348146
2023-02-26,CNSHA,USLAX,20ft,3865.055887206033,False,0,CNSHA_USLAX,,False,0,,,,,,,,,,,2023,2,1,8,6,3851.8807305884393,3875.292121684515,3861.864971813799,3865.5084477132486,3839.034277578623,10.813152617817972,-23.41139109607593,-9.98424122535971,-0.0060411938922166,-0.0025853418745167,,,,,,,15000.0
2023-02-26,INMAA,AEDXB,20ft,2382.5387802348146,False,0,INMAA_AEDXB,,False,0,158000.0,11.541090608699523,True,0.0,0.0,,,,,,2023,2,1,8,6,2354.9705046970776,2352.7045578280745,2327.847173273754,2342.957788444552,,13.061942613088538,2.265946869003073,27.123331423323634,0.0009631242739185,0.0116516804602678,,,,,,,2380.567232630852
2023-03-05,INMAA,AEDXB,20ft,2380.567232630852,False,0,INMAA_AEDXB,,False,0,159000.0,9.432399153671293,True,0.0,0.0,,,,,,2023,3,1,9,6,2382.5387802348146,2354.9705046970776,2336.3089179793024,2356.630690184817,2332.9174293323927,19.16919652939648,27.56827553773701,46.22986225551222,0.0117064207312792,0.0197875640073731,,,,,,,2401.836364004748
2023-03-05,CNSHA,USLAX,20ft,15000.0,False,1,CNSHA_USLAX,,False,0,,,,,,,,,,,2023,3,1,9,6,3865.055887206033,3851.8807305884393,3872.9959667662415,3866.306176561307,3848.204254261504,10.569724337802343,13.17515661759353,-7.940079560208687,0.0034204477083019,-0.0020501130464223,,,,,,,3902.644996872925
2023-03-12,INMAA,AEDXB,20ft,2401.836364004748,False,0,INMAA_AEDXB,,False,0,160000.0,10.704715761367613,True,0.0,0.0,,,,,,2023,3,1,10,6,2380.567232630852,2382.5387802348146,2352.7045578280745,2367.6952688477045,2345.288283151497,16.048450823437914,-1.9715476039627904,27.86267480277729,-0.0008274986414989,0.0118428277405553,,,,,,,2405.763584937902
2023-03-12,CNSHA,USLAX,20ft,3902.644996872925,False,0,CNSHA_USLAX,,False,0,,,,,,,,,,,2023,3,1,10,6,15000.0,3865.055887206033,3875.292121684515,6648.057184869747,5246.587195761792,5567.970122917374,11134.944112793968,11124.707878315485,2.880927064897678,2.870675946225129,,,,,,,3905.205570228517
2023-03-19,CNSHA,USLAX,20ft,3905.205570228517,False,0,CNSHA_USLAX,,False,0,,,,,,,,,,,2023,3,1,11,6,3902.644996872925,15000.0,3851.8807305884393,6654.895403666849,5257.07151489697,5563.44464070409,-11097.355003127075,50.76426628448553,-0.7398236668751383,0.0131790857077577,,,,,,,3896.8145027767896
2023-03-19,INMAA,AEDXB,20ft,2405.763584937902,False,0,INMAA_AEDXB,,False,0,161000.0,8.012080458053722,True,0.0,0.0,,,,,,2023,3,1,11,6,2401.836364004748,2380.567232630852,2354.9705046970776,2379.978220391873,2356.364080979397,19.23597054651835,21.269131373896016,46.86585930767024,0.0089344804390971,0.0199008264495009,,,,,,,2396.304813034267
2023-03-26,CNSHA,USLAX,20ft,3896.8145027767896,False,0,CNSHA_USLAX,,False,0,,,,,,,,,,,2023,3,1,12,6,3905.205570228517,3902.644996872925,3865.055887206033,6668.226613576869,5266.867530645059,5554.545911489308,2.560573355592169,40.14968302248417,0.0006561122924693,0.0103878660992681,,,,,,,3904.884346905444
2023-03-26,INMAA,AEDXB,20ft,2396.304813034267,False,0,INMAA_AEDXB,,False,0,162000.0,13.20653423375175,True,0.0,0.0,,,,,,2023,3,1,12,6,2405.763584937902,2401.836364004748,2382.5387802348146,2392.676490452079,2367.817139448315,12.968970905096796,3.927220933154331,23.22480470308756,0.0016350909629023,0.0097479230540787,,,,,,,2422.135831520117
2023-04-02,CNSHA,USLAX,20ft,3904.884346905444,False,0,CNSHA_USLAX,,False,0,,,,,,,,,,,2023,4,2,13,6,3896.8145027767896,3905.205570228517,15000.0,6676.166267469558,5271.236222015433,5549.223599231968,-8.391067451727395,-11103.18549722321,-0.0021486877709324,-0.7402123664815473,,,,,,,3891.626013036173
2023-04-02,INMAA,AEDXB,20ft,2422.135831520117,False,0,INMAA_AEDXB,,False,0,163000.0,9.863951221341722,True,0.0,0.0,,,,,,2023,4,2,13,6,2396.304813034267,2405.763584937902,2380.567232630852,2396.1179986519423,2376.37434441838,11.069451364965696,-9.458771903634895,15.73758040341545,-0.0039317129758113,0.0066108531562132,,,,,,,2419.1870547746885
2023-04-09,CNSHA,USLAX,20ft,3891.626013036173,False,0,CNSHA_USLAX,,False,0,,,,,,,,,,,2023,4,2,14,6,3904.884346905444,3896.8145027767896,3902.644996872925,3902.387354195919,5275.222269532833,3.885887580814257,8.069844128654495,2.239350032519269,0.0020708822867765,0.0005738031602448,,,,,,,3923.668380420248
2023-04-09,INMAA,AEDXB,20ft,2419.1870547746885,False,0,INMAA_AEDXB,,False,0,164000.0,11.066110638497376,True,0.0,0.0,,,,,,2023,4,2,14,6,2422.135831520117,2396.304813034267,2401.836364004748,2406.5101483742583,2387.1027086109816,11.116241278319452,25.83101848584965,20.299467515369088,0.0107795211800045,0.0084516446747114,,,,,,,2409.6006643875394
2023-04-16,CNSHA,USLAX,20ft,3923.668380420248,False,0,CNSHA_USLAX,,False,0,,,,,,,,,,,2023,4,2,15,6,3891.626013036173,3904.884346905444,3905.205570228517,3899.632608236731,5277.264005951791,6.600150237708339,-13.258333869271157,-13.579557192344057,-0.0033953204989997,-0.0034772963799571,,,,,,,3910.265429509293
2023-04-16,INMAA,AEDXB,20ft,2409.6006643875394,False,0,INMAA_AEDXB,,False,0,165000.0,8.863710336872446,True,0.0,0.0,,,,,,2023,4,2,15,6,2419.1870547746885,2422.135831520117,2405.763584937902,2410.847821066744,2395.4130207293083,12.032048017378392,-2.948776745428404,13.423469836786351,-0.0012174283155613,0.0055797127867544,,,,,,,2416.6648475067964
2023-04-23,CNSHA,USLAX,20ft,3910.265429509293,False,0,CNSHA_USLAX,,False,0,,,,,,,,,,,2023,4,2,16,6,3923.668380420248,3891.626013036173,3896.8145027767896,3904.248310784664,5286.237462180767,14.049051552008953,32.04236738407508,26.853877643458414,0.00823367077842,0.0068912383754276,,,,,,,3922.617299700366
2023-04-23,INMAA,AEDXB,20ft,2416.6648475067964,False,0,INMAA_AEDXB,,False,0,166000.0,10.10519809464504,True,0.0,0.0,,,,,,2023,4,2,16,6,2409.6006643875394,2419.1870547746885,2396.304813034267,2411.8070909291528,2402.241790690616,11.638093866987806,-9.586390387149097,13.295851353272155,-0.0039626495058448,0.0055484808447371,,,,,,,2395.700632217476
2023-04-30,CNSHA,USLAX,20ft,3922.617299700366,False,0,CNSHA_USLAX,,False,0,,,,,,,,,,,2023,4,2,17,6,3910.265429509293,3923.668380420248,3904.884346905444,3907.61104246779,5291.888654968674,13.264487768606791,-13.402950910955042,5.381082603848881,-0.0034159234704538,0.0013780389189025,,,,,,,3912.657254080342
2023-04-30,INMAA,AEDXB,20ft,2395.700632217476,False,0,INMAA_AEDXB,,False,0,167000.0,8.021591277332426,True,0.0,0.0,,,,,,2023,4,2,17,6,2416.6648475067964,2409.6006643875394,2422.135831520117,2416.897099547285,2406.5075490996137,5.353507095888917,7.064183119256995,-5.470984013320503,0.0029316820930793,-0.0022587436848605,,,,,,,2421.304810171449
2023-05-07,INMAA,AEDXB,20ft,2421.304810171449,False,0,INMAA_AEDXB,,False,0,168000.0,11.845268146625411,True,0.0,0.0,,,,,,2023,5,2,18,6,2395.700632217476,2416.6648475067964,2419.1870547746885,2410.2882997216248,2408.399224047941,10.537569117449802,-20.96421528932024,-23.486422557212336,-0.0086748542359725,-0.0097083946075429,,,,,,,2399.3850305612127
2023-05-07,CNSHA,USLAX,20ft,3912.657254080342,False,0,CNSHA_USLAX,,False,0,,,,,,,,,,,2023,5,2,18,6,3922.617299700366,3910.265429509293,3891.626013036173,3912.04428066652,3907.2158174312194,14.910604626957609,12.351870191072976,30.99128666419301,0.0031588316480661,0.0079635829754396,,,,,,,3917.858792254743
2023-05-14,CNSHA,USLAX,20ft,3917.858792254743,False,0,CNSHA_USLAX,,False,0,,,,,,,,,,,2023,5,2,19,6,3912.657254080342,3922.617299700366,3923.668380420248,3917.3020909275615,3908.467349582146,6.828132966910141,-9.96004562002372,-11.011126339905786,-0.002539132640032,-0.0028063346012759,,,,,,,3902.9032885781166
2023-05-14,INMAA,AEDXB,20ft,2399.3850305612127,False,0,INMAA_AEDXB,,False,0,169000.0,8.32767276553605,True,0.0,0.0,,,,,,2023,5,2,19,6,2421.304810171449,2395.700632217476,2409.6006643875394,2410.8177385708154,2410.8327798187797,11.16804261769007,25.604177953972798,11.704145783909553,0.0106875531982781,0.0048572968778145,,,,,,,2393.155808843981
2023-05-21,INMAA,AEDXB,20ft,2393.155808843981,False,0,INMAA_AEDXB,,False,0,170000.0,10.84539321690472,True,0.0,0.0,,,,,,2023,5,2,20,6,2399.3850305612127,2421.304810171449,2416.6648475067964,2408.2638301142333,2410.035460521693,12.613633853605316,-21.91977961023622,-17.27981694558366,-0.0090528790584957,-0.0071502744633418,,,,,,,2411.661409003528
2023-05-21,CNSHA,USLAX,20ft,3902.9032885781166,False,0,CNSHA_USLAX,,False,0,,,,,,,,,,,2023,5,2,20,6,3917.858792254743,3912.657254080342,3910.265429509293,3915.8496938861854,3910.0490023354246,5.514001730178444,5.201538174400866,7.593362745450122,0.0013294131932911,0.0019419046820059,,,,,,,3895.7011624885263
2023-05-28,CNSHA,USLAX,20ft,3895.7011624885263,False,0,CNSHA_USLAX,,False,0,,,,,,,,,,,2023,5,2,21,6,3902.9032885781166,3917.858792254743,3922.617299700366,3914.009158653392,3910.8101005605904,8.447638076969216,-14.95550367662645,-19.714011122249303,-0.0038172646002944,-0.0050257288988541,,,,,,,3913.6775975026
2023-05-28,INMAA,AEDXB,20ft,2411.661409003528,False,0,INMAA_AEDXB,,False,0,171000.0,9.160119657308671,True,0.0,0.0,,,,,,2023,5,2,21,6,2393.155808843981,2399.3850305612127,2395.700632217476,2402.3865704485297,2409.641834997908,12.868796443830952,-6.229221717231667,-2.544823373495092,-0.0025961742854479,-0.0010622459831884,,,,,,,2401.5650648684423
2023-06-04,INMAA,AEDXB,20ft,2401.5650648684423,False,0,INMAA_AEDXB,,False,0,172000.0,11.845783839508083,True,0.0,0.0,,,,,,2023,6,2,22,6,2411.661409003528,2393.155808843981,2421.304810171449,2406.376764645043,2408.332532183334,12.5757972182886,18.50560015954716,-9.643401167920729,0.007732718484588,-0.0039827291167186,,,,,,,2396.694917462712
2023-06-04,CNSHA,USLAX,20ft,3913.6775975026,False,0,CNSHA_USLAX,,False,0,,,,,,,,,,,2023,6,2,22,6,3895.7011624885263,3902.9032885781166,3912.657254080342,3907.280124350432,3909.662202508476,9.900349958879966,-7.202126089590365,-16.956091591815948,-0.001845325276357,-0.0043336511456844,,,,,,,3902.774794016638
2023-06-11,INMAA,AEDXB,20ft,2396.694917462712,False,0,INMAA_AEDXB,,False,0,173000.0,10.219065375472631,True,0.0,0.0,,,,,,2023,6,2,23,6,2401.5650648684423,2411.661409003528,2399.3850305612127,2401.4418283192917,2406.1297834450534,7.688596585665893,-10.096344135085928,2.180034307229562,-0.0041864683397897,0.0009085804401803,,,,,,,2405.0693799968813
2023-06-11,CNSHA,USLAX,20ft,3902.774794016638,False,0,CNSHA_USLAX,,False,0,,,,,,,,,,,2023,6,2,23,6,3913.6775975026,3895.7011624885263,3917.858792254743,3907.535210205997,3912.418650566779,10.096280690605374,17.97643501407356,-4.181194752143256,0.0046144286392312,-0.0010672142549928,,,,,,,3887.314672969303
2023-06-18,INMAA,AEDXB,20ft,2405.0693799968813,False,0,INMAA_AEDXB,,False,0,174000.0,11.321777648911848,True,0.0,0.0,,,,,,2023,6,2,24,6,2396.694917462712,2401.5650648684423,2393.155808843981,2400.769300044666,2404.5165650794497,8.038182234670794,-4.870147405730222,3.5391086187310066,-0.0020279056674223,0.0014788458844393,,,,,,,2384.0401480103915
2023-06-18,CNSHA,USLAX,20ft,3887.314672969303,False,0,CNSHA_USLAX,,False,0,,,,,,,,,,,2023,6,2,24,6,3902.774794016638,3913.6775975026,3902.9032885781166,3903.76421064647,3909.806952266328,7.416380892263275,-10.902803485961613,-0.1284945614784192,-0.0027858205522393,-3.2922814627372334e-05,,,,,,,3883.125484776881
2023-06-25,CNSHA,USLAX,20ft,3883.125484776881,False,0,CNSHA_USLAX,,False,0,,,,,,,,,,,2023,6,2,25,6,3887.314672969303,3902.774794016638,3895.7011624885263,3899.867056744267,3906.938107698829,11.166959978022952,-15.460121047335178,-8.386489519223232,-0.0039613151829916,-0.0021527548365301,,,,,,,3890.615484399109
2023-06-25,INMAA,AEDXB,20ft,2384.0401480103915,False,0,INMAA_AEDXB,,False,0,175000.0,7.796809045748731,True,0.0,0.0,,,,,,2023,6,2,25,6,2405.0693799968813,2396.694917462712,2411.661409003528,2403.7476928328906,2403.06713164071,6.294952100481282,8.374462534169197,-6.592029006646953,0.0034941712744294,-0.0027333973923689,,,,,,,2377.795150061849
2023-07-02,INMAA,AEDXB,20ft,2377.795150061849,False,0,INMAA_AEDXB,,False,0,176000.0,9.84957012353346,True,0.0,0.0,,,,,,2023,7,3,26,6,2384.0401480103915,2405.0693799968813,2401.5650648684423,2396.8423775846068,2401.609571114825,9.19974946091362,-21.029231986489776,-17.5249168580508,-0.0087437111633415,-0.0072972900523979,,,,,,,2361.834892629044
2023-07-02,CNSHA,USLAX,20ft,3890.615484399109,False,0,CNSHA_USLAX,,False,0,,,,,,,,,,,2023,7,3,26,6,3883.125484776881,3887.314672969303,3913.6775975026,3896.7231373163554,3902.001630833394,14.112543179321513,-4.18918819242208,-30.55211272571887,-0.0010776560543327,-0.0078064970771263,,,,,,,3872.060780010833
2023-07-09,INMAA,AEDXB,20ft,2361.834892629044,False,0,INMAA_AEDXB,,False,0,177000.0,11.339545786453794,True,0.0,0.0,,,,,,2023,7,3,27,6,2377.795150061849,2384.0401480103915,2396.694917462712,2390.8998988829585,2396.170863601125,12.29020014856498,-6.244997948542277,-18.899767400862856,-0.0026195020053475,-0.0078857627072832,,,,,,,2378.246827439271
2023-07-09,CNSHA,USLAX,20ft,3872.060780010833,False,0,CNSHA_USLAX,,False,0,,,,,,,,,,,2023,7,3,27,6,3890.615484399109,3883.125484776881,3902.774794016638,3890.9576090404826,3899.24640962324,8.453324074304959,7.48999962222797,-12.159309617529289,0.0019288585062705,-0.0031155550241255,,,,,,,3849.4133823793577
2023-07-16,INMAA,AEDXB,20ft,2378.246827439271,False,0,INMAA_AEDXB,,False,0,178000.0,12.495040771875678,True,0.0,0.0,,,,,,2023,7,3,28,6,2361.834892629044,2377.795150061849,2405.0693799968813,2382.184892674541,2391.477096359604,17.893519072788763,-15.960257432805063,-43.23448736783712,-0.0067122087587696,-0.0179763992371368,,,,,,,2348.8708186596136
2023-07-16,CNSHA,USLAX,20ft,3849.4133823793577,False,0,CNSHA_USLAX,,False,0,,,,,,,,,,,2023,7,3,28,6,3872.060780010833,3890.615484399109,3887.314672969303,3883.279105539032,3893.521658092751,8.082546757129885,-18.55470438827615,-15.25389295847026,-0.0047690923101186,-0.003924018054041,,,,,,,3861.905546206888
2023-07-23,INMAA,AEDXB,20ft,2348.8708186596136,False,0,INMAA_AEDXB,,False,0,179000.0,8.43475058528723,True,0.0,0.0,,,,,,2023,7,3,29,6,2378.246827439271,2361.834892629044,2384.0401480103915,2375.479254535139,2389.613473684015,9.53030850828457,16.41193481022674,-5.793320571120603,0.0069488069896189,-0.0024300432087754,,,,,,,2358.721105458986
2023-07-23,CNSHA,USLAX,20ft,3861.905546206888,False,0,CNSHA_USLAX,,False,0,,,,,,,,,,,2023,7,3,29,6,3849.4133823793577,3872.060780010833,3883.125484776881,3873.803782891545,3886.835419817906,17.957887123220996,-22.647397631475087,-33.71210239752327,-0.0058489261708881,-0.008681692757467,,,,,,,3842.403330910028
2023-07-30,CNSHA,USLAX,20ft,3842.403330910028,False,0,CNSHA_USLAX,,False,0,,,,,,,,,,,2023,7,3,30,6,3861.905546206888,3849.4133823793577,3890.615484399109,3868.498798249047,3882.610967782701,17.41225231197352,12.492163827530476,-28.70993819222076,0.0032452123444868,-0.0073792792701679,,,,,,,3825.22187712834
2023-07-30,INMAA,AEDXB,20ft,2358.721105458986,False,0,INMAA_AEDXB,,False,0,180000.0,11.596912431924256,True,0.0,0.0,,,,,,2023,7,3,30,6,2348.8708186596136,2378.246827439271,2377.795150061849,2366.6869221974443,2381.7646498910253,14.118308110283756,-29.37600877965724,-28.92433140223557,-0.0123519596203087,-0.0121643495662287,,,,,,,2341.235365997826
2023-08-06,INMAA,AEDXB,20ft,2341.235365997826,False,0,INMAA_AEDXB,,False,0,181000.0,7.636940399106523,True,0.0,0.0,,,,,,2023,8,3,31,6,2358.721105458986,2348.8708186596136,2361.834892629044,2361.9184110467286,2376.4091549648438,12.207737810310965,9.850286799372498,-3.1137871700580035,0.0041936264528134,-0.0013183763097817,,,,,,,2332.552961069624
2023-08-06,CNSHA,USLAX,20ft,3825.22187712834,False,0,CNSHA_USLAX,,False,0,,,,,,,,,,,2023,8,3,31,6,3842.403330910028,3861.905546206888,3872.060780010833,3856.4457598767767,3873.70168445863,13.169184549485005,-19.50221529685996,-29.65744910080457,-0.0050498944273804,-0.0076593449291675,,,,,,,3821.3970152451466
2023-08-13,INMAA,AEDXB,20ft,2332.552961069624,False,0,INMAA_AEDXB,,False,0,182000.0,10.57194684864812,True,0.0,0.0,,,,,,2023,8,3,32,6,2341.235365997826,2358.721105458986,2378.246827439271,2356.7685293889244,2369.4767110317325,16.008152507885583,-17.485739461159937,-37.01146144144468,-0.0074132288979359,-0.0155624979772583,,,,,,,2328.837960856994
2023-08-13,CNSHA,USLAX,20ft,3821.3970152451466,False,0,CNSHA_USLAX,,False,0,,,,,,,,,,,2023,8,3,32,6,3825.22187712834,3842.403330910028,3849.4133823793577,3844.7360341561534,3864.007569847592,15.307008845485797,-17.181453781688106,-24.19150525101759,-0.0044715383321351,-0.0062844654101723,,,,,,,3803.970585484032
2023-08-20,INMAA,AEDXB,20ft,2328.837960856994,False,0,INMAA_AEDXB,,False,0,183000.0,11.537130898321152,True,0.0,0.0,,,,,,2023,8,3,33,6,2332.552961069624,2341.235365997826,2348.8708186596136,2345.3450627965126,2360.4121586658257,11.13368681199201,-8.682404928202232,-16.31785758998967,-0.0037084716275425,-0.0069471072910265,,,,,,,2302.760304454791
2023-08-20,CNSHA,USLAX,20ft,3803.970585484032,False,0,CNSHA_USLAX,,False,0,,,,,,,,,,,2023,8,3,33,6,3821.3970152451466,3825.22187712834,3861.905546206888,3837.731942372601,3855.7678626320726,18.52490728600095,-3.824861883193535,-40.5085309617416,-0.0009999058893976,-0.0104892598943877,,,,,,,3779.831690939453
2023-08-27,INMAA,AEDXB,20ft,2302.760304454791,False,0,INMAA_AEDXB,,False,0,184000.0,10.29384471044892,True,0.0,0.0,,,,,,2023,8,3,34,6,2328.837960856994,2332.552961069624,2358.721105458986,2340.3368483458576,2353.511885271651,13.311668542836722,-3.7150002126300015,-29.88314460199217,-0.0015926756110722,-0.0126692149117719,,,,,,,2324.9115821181404
2023-08-27,CNSHA,USLAX,20ft,3779.831690939453,False,0,CNSHA_USLAX,,False,0,,,,,,,,,,,2023,8,3,34,6,3803.970585484032,3821.3970152451466,3842.403330910028,3823.248202191887,3845.873500220466,15.767770377103629,-17.426429761114377,-38.43274542599602,-0.0045602248841439,-0.0100022673613739,,,,,,,3789.407821059572
2023-09-03,CNSHA,USLAX,20ft,3789.407821059572,False,0,CNSHA_USLAX,,False,0,,,,,,,,,,,2023,9,3,35,6,3779.831690939453,3803.970585484032,3825.22187712834,3807.605292199243,3832.0255260380095,20.69734048106497,-24.138894544579216,-45.39018618888713,-0.006345710094787,-0.0118660270297738,,,,,,,3779.0727344147713
2023-09-03,INMAA,AEDXB,20ft,2324.9115821181404,False,0,INMAA_AEDXB,,False,0,185000.0,11.493049928246146,True,0.0,0.0,,,,,,2023,9,3,35,6,2302.760304454791,2328.837960856994,2341.235365997826,2326.3466480948086,2344.132529570769,16.56013775225414,-26.077656402203047,-38.47506154303528,-0.0111977118376268,-0.0164336581028184,,,,,,,2293.816003265081
2023-09-10,INMAA,AEDXB,20ft,2293.816003265081,False,0,INMAA_AEDXB,,False,0,186000.0,12.093448696462676,True,0.0,0.0,,,,,,2023,9,3,36,6,2324.9115821181404,2302.760304454791,2332.552961069624,2322.2657021248874,2339.5171157569057,13.372652449993858,22.151277663349447,-7.641378951483603,0.0096194456802546,-0.003275972326896,,,,,,,2298.782344555955
2023-09-10,CNSHA,USLAX,20ft,3779.0727344147713,False,0,CNSHA_USLAX,,False,0,,,,,,,,,,,2023,9,3,36,6,3789.407821059572,3779.831690939453,3821.3970152451466,3798.651778182051,3821.6939061691023,18.122563719096632,9.57613012011916,-31.989194185574437,0.0025334805629239,-0.0083710732116961,,,,,,,3777.866070246172
2023-09-17,CNSHA,USLAX,20ft,3777.866070246172,False,0,CNSHA_USLAX,,False,0,,,,,,,,,,,2023,9,3,37,6,3779.0727344147713,3789.407821059572,3803.970585484032,3788.070707974457,3812.9013251735287,11.59653548968506,-10.335086644800867,-24.897851069260923,-0.0027273619343275,-0.0065452270225935,,,,,,,3780.6055798132
2023-09-17,INMAA,AEDXB,20ft,2298.782344555955,False,0,INMAA_AEDXB,,False,0,187000.0,12.206282608117256,True,0.0,0.0,,,,,,2023,9,3,37,6,2293.816003265081,2324.9115821181404,2328.837960856994,2312.5814626737515,2328.963262735132,16.979430637046573,-31.09557885305958,-35.02195759191318,-0.0133749511560906,-0.0150383831681554,,,,,,,2281.504707582464
2023-09-24,CNSHA,USLAX,20ft,3780.6055798132,False,0,CNSHA_USLAX,,False,0,,,,,,,,,,,2023,9,3,38,6,3777.866070246172,3779.0727344147713,3779.831690939453,3781.544579164992,3802.39639067844,5.304275114963307,-1.206664168599218,-1.9656206932809253,-0.0003193016523896,-0.000520028629315,,,,,,,3764.7262102782056
2023-09-24,INMAA,AEDXB,20ft,2281.504707582464,False,0,INMAA_AEDXB,,False,0,188000.0,9.693973157385829,True,0.0,0.0,,,,,,2023,9,3,38,6,2298.782344555955,2293.816003265081,2302.760304454791,2305.067558598492,2322.702203472175,13.72601063811715,4.966341290874425,-3.9779598988357066,0.0021651001143096,-0.0017274745839331,,,,,,,2268.216641215148
2023-10-01,INMAA,AEDXB,20ft,2268.216641215148,False,0,INMAA_AEDXB,,False,0,189000.0,10.653959134480038,True,0.0,0.0,,,,,,2023,10,4,39,6,2281.504707582464,2298.782344555955,2324.9115821181404,2299.75365938041,2313.050153737609,18.27698489752686,-17.2776369734911,-43.40687453567625,-0.007515995159093,-0.0186703334739852,,,,,,,2269.695989764324
2023-10-01,CNSHA,USLAX,20ft,3764.7262102782056,False,0,CNSHA_USLAX,,False,0,,,,,,,,,,,2023,10,4,39,6,3780.6055798132,3777.866070246172,3789.407821059572,3781.7380513834287,3794.671671791336,5.234628646424548,2.739509567028108,-8.802241246371977,0.0007251473493472,-0.0023228540347263,,,,,,,3760.7744478241625
2023-10-08,CNSHA,USLAX,20ft,3760.7744478241625,False,0,CNSHA_USLAX,,False,0,,,,,,,,,,,2023,10,4,40,6,3764.7262102782056,3780.6055798132,3779.0727344147713,3775.567648688087,3787.109713435069,7.314048227245322,-15.879369534994566,-14.346524136565677,-0.0042002185099084,-0.0037963080217844,,,,,,,3759.541377704129
2023-10-08,INMAA,AEDXB,20ft,2269.695989764324,False,0,INMAA_AEDXB,,False,0,190000.0,13.61547072412732,True,0.0,0.0,,,,,,2023,10,4,40,6,2268.216641215148,2281.504707582464,2293.816003265081,2285.579924154662,2303.9228131397745,13.665380688845978,-13.288066367316333,-25.599362049933006,-0.0058242555113535,-0.0111601636807373,,,,,,,2252.711406958819
2023-10-15,CNSHA,USLAX,20ft,3759.541377704129,False,0,CNSHA_USLAX,,False,0,,,,,,,,,,,2023,10,4,41,6,3760.7744478241625,3764.7262102782056,3777.866070246172,3770.993077040435,3779.531892507446,9.718234531408454,-3.951762454043092,-17.09162242200955,-0.001049681233991,-0.0045241472577919,,,,,,,3760.747812864517
2023-10-15,INMAA,AEDXB,20ft,2252.711406958819,False,0,INMAA_AEDXB,,False,0,191000.0,9.72797771877323,True,0.0,0.0,,,,,,2023,10,4,41,6,2269.695989764324,2268.216641215148,2298.782344555955,2279.549920779473,2296.065691726612,14.133299896550907,1.4793485491763931,-29.08635479163104,0.00065220778399,-0.01265293987511,,,,,,,2248.1419790448413
2023-10-22,INMAA,AEDXB,20ft,2248.1419790448413,False,0,INMAA_AEDXB,,False,0,192000.0,9.46324385600938,True,0.0,0.0,,,,,,2023,10,4,42,6,2252.711406958819,2269.695989764324,2281.504707582464,2268.0321863801887,2286.5498724893405,11.818592343011954,-16.984582805504942,-28.79330062364488,-0.0074831972572981,-0.0126203117302155,,,,,,,2250.412663971238
2023-10-22,CNSHA,USLAX,20ft,3760.747812864517,False,0,CNSHA_USLAX,,False,0,,,,,,,,,,,2023,10,4,42,6,3759.541377704129,3760.7744478241625,3780.6055798132,3766.4119039049247,3773.978241534958,9.717459203503816,-1.233070120033517,-21.06420210907117,-0.0003278766480523,-0.0055716476274449,,,,,,,3751.049124282032
2023-10-29,INMAA,AEDXB,20ft,2250.412663971238,False,0,INMAA_AEDXB,,False,0,193000.0,9.88975017306426,True,0.0,0.0,,,,,,2023,10,4,43,6,2248.1419790448413,2252.711406958819,2268.216641215148,2259.691504245783,2279.7225818130964,10.876288909663892,-4.569427913977961,-20.07466217030651,-0.0020284124721269,-0.0088504165808218,,,,,,,2254.7467147786706
2023-10-29,CNSHA,USLAX,20ft,3751.049124282032,False,0,CNSHA_USLAX,,False,0,,,,,,,,,,,2023,10,4,43,6,3760.747812864517,3759.541377704129,3764.7262102782056,3761.4474621677537,3771.592756775592,2.260221566796883,1.2064351603880823,-3.9783974136885263,0.000320899556404,-0.0010567561069452,,,,,,,3734.6340230007136
2023-11-05,INMAA,AEDXB,20ft,2254.7467147786706,False,0,INMAA_AEDXB,,False,0,194000.0,4.9606268782102285,True,0.0,0.0,,,,,,2023,11,4,44,6,2250.412663971238,2248.1419790448413,2269.695989764324,2255.2405099348057,2270.4102170447336,9.81587993012812,2.270684926396825,-19.28332579308608,0.0010100273681831,-0.0084959950055198,,,,,,,2248.499852353219
2023-11-05,CNSHA,USLAX,20ft,3734.6340230007136,False,0,CNSHA_USLAX,,False,0,,,,,,,,,,,2023,11,4,44,6,3751.049124282032,3760.747812864517,3760.7744478241625,3758.02819066871,3766.797919678399,4.688118878973766,-9.69868858248492,-9.725323542130354,-0.0025789255395717,-0.0025859895819482,,,,,,,3734.5083998082473
2023-11-12,INMAA,AEDXB,20ft,2248.499852353219,False,0,INMAA_AEDXB,,False,0,195000.0,9.121273236327648,True,0.0,0.0,,,,,,2023,11,4,45,6,2254.7467147786706,2250.412663971238,2252.711406958819,2251.5031911883925,2265.5265559839327,2.855826051745397,4.334050807432504,2.0353078198513685,0.0019258915828283,0.0009034924817995,,,,,,,2249.7465427321968
2023-11-12,CNSHA,USLAX,20ft,3734.5083998082473,False,0,CNSHA_USLAX,,False,0,,,,,,,,,,,2023,11,4,45,6,3734.6340230007136,3751.049124282032,3759.541377704129,3751.493084462848,3761.2430807516416,12.039519313452477,-16.415101281318584,-24.90735470341542,-0.0043761360455284,-0.0066251045542756,,,,,,,3749.429660122917
2023-11-19,INMAA,AEDXB,20ft,2249.7465427321968,False,0,INMAA_AEDXB,,False,0,196000.0,7.063252656991729,True,0.0,0.0,,,,,,2023,11,4,46,6,2248.499852353219,2254.7467147786706,2248.1419790448413,2250.450302536992,2259.2412444585902,3.0327758503521536,-6.246862425451582,0.3578733083777479,-0.0027705384309939,0.0001591862576801,,,,,,,2228.1435725040988
2023-11-19,CNSHA,USLAX,20ft,3749.429660122917,False,0,CNSHA_USLAX,,False,0,,,,,,,,,,,2023,11,4,46,6,3734.5083998082473,3734.6340230007136,3760.747812864517,3745.234839988878,3755.823371946901,12.934347928823591,-0.1256231924662643,-26.23941305626977,-3.363735019083028e-05,-0.0069771796360584,,,,,,,3756.479694914518
2023-11-26,CNSHA,USLAX,20ft,3756.479694914518,False,0,CNSHA_USLAX,,False,0,,,,,,,,,,,2023,11,4,47,6,3749.429660122917,3734.5083998082473,3751.049124282032,3742.405301803477,3751.926381985616,9.07030157855172,14.92126031466978,-1.6194641591150685,0.003995508569598,-0.0004317363237478,,,,,,,3733.781300133535
2023-11-26,INMAA,AEDXB,20ft,2228.1435725040988,False,0,INMAA_AEDXB,,False,0,197000.0,10.455485105711077,True,0.0,0.0,,,,,,2023,11,4,47,6,2249.7465427321968,2248.499852353219,2250.412663971238,2250.851443458831,2255.2714738523077,2.7151704941663835,1.246690378977746,-0.6661212390413311,0.000554454285453,-0.0002959995958544,,,,,,,2250.969314336537
2023-12-03,CNSHA,USLAX,20ft,3733.781300133535,False,0,CNSHA_USLAX,,False,0,,,,,,,,,,,2023,12,4,48,6,3756.479694914518,3749.429660122917,3734.6340230007136,3743.762944461599,3750.8955675651546,10.99713920727222,7.050034791600865,21.84567191380438,0.0018802952530571,0.0058494813090819,,,,,,,3756.189448019769
2023-12-03,INMAA,AEDXB,20ft,2250.969314336537,False,0,INMAA_AEDXB,,False,0,198000.0,8.119357295855433,True,0.0,0.0,,,,,,2023,12,4,48,6,2228.1435725040988,2249.7465427321968,2254.7467147786706,2245.2841705920464,2250.262340263426,11.741567464954375,-21.602970228098,-26.60314227457184,-0.0096024017896088,-0.0117987275910869,,,,,,,2246.439919449575
2023-12-10,INMAA,AEDXB,20ft,2246.439919449575,False,0,INMAA_AEDXB,,False,0,199000.0,7.965619951861164,True,0.0,0.0,,,,,,2023,12,4,49,6,2250.969314336537,2228.1435725040988,2248.499852353219,2244.339820481513,2247.9215058349523,10.844463226133213,22.825741832438325,2.469461983318069,0.0102442868198056,0.0010982709119298,,,,,,,2242.709204786934
2023-12-10,CNSHA,USLAX,20ft,3756.189448019769,False,0,CNSHA_USLAX,,False,0,,,,,,,,,,,2023,12,4,49,6,3733.781300133535,3756.479694914518,3734.5083998082473,3743.549763744804,3747.521424103826,11.238704620095636,-22.698394780983108,-0.7270996747124627,-0.0060424643880577,-0.0001946975603937,,,,,,,3761.559932515632
2023-12-17,INMAA,AEDXB,20ft,2242.709204786934,False,0,INMAA_AEDXB,,False,0,200000.0,9.422736628679347,True,0.0,0.0,,,,,,2023,12,4,50,6,2246.439919449575,2250.969314336537,2249.7465427321968,2243.824837255602,2247.137569896297,10.62780735616132,-4.529394886962109,-3.3066232826217856,-0.0020121975266895,-0.0014697759146708,,,,,,,2251.693210448272
2023-12-17,CNSHA,USLAX,20ft,3761.559932515632,False,0,CNSHA_USLAX,,False,0,,,,,,,,,,,2023,12,4,50,6,3756.189448019769,3733.781300133535,3749.429660122917,3748.9700257976847,3747.102432893281,10.636788965084758,22.40814788623402,6.759787896851776,0.0060014623474151,0.0018028843076443,,,,,,,3760.6071461248457
2023-12-24,INMAA,AEDXB,20ft,2251.693210448272,False,0,INMAA_AEDXB,,False,0,201000.0,10.769802133559796,True,0.0,0.0,,,,,,2023,12,4,51,6,2242.709204786934,2246.439919449575,2228.1435725040988,2242.065502769286,2246.4584731140585,9.8767045164142,-3.730714662640821,14.565632282835397,-0.001660723098063,0.0065371156789801,,,,,,,2258.1819360190098
2023-12-24,CNSHA,USLAX,20ft,3760.6071461248457,False,0,CNSHA_USLAX,,False,0,,,,,,,,,,,2023,12,4,51,6,3761.559932515632,3756.189448019769,3756.479694914518,3752.002593895864,3747.2039478496704,12.395327733150014,5.370484495863366,5.080237601114277,0.0014297693367661,0.001352393201537,,,,,,,3748.1938348271296
2023-12-31,CNSHA,USLAX,20ft,3748.1938348271296,False,0,CNSHA_USLAX,,False,0,,,,,,,,,,,2023,12,4,52,6,3760.6071461248457,3761.559932515632,3733.781300133535,3753.034456698445,3748.398700580022,13.046932857869164,-0.952786390786514,26.82584599131087,-0.0002532955496868,0.0071846323699653,,,,,,,3780.667602181337
2023-12-31,INMAA,AEDXB,20ft,2258.1819360190098,False,0,INMAA_AEDXB,,False,0,202000.0,9.149034747383006,True,0.0,0.0,,,,,,2023,12,4,52,6,2251.693210448272,2242.709204786934,2250.969314336537,2247.952912255329,2246.618541423688,4.198179261360585,8.98400566133796,0.72389611173503,0.0040058718456062,0.0003215930608758,,,,,,,2268.152891427899
2024-01-07,INMAA,AEDXB,20ft,2268.152891427899,False,0,INMAA_AEDXB,,False,0,203000.0,9.518722716860529,True,0.0,0.0,,,,,,2024,1,1,1,6,2258.1819360190098,2251.693210448272,2246.439919449575,2249.756067675948,2247.0479440787303,6.71820648413375,6.488725570737643,11.742016569434782,0.0028817094356499,0.0052269444055783,,,,,,,2270.9919541066497
2024-01-07,CNSHA,USLAX,20ft,3780.667602181337,False,0,CNSHA_USLAX,,False,0,,,,,,,,,,,2024,1,1,1,6,3748.1938348271296,3760.6071461248457,3756.189448019769,3756.637590371845,3750.093677058325,6.0960277861311125,-12.413311297716064,-7.995613192639212,-0.0033008795695417,-0.0021286501395328,,,,,,,3787.714730977264
2024-01-14,CNSHA,USLAX,20ft,3787.714730977264,False,0,CNSHA_USLAX,,False,0,,,,,,,,,,,2024,1,1,2,6,3780.667602181337,3748.1938348271296,3761.559932515632,3762.757128912236,3755.86357735496,13.403112729451571,32.47376735420721,19.107669665704638,0.0086638441834225,0.0050797195866891,,,,,,,3787.7945318962
2024-01-14,INMAA,AEDXB,20ft,2270.9919541066497,False,0,INMAA_AEDXB,,False,0,204000.0,8.83316984144589,True,0.0,0.0,,,,,,2024,1,1,2,6,2268.152891427899,2258.1819360190098,2242.709204786934,2255.1843106705287,2249.504573963065,10.723586032023508,9.97095540888904,25.443686640964643,0.0044154792179708,0.0113450672011585,,,,,,,2281.4047081203626
2024-01-21,INMAA,AEDXB,20ft,2281.4047081203626,False,0,INMAA_AEDXB,,False,0,205000.0,9.555004427495716,True,0.0,0.0,,,,,,2024,1,1,3,6,2270.9919541066497,2268.152891427899,2251.693210448272,2262.254998000458,2252.160250384872,8.93048597193674,2.8390626787509063,19.29874365837759,0.0012517069239382,0.0085707695741266,,,,,,,2292.922772774988
2024-01-21,CNSHA,USLAX,20ft,3787.7945318962,False,0,CNSHA_USLAX,,False,0,,,,,,,,,,,2024,1,1,3,6,3787.714730977264,3780.667602181337,3760.6071461248457,3769.295828527644,3760.6492112117535,18.160034356587406,7.047128795927165,27.107584852418317,0.001863990579828,0.0072083000959968,,,,,,,3800.94527740904
2024-01-28,INMAA,AEDXB,20ft,2292.922772774988,False,0,INMAA_AEDXB,,False,0,206000.0,6.2879149697616015,True,0.0,0.0,,,,,,2024,1,1,4,6,2281.4047081203626,2270.9919541066497,2258.1819360190098,2269.68287241848,2258.817892336905,9.552094133123887,10.412754013712856,23.222772101352803,0.0045851126838575,0.010283835740132,,,,,,,2312.588118841797
2024-01-28,CNSHA,USLAX,20ft,3800.94527740904,False,0,CNSHA_USLAX,,False,0,,,,,,,,,,,2024,1,1,4,6,3787.7945318962,3787.714730977264,3748.1938348271296,3776.092674970482,3764.563565834464,18.896921104140876,0.0798009189361437,39.60069706907052,2.1068355091132844e-05,0.0105652745866855,,,,,,,3809.8872650644553
2024-02-04,INMAA,AEDXB,20ft,2312.588118841797,False,0,INMAA_AEDXB,,False,0,207000.0,6.258854714987542,True,0.0,0.0,,,,,,2024,2,1,5,6,2292.922772774988,2281.4047081203626,2268.152891427899,2278.368081607475,2264.062074641711,11.251925803666447,11.518064654625505,24.769881347089267,0.0050486722560133,0.0109207282457469,,,,,,,2307.5623557669187
2024-02-04,CNSHA,USLAX,20ft,3809.8872650644553,False,0,CNSHA_USLAX,,False,0,,,,,,,,,,,2024,2,1,5,6,3800.94527740904,3787.7945318962,3780.667602181337,3789.28053561596,3772.959062993902,8.46382054502049,13.150745512839876,20.277675227703185,0.0034718740422956,0.0053635170719593,,,,,,,3803.224203435164
2024-02-11,CNSHA,USLAX,20ft,3803.224203435164,False,0,CNSHA_USLAX,,False,0,,,,,,,,,,,2024,2,1,6,6,3809.8872650644553,3800.94527740904,3787.714730977264,3796.58545133674,3779.671290124488,10.830762917394331,8.941987655415232,22.17253408719125,0.0023525694275479,0.0058538025331888,,,,,,,3833.379250031779
2024-02-11,INMAA,AEDXB,20ft,2307.5623557669187,False,0,INMAA_AEDXB,,False,0,208000.0,12.040640294720298,True,0.0,0.0,,,,,,2024,2,1,6,6,2312.588118841797,2292.922772774988,2270.9919541066497,2289.4768884609493,2272.3305995657392,17.821859068346832,19.66534606680898,41.59616473514734,0.008576540954761,0.0183162977129569,,,,,,,2323.860264162646
2024-02-18,INMAA,AEDXB,20ft,2323.860264162646,False,0,INMAA_AEDXB,,False,0,209000.0,8.070966323050719,True,0.0,0.0,,,,,,2024,2,1,7,6,2307.5623557669187,2312.588118841797,2281.4047081203626,2298.6194888760165,2280.437243438237,14.188008342144927,-5.025763074878341,26.157647646556143,-0.002173220139778,0.011465588526863,,,,,,,2339.0114231499915
2024-02-18,CNSHA,USLAX,20ft,3833.379250031779,False,0,CNSHA_USLAX,,False,0,,,,,,,,,,,2024,2,1,7,6,3803.224203435164,3809.8872650644553,3787.7945318962,3800.462819451215,3784.879323989429,9.258576058015043,-6.6630616292914056,15.429671538963705,-0.0017488868215051,0.0040735238960386,,,,,,,3835.011849016528
2024-02-25,INMAA,AEDXB,20ft,2339.0114231499915,False,0,INMAA_AEDXB,,False,0,210000.0,11.531088536054188,True,0.0,0.0,,,,,,2024,2,1,8,6,2323.860264162646,2307.5623557669187,2292.922772774988,2309.2333778865877,2289.4581251525337,12.83261785504,16.297908395727518,30.93749138765816,0.0070628246968047,0.0134926006906967,,,,,,,2335.7396054814635
2024-02-25,CNSHA,USLAX,20ft,3835.011849016528,False,0,CNSHA_USLAX,,False,0,,,,,,,,,,,2024,2,1,8,6,3833.379250031779,3803.224203435164,3800.94527740904,3811.85899898511,3793.975836977797,14.840012944510509,30.155046596615197,32.43397262273902,0.0079288111832529,0.0085331332749015,,,,,,,3858.831420654086
2024-03-03,INMAA,AEDXB,20ft,2335.7396054814635,False,0,INMAA_AEDXB,,False,0,211000.0,8.281312406344332,True,0.0,0.0,,,,,,2024,3,1,9,6,2339.0114231499915,2323.860264162646,2312.588118841797,2320.7555404803384,2299.5618110439063,13.94851796543405,15.151158987345298,26.423304308194474,0.0065198235973989,0.0114258583674761,,,,,,,2354.5276649345897
2024-03-03,CNSHA,USLAX,20ft,3858.831420654086,False,0,CNSHA_USLAX,,False,0,,,,,,,,,,,2024,3,1,9,6,3835.011849016528,3833.379250031779,3809.8872650644553,3820.3756418869816,3804.828088751471,16.201751687653257,1.6325989847487108,25.1245839520725,0.0004258902858972,0.0065945741183623,,,,,,,3867.927364976629
2024-03-10,INMAA,AEDXB,20ft,2354.5276649345897,False,0,INMAA_AEDXB,,False,0,212000.0,9.389053870967226,True,0.0,0.0,,,,,,2024,3,1,10,6,2335.7396054814635,2339.0114231499915,2307.5623557669187,2326.543412140255,2308.010150300602,14.230261822676384,-3.2718176685280014,28.17724971454481,-0.0013988036296641,0.012210829165299,,,,,,,2368.183343466852
2024-03-10,CNSHA,USLAX,20ft,3867.927364976629,False,0,CNSHA_USLAX,,False,0,,,,,,,,,,,2024,3,1,10,6,3858.831420654086,3835.011849016528,3803.224203435164,3832.611680784389,3814.598566060564,22.784852818359276,23.819571637558056,55.60721721892196,0.0062110816277312,0.0146210726069465,,,,,,,3868.833842336169
2024-03-17,INMAA,AEDXB,20ft,2368.183343466852,False,0,INMAA_AEDXB,,False,0,213000.0,11.975670113981677,True,0.0,0.0,,,,,,2024,3,1,11,6,2354.5276649345897,2335.7396054814635,2323.860264162646,2338.2847394321725,2318.4521141540945,12.63465989163212,18.788059453126152,30.66740077194345,0.0080437303066809,0.0131967490665768,,,,,,,2381.753389086624
2024-03-17,CNSHA,USLAX,20ft,3868.833842336169,False,0,CNSHA_USLAX,,False,0,,,,,,,,,,,2024,3,1,11,6,3867.927364976629,3858.831420654086,3833.379250031779,3848.787471169756,3824.625145310485,17.26651383953514,9.095944322543346,34.54811494485011,0.002357175872949,0.0090124437712662,,,,,,,3870.393410903471
2024-03-24,CNSHA,USLAX,20ft,3870.393410903471,False,0,CNSHA_USLAX,,False,0,,,,,,,,,,,2024,3,1,12,6,3868.833842336169,3867.927364976629,3835.011849016528,3857.651119245853,3834.755059115481,15.754197217988674,0.9064773595396218,33.821993319641024,0.0002343573893728,0.0088192669674057,,,,,,,3882.5298409282186
2024-03-24,INMAA,AEDXB,20ft,2381.753389086624,False,0,INMAA_AEDXB,,False,0,214000.0,9.897628602627597,True,0.0,0.0,,,,,,2024,3,1,12,6,2368.183343466852,2354.5276649345897,2339.0114231499915,2349.3655092582244,2329.299443572406,14.984782151696663,13.6556785322623,29.17192031686045,0.0057997528487912,0.0124719016025898,,,,,,,2386.412774807776
2024-03-31,INMAA,AEDXB,20ft,2386.412774807776,False,0,INMAA_AEDXB,,False,0,215000.0,11.706859900496951,True,0.0,0.0,,,,,,2024,3,1,13,6,2381.753389086624,2368.183343466852,2335.7396054814635,2360.0510007423823,2340.4032706113603,19.65264898185187,13.570045619771918,46.01378360516037,0.0057301499299907,0.0196998772881943,,,,,,,2394.832395916216
2024-03-31,CNSHA,USLAX,20ft,3882.5298409282186,False,0,CNSHA_USLAX,,False,0,,,,,,,,,,,2024,3,1,13,6,3870.393410903471,3868.833842336169,3858.831420654086,3866.496509717588,3843.436075802285,5.21056298082411,1.5595685673019943,11.561990249384962,0.0004031107643434,0.0029962413458904,,,,,,,3897.7169283308535
2024-04-07,CNSHA,USLAX,20ft,3897.7169283308535,False,0,CNSHA_USLAX,,False,0,,,,,,,,,,,2024,4,2,14,6,3882.5298409282186,3870.393410903471,3867.927364976629,3872.4211147861215,3852.516397785256,6.815674048774543,12.136430024747824,14.60247595158944,0.0031357096646965,0.0037752715016864,,,,,,,3899.330930210215
2024-04-07,INMAA,AEDXB,20ft,2394.832395916216,False,0,INMAA_AEDXB,,False,0,216000.0,9.57823376912002,True,0.0,0.0,,,,,,2024,4,2,14,6,2386.412774807776,2381.753389086624,2354.5276649345897,2372.71929307396,2349.631352607108,14.383283189878735,4.659385721151921,31.88510987318614,0.0019562838631831,0.0135420408721644,,,,,,,2403.411271941918
2024-04-14,INMAA,AEDXB,20ft,2403.411271941918,False,0,INMAA_AEDXB,,False,0,217000.0,6.096351128909284,True,0.0,0.0,,,,,,2024,4,2,15,6,2394.832395916216,2386.412774807776,2368.183343466852,2382.795475819367,2360.54010762577,11.1440964047723,8.41962110843997,26.649052449363808,0.00352814952942,0.0112529515600559,,,,,,,2432.9228414357544
2024-04-14,CNSHA,USLAX,20ft,3899.330930210215,False,0,CNSHA_USLAX,,False,0,,,,,,,,,,,2024,4,2,15,6,3897.7169283308535,3882.5298409282186,3868.833842336169,3879.8685056246777,3864.327988397217,13.381456230522147,15.187087402634916,28.88308599468473,0.0039116473085507,0.0074655793377892,,,,,,,3928.2270638815207
2024-04-21,INMAA,AEDXB,20ft,2432.9228414357544,False,0,INMAA_AEDXB,,False,0,218000.0,9.894198457669969,True,0.0,0.0,,,,,,2024,4,2,16,6,2403.411271941918,2394.832395916216,2381.753389086624,2391.6024579381337,2370.483983598179,9.553665191167422,8.578876025702357,21.657882855294247,0.0035822448536822,0.0090932516164487,,,,,,,2438.214693582359
2024-04-21,CNSHA,USLAX,20ft,3928.2270638815207,False,0,CNSHA_USLAX,,False,0,,,,,,,,,,,2024,4,2,16,6,3899.330930210215,3897.7169283308535,3870.393410903471,3887.4927775931897,3872.571948419521,13.68325250328292,1.6140018793612398,28.93751930674398,0.0004140890446994,0.0074766351206631,,,,,,,3909.2161226717753
2024-04-28,CNSHA,USLAX,20ft,3909.2161226717753,False,0,CNSHA_USLAX,,False,0,,,,,,,,,,,2024,4,2,17,6,3928.2270638815207,3899.330930210215,3882.5298409282186,3901.9511908377017,3884.223850277645,19.08232237124001,28.89613367130596,45.69722295330212,0.0074105363685426,0.0117699605220231,,,,,,,3939.739604556674
2024-04-28,INMAA,AEDXB,20ft,2438.214693582359,False,0,INMAA_AEDXB,,False,0,219000.0,11.313449653555349,True,0.0,0.0,,,,,,2024,4,2,17,6,2432.9228414357544,2403.411271941918,2386.412774807776,2404.394821025416,2382.2229108838987,20.245240407530773,29.511569493836305,46.51006662797863,0.012279034320244,0.0194895313664774,,,,,,,2450.9732212610406
2024-05-05,CNSHA,USLAX,20ft,3939.739604556674,False,0,CNSHA_USLAX,,False,0,,,,,,,,,,,2024,5,2,18,6,3909.2161226717753,3928.2270638815207,3897.7169283308535,3908.622761273591,3890.5219380298568,14.023267274579082,-19.0109412097454,11.499194340921804,-0.0048395728914306,0.0029502384478818,,,,,,,3945.1424987821847
2024-05-05,INMAA,AEDXB,20ft,2450.9732212610406,False,0,INMAA_AEDXB,,False,0,220000.0,10.909715558036906,True,0.0,0.0,,,,,,2024,5,2,18,6,2438.214693582359,2432.9228414357544,2394.832395916216,2417.345300719062,2395.032296896511,21.44123265959546,5.2918521466044695,43.38229766614313,0.0021751006881424,0.0181149619238994,,,,,,,2449.5605771532087
2024-05-12,CNSHA,USLAX,20ft,3945.1424987821847,False,0,CNSHA_USLAX,,False,0,,,,,,,,,,,2024,5,2,19,6,3939.739604556674,3909.2161226717753,3899.330930210215,3919.1284303300463,3899.4984679773625,18.237328839470266,30.5234818848985,40.408674346459065,0.0078080824715408,0.0103629763848436,,,,,,,3953.9452466195617
2024-05-12,INMAA,AEDXB,20ft,2449.5605771532087,False,0,INMAA_AEDXB,,False,0,221000.0,6.608342107610782,True,0.0,0.0,,,,,,2024,5,2,19,6,2450.9732212610406,2438.214693582359,2403.411271941918,2431.380507055268,2407.0879914373177,20.12657831165053,12.75852767868173,47.561949319122505,0.0052327334882623,0.0197893510255085,,,,,,,2451.440611829445
2024-05-19,CNSHA,USLAX,20ft,3953.9452466195617,False,0,CNSHA_USLAX,,False,0,,,,,,,,,,,2024,5,2,20,6,3945.1424987821847,3939.739604556674,3928.2270638815207,3930.581322473039,3909.0370500331137,15.89461420606312,5.402894225510863,16.915434900663968,0.0013713835856719,0.0043061245252838,,,,,,,3951.6765924041215
2024-05-19,INMAA,AEDXB,20ft,2451.440611829445,False,0,INMAA_AEDXB,,False,0,222000.0,9.008882802544592,True,0.0,0.0,,,,,,2024,5,2,20,6,2449.5605771532087,2450.9732212610406,2432.9228414357544,2442.917833358091,2417.260145648112,8.775623561399112,-1.4126441078319658,16.637735717454234,-0.0005763604822679,0.0068385792734946,,,,,,,2472.509234258854
2024-05-26,INMAA,AEDXB,20ft,2472.509234258854,False,0,INMAA_AEDXB,,False,0,223000.0,8.194751349349204,True,0.0,0.0,,,,,,2024,5,2,21,6,2451.440611829445,2449.5605771532087,2438.214693582359,2447.547275956513,2425.9710484909647,6.272842017513965,1.8800346762363915,13.225918247086156,0.0007674987480494,0.0054244272589686,,,,,,,2482.854974447436
2024-05-26,CNSHA,USLAX,20ft,3951.6765924041215,False,0,CNSHA_USLAX,,False,0,,,,,,,,,,,2024,5,2,21,6,3953.9452466195617,3945.1424987821847,3909.2161226717753,3937.010868157549,3919.481029497625,19.43270841863211,8.802747837376955,44.72912394778632,0.0022312876759443,0.0114419675311315,,,,,,,3969.07276517562
2024-06-02,INMAA,AEDXB,20ft,2482.854974447436,False,0,INMAA_AEDXB,,False,0,224000.0,11.760683061501249,True,0.0,0.0,,,,,,2024,6,2,22,6,2472.509234258854,2451.440611829445,2450.9732212610406,2456.120911125637,2436.7331059223493,10.954740669296893,21.06862242940906,21.536012997813486,0.0085943841868908,0.0087867190106357,,,,,,,2474.517069136832
2024-06-02,CNSHA,USLAX,20ft,3969.07276517562,False,0,CNSHA_USLAX,,False,0,,,,,,,,,,,2024,6,2,22,6,3951.6765924041215,3953.9452466195617,3939.739604556674,3947.625985590636,3928.124373432113,6.447304036973005,-2.268654215440165,11.936987847447654,-0.0005737697600592,0.0030298925933179,,,,,,,3951.322464078035
2024-06-09,CNSHA,USLAX,20ft,3951.322464078035,False,0,CNSHA_USLAX,,False,0,,,,,,,,,,,2024,6,2,23,6,3969.07276517562,3951.6765924041215,3945.1424987821847,3954.959275745372,3937.0438530377087,10.121988586165926,17.39617277149864,23.93026639343543,0.0044022258311668,0.006065754633913,,,,,,,3974.9732317636617
2024-06-09,INMAA,AEDXB,20ft,2474.517069136832,False,0,INMAA_AEDXB,,False,0,225000.0,7.631840352877271,True,0.0,0.0,,,,,,2024,6,2,23,6,2482.854974447436,2472.509234258854,2449.5605771532087,2464.091349422236,2447.735928238752,16.269797310631024,10.345740188581658,33.29439729422711,0.0041843080079265,0.0135919877241495,,,,,,,2481.9492709191745
2024-06-16,CNSHA,USLAX,20ft,3974.9732317636617,False,0,CNSHA_USLAX,,False,0,,,,,,,,,,,2024,6,2,24,6,3951.322464078035,3969.07276517562,3953.9452466195617,3956.504267069335,3943.5427947711855,8.45918150511949,-17.75030109758518,-2.6227825415267034,-0.0044721531067218,-0.0006633330453346,,,,,,,3978.59748723794
2024-06-16,INMAA,AEDXB,20ft,2481.9492709191745,False,0,INMAA_AEDXB,,False,0,226000.0,12.855417175005252,True,0.0,0.0,,,,,,2024,6,2,24,6,2474.517069136832,2482.854974447436,2451.440611829445,2470.3304724181417,2456.6241528881164,13.366183441655242,-8.337905310603674,23.076457307387045,-0.0033581926437162,0.009413427025738,,,,,,,2475.068888802679
2024-06-23,CNSHA,USLAX,20ft,3978.59748723794,False,0,CNSHA_USLAX,,False,0,,,,,,,,,,,2024,6,2,25,6,3974.9732317636617,3951.322464078035,3951.6765924041215,3961.76126335536,3949.386065756454,12.09246716793187,23.65076768562676,23.296639359540222,0.0059855321605965,0.0058953810654244,,,,,,,3962.309272899302
2024-06-23,INMAA,AEDXB,20ft,2475.068888802679,False,0,INMAA_AEDXB,,False,0,227000.0,10.565123271945572,True,0.0,0.0,,,,,,2024,6,2,25,6,2481.9492709191745,2474.517069136832,2472.509234258854,2477.957637190574,2462.752456573544,5.210235281695461,7.432201782342418,9.440036660320402,0.0030034958639161,0.0038179985455747,,,,,,,2466.477898699146
2024-06-30,INMAA,AEDXB,20ft,2466.477898699146,False,0,INMAA_AEDXB,,False,0,228000.0,4.585114390109395,True,0.0,0.0,,,,,,2024,6,2,26,6,2475.068888802679,2481.9492709191745,2482.854974447436,2478.59755082653,2467.3592309760834,4.414425971295233,-6.880382116495639,-7.786085644756895,-0.0027721687131613,-0.003135940570387,,,,,,,2461.072378315716
2024-06-30,CNSHA,USLAX,20ft,3962.309272899302,False,0,CNSHA_USLAX,,False,0,,,,,,,,,,,2024,6,2,26,6,3978.59748723794,3974.9732317636617,3969.07276517562,3968.4914870638154,3958.058736327225,12.100378622021688,3.6242554742784714,9.524722062320052,0.00091176852345,0.0023997348060457,,,,,,,3976.10251394296
2024-07-07,INMAA,AEDXB,20ft,2461.072378315716,False,0,INMAA_AEDXB,,False,0,229000.0,5.431647881771638,True,0.0,0.0,,,,,,2024,7,3,27,6,2466.477898699146,2475.068888802679,2474.517069136832,2474.503281889458,2469.297315655847,6.329023865040568,-8.590990103532931,-8.039170437686153,-0.0034710105009193,-0.0032487835860798,,,,,,,2496.424129342924
2024-07-07,CNSHA,USLAX,20ft,3976.10251394296,False,0,CNSHA_USLAX,,False,0,,,,,,,,,,,2024,7,3,27,6,3962.309272899302,3978.59748723794,3951.322464078035,3966.800613994735,3960.879944870053,12.45930935991904,-16.288214338638227,10.986808821267005,-0.0040939588362194,0.0027805396601136,,,,,,,3960.527845694674
2024-07-14,INMAA,AEDXB,20ft,2496.424129342924,False,0,INMAA_AEDXB,,False,0,230000.0,10.700836937627626,True,0.0,0.0,,,,,,2024,7,3,28,6,2461.072378315716,2466.477898699146,2481.9492709191745,2471.142109184179,2470.7362908011605,9.22620691568022,-5.40552038343003,-20.8768926034586,-0.0021915948998695,-0.0084114904555349,,,,,,,2471.063630424232
2024-07-14,CNSHA,USLAX,20ft,3960.527845694674,False,0,CNSHA_USLAX,,False,0,,,,,,,,,,,2024,7,3,28,6,3976.10251394296,3962.309272899302,3974.9732317636617,3972.995626460966,3964.749946765151,7.283375342849421,13.793241043657872,1.1292821792981158,0.0034811116683895,0.0002840980588936,,,,,,,3966.472247569433
2024-07-21,INMAA,AEDXB,20ft,2471.063630424232,False,0,INMAA_AEDXB,,False,0,231000.0,9.186465504282085,True,0.0,0.0,,,,,,2024,7,3,29,6,2496.424129342924,2461.072378315716,2475.068888802679,2474.7608237901163,2476.359230490345,15.549642001203988,35.35175102720814,21.355240540245177,0.0143643686950002,0.0086281398618265,,,,,,,2471.203904899655
2024-07-21,CNSHA,USLAX,20ft,3966.472247569433,False,0,CNSHA_USLAX,,False,0,,,,,,,,,,,2024,7,3,29,6,3960.527845694674,3976.10251394296,3978.59748723794,3969.384279943719,3965.572771649539,9.282779917441816,-15.574668248285889,-18.069641543266243,-0.0039170690880505,-0.0045417113948389,,,,,,,3980.578386481122
2024-07-28,INMAA,AEDXB,20ft,2471.203904899655,False,0,INMAA_AEDXB,,False,0,232000.0,6.894166251053767,True,0.0,0.0,,,,,,2024,7,3,30,6,2471.063630424232,2496.424129342924,2466.477898699146,2473.7595091955045,2476.1785300110173,15.651814699474476,-25.36049891869197,4.585731725086134,-0.0101587300894127,0.0018592227108561,,,,,,,2470.9012093632923
2024-07-28,CNSHA,USLAX,20ft,3980.578386481122,False,0,CNSHA_USLAX,,False,0,,,,,,,,,,,2024,7,3,30,6,3966.472247569433,3960.527845694674,3962.309272899302,3966.352970026592,3967.422228545203,6.960636791627198,5.944401874759024,4.162974670131007,0.0015009115214834,0.0010506435473384,,,,,,,3960.525394576333
2024-08-04,CNSHA,USLAX,20ft,3960.525394576333,False,0,CNSHA_USLAX,,False,0,,,,,,,,,,,2024,8,3,31,6,3980.578386481122,3966.472247569433,3976.10251394296,3970.9202484220473,3968.860431208391,9.090695842748634,14.10613891168896,4.475872538162093,0.0035563437813873,0.0011256934453944,,,,,,,3966.545779556832
2024-08-04,INMAA,AEDXB,20ft,2470.9012093632923,False,0,INMAA_AEDXB,,False,0,233000.0,12.684379016907307,True,0.0,0.0,,,,,,2024,8,3,31,6,2471.203904899655,2471.063630424232,2461.072378315716,2474.9410107456315,2474.7221463175447,15.087117997423476,0.1402744754227569,10.13152658393892,5.676684068174912e-05,0.0041167121589786,,,,,,,2465.774522949049
2024-08-11,CNSHA,USLAX,20ft,3966.545779556832,False,0,CNSHA_USLAX,,False,0,,,,,,,,,,,2024,8,3,32,6,3960.525394576333,3980.578386481122,3960.527845694674,3967.0259685803903,3970.0107975206784,9.45969874996117,-20.052991904789,-0.002451118341014,-0.0050377080810399,-6.188867839115409e-07,,,,,,,3972.0118055748153
2024-08-11,INMAA,AEDXB,20ft,2465.774522949049,False,0,INMAA_AEDXB,,False,0,234000.0,7.420359049114039,True,0.0,0.0,,,,,,2024,8,3,32,6,2470.9012093632923,2471.203904899655,2496.424129342924,2477.398218507526,2474.270163845852,12.684543589171154,-0.3026955363625347,-25.52291997963175,-0.0001224890976266,-0.0102237915743706,,,,,,,2477.798923629495
2024-08-18,INMAA,AEDXB,20ft,2477.798923629495,False,0,INMAA_AEDXB,,False,0,235000.0,10.276735179750478,True,0.0,0.0,,,,,,2024,8,3,33,6,2465.774522949049,2470.9012093632923,2471.063630424232,2469.735816909057,2472.2483203495867,2.643757458079127,-5.126686414243522,-5.2891074751833,-0.0020748245194167,-0.0021404173531036,,,,,,,2453.94104656268
2024-08-18,CNSHA,USLAX,20ft,3972.0118055748153,False,0,CNSHA_USLAX,,False,0,,,,,,,,,,,2024,8,3,33,6,3966.545779556832,3960.525394576333,3966.472247569433,3968.5304520459295,3968.9573659948246,8.51290784217727,6.020384980498875,0.0735319873988373,0.0015200975579511,1.853838444070702e-05,,,,,,,3964.002397831651
2024-08-25,INMAA,AEDXB,20ft,2453.94104656268,False,0,INMAA_AEDXB,,False,0,236000.0,10.204095028694118,True,0.0,0.0,,,,,,2024,8,3,34,6,2477.798923629495,2465.774522949049,2471.203904899655,2471.419640210373,2472.589574702939,4.928756371382828,12.024400680446432,6.595018729840376,0.004876520772088,0.0026687472922669,,,,,,,2448.679030226773
2024-08-25,CNSHA,USLAX,20ft,3964.002397831651,False,0,CNSHA_USLAX,,False,0,,,,,,,,,,,2024,8,3,34,6,3972.0118055748153,3966.545779556832,3980.578386481122,3969.915341547276,3968.1341557869337,8.517056236174604,5.466026017983495,-8.566580906306626,0.0013780317489728,-0.0021520945135512,,,,,,,3950.858195060872
2024-09-01,CNSHA,USLAX,20ft,3950.858195060872,False,0,CNSHA_USLAX,,False,0,,,,,,,,,,,2024,9,3,35,6,3964.002397831651,3972.0118055748153,3960.525394576333,3965.771344384908,3968.345796403478,4.837088207676337,-8.009407743164502,3.477003255317868,-0.0020164612129105,0.0008779146474049,,,,,,,3940.416443777892
2024-09-01,INMAA,AEDXB,20ft,2448.679030226773,False,0,INMAA_AEDXB,,False,0,237000.0,12.042242570927804,True,0.0,0.0,,,,,,2024,9,3,35,6,2453.94104656268,2477.798923629495,2470.9012093632923,2467.103925626129,2471.0224681858804,10.063648158786703,-23.85787706681504,-16.960162800612125,-0.0096286574504874,-0.0068639582741482,,,,,,,2445.0975078168985
2024-09-08,CNSHA,USLAX,20ft,3940.416443777892,False,0,CNSHA_USLAX,,False,0,,,,,,,,,,,2024,9,3,36,6,3950.858195060872,3964.002397831651,3966.545779556832,3963.354544506042,3965.190256543217,8.976090718040595,-13.144202770778977,-15.687584495959982,-0.0033158917305319,-0.0039549737650356,,,,,,,3962.100344550727
2024-09-08,INMAA,AEDXB,20ft,2445.0975078168985,False,0,INMAA_AEDXB,,False,0,238000.0,9.54308391486284,True,0.0,0.0,,,,,,2024,9,3,36,6,2448.679030226773,2453.94104656268,2465.774522949049,2461.5483808419995,2469.4732996747625,12.979883642188971,-5.262016335906992,-17.095492722275594,-0.0021443124492651,-0.006933112725096,,,,,,,2438.8906154013694
2024-09-15,CNSHA,USLAX,20ft,3962.100344550727,False,0,CNSHA_USLAX,,False,0,,,,,,,,,,,2024,9,3,37,6,3940.416443777892,3950.858195060872,3972.0118055748153,3956.822210561307,3962.676331303619,13.988060987126298,-10.441751282980022,-31.5953617969235,-0.0026429071273764,-0.0079544984616054,,,,,,,3933.844040820941
2024-09-15,INMAA,AEDXB,20ft,2438.8906154013694,False,0,INMAA_AEDXB,,False,0,239000.0,8.334376368106213,True,0.0,0.0,,,,,,2024,9,3,37,6,2445.0975078168985,2448.679030226773,2477.798923629495,2456.379127058962,2463.0574719840097,14.734521206783514,-3.581522409874651,-32.70141581259668,-0.0014626344921747,-0.0131977681888308,,,,,,,2421.513348025457
2024-09-22,INMAA,AEDXB,20ft,2421.513348025457,False,0,INMAA_AEDXB,,False,0,240000.0,11.262577078451612,True,0.0,0.0,,,,,,2024,9,3,38,6,2438.8906154013694,2445.0975078168985,2453.94104656268,2446.6520500019305,2459.035845106152,6.321776864151369,-6.206892415529183,-15.050431161310826,-0.0025385050680743,-0.0061331673727013,,,,,,,2424.5628871255994
2024-09-22,CNSHA,USLAX,20ft,3933.844040820941,False,0,CNSHA_USLAX,,False,0,,,,,,,,,,,2024,9,3,38,6,3962.100344550727,3940.416443777892,3964.002397831651,3954.344345305285,3962.129843426281,10.947955476808785,21.683900772835383,-1.90205328092361,0.0055029464733544,-0.0004798315162382,,,,,,,3936.6584066036007
2024-09-29,INMAA,AEDXB,20ft,2424.5628871255994,False,0,INMAA_AEDXB,,False,0,241000.0,12.325117043442894,True,0.0,0.0,,,,,,2024,9,3,39,6,2421.513348025457,2438.8906154013694,2448.679030226773,2438.5451253676247,2452.824525496877,12.053084615626467,-17.377267375912197,-27.16568220131603,-0.007125070417745,-0.011094015126515,,,,,,,2411.6852408295854
2024-09-29,CNSHA,USLAX,20ft,3936.6584066036007,False,0,CNSHA_USLAX,,False,0,,,,,,,,,,,2024,9,3,39,6,3933.844040820941,3962.100344550727,3950.858195060872,3946.804756052608,3956.2880502187577,12.371689029379,-28.2563037297864,-17.01415423993103,-0.0071316476799101,-0.0043064451822647,,,,,,,3912.503821032829
2024-10-06,CNSHA,USLAX,20ft,3912.503821032829,False,0,CNSHA_USLAX,,False,0,,,,,,,,,,,2024,10,4,40,6,3936.6584066036007,3933.844040820941,3940.416443777892,3943.25480893829,3953.3046767221663,12.848937823918805,2.8143657826599338,-3.758037174291076,0.0007154238331402,-0.0009537157373874,,,,,,,3910.0624794741966
2024-10-06,INMAA,AEDXB,20ft,2411.6852408295854,False,0,INMAA_AEDXB,,False,0,242000.0,11.035917879413294,True,0.0,0.0,,,,,,2024,10,4,40,6,2424.5628871255994,2421.513348025457,2445.0975078168985,2432.516089592331,2447.032235217165,11.30251322048494,3.049539100142283,-20.534620691299097,0.0012593525873515,-0.0083982829419483,,,,,,,2406.0428557937
2024-10-13,INMAA,AEDXB,20ft,2406.0428557937,False,0,INMAA_AEDXB,,False,0,243000.0,7.1274282011458165,True,0.0,0.0,,,,,,2024,10,4,41,6,2411.6852408295854,2424.5628871255994,2438.8906154013694,2424.163022845503,2440.271074952232,11.25133613731669,-12.877646296014063,-27.205374571783977,-0.0053113269878023,-0.011154815390237,,,,,,,2398.398318967258
2024-10-13,CNSHA,USLAX,20ft,3910.0624794741966,False,0,CNSHA_USLAX,,False,0,,,,,,,,,,,2024,10,4,41,6,3912.503821032829,3936.6584066036007,3962.100344550727,3936.276653252025,3946.5494319066656,20.314805133692992,-24.15458557077181,-49.59652351789828,-0.0061358093783939,-0.0125177353436065,,,,,,,3888.36477259062
2024-10-20,CNSHA,USLAX,20ft,3888.36477259062,False,0,CNSHA_USLAX,,False,0,,,,,,,,,,,2024,10,4,42,6,3910.0624794741966,3912.503821032829,3933.844040820941,3923.267186982892,3938.805766144089,13.9213139584875,-2.4413415586323026,-23.781561346744184,-0.0006239844535123,-0.0060453747276115,,,,,,,3896.5947206832375
2024-10-20,INMAA,AEDXB,20ft,2398.398318967258,False,0,INMAA_AEDXB,,False,0,244000.0,9.344388621191058,True,0.0,0.0,,,,,,2024,10,4,42,6,2406.0428557937,2411.6852408295854,2421.513348025457,2415.9510829435853,2431.3015664727577,8.59209594738869,-5.642385035885582,-15.470492231757362,-0.0023396025900729,-0.0063887701648938,,,,,,,2392.494395797178
2024-10-27,CNSHA,USLAX,20ft,3896.5947206832375,False,0,CNSHA_USLAX,,False,0,,,,,,,,,,,2024,10,4,43,6,3888.36477259062,3910.0624794741966,3936.6584066036007,3911.897369925312,3929.35106298896,19.753705817721965,-21.69770688357676,-48.29363401298088,-0.0055491969751067,-0.012267671975798,,,,,,,3889.830951465344
2024-10-27,INMAA,AEDXB,20ft,2392.494395797178,False,0,INMAA_AEDXB,,False,0,245000.0,8.824850345483942,True,0.0,0.0,,,,,,2024,10,4,43,6,2398.398318967258,2406.0428557937,2424.5628871255994,2410.172325679036,2424.35872552333,11.03112152933135,-7.644536826441708,-26.164568158341357,-0.0031772238836202,-0.0107914578323684,,,,,,,2366.604785278998
2024-11-03,CNSHA,USLAX,20ft,3889.830951465344,False,0,CNSHA_USLAX,,False,0,,,,,,,,,,,2024,11,4,44,6,3896.5947206832375,3888.36477259062,3912.503821032829,3901.881448445221,3922.568128691755,11.407805583024125,8.229948092617633,-15.909100349591426,0.0021165576209904,-0.004066219760366,,,,,,,3857.5088759228593
2024-11-03,INMAA,AEDXB,20ft,2366.604785278998,False,0,INMAA_AEDXB,,False,0,246000.0,11.605149309606494,True,0.0,0.0,,,,,,2024,11,4,44,6,2392.494395797178,2398.398318967258,2411.6852408295854,2402.1552028469305,2417.3356462196307,8.433679282591056,-5.903923170079906,-19.1908450324072,-0.0024616107855771,-0.0079574418367323,,,,,,,2373.633142313568
2024-11-10,CNSHA,USLAX,20ft,3857.5088759228593,False,0,CNSHA_USLAX,,False,0,,,,,,,,,,,2024,11,4,45,6,3889.830951465344,3896.5947206832375,3910.0624794741966,3896.213231053349,3916.244942152687,9.90419118565816,-6.763769217893696,-20.23152800885282,-0.001735815424168,-0.0051742211576049,,,,,,,3857.6664364479866
2024-11-10,INMAA,AEDXB,20ft,2373.633142313568,False,0,INMAA_AEDXB,,False,0,247000.0,7.479853409753766,True,0.0,0.0,,,,,,2024,11,4,45,6,2366.604785278998,2392.494395797178,2406.0428557937,2390.885088959284,2407.524055902393,17.110713367809907,-25.889610518180238,-39.43807051470185,-0.0108211791691799,-0.0163912585429373,,,,,,,2353.560675422056
2024-11-17,INMAA,AEDXB,20ft,2353.560675422056,False,0,INMAA_AEDXB,,False,0,248000.0,12.571131910552316,True,0.0,0.0,,,,,,2024,11,4,46,6,2373.633142313568,2366.604785278998,2398.398318967258,2382.7826605892506,2399.366871766418,15.095296414887684,7.028357034570036,-24.765176653690105,0.0029698059761767,-0.0103257146479129,,,,,,,2340.4418871487665
2024-11-17,CNSHA,USLAX,20ft,3857.6664364479866,False,0,CNSHA_USLAX,,False,0,,,,,,,,,,,2024,11,4,46,6,3857.5088759228593,3889.830951465344,3888.36477259062,3883.074830165515,3903.1710085742034,17.41679382868846,-32.32207554248453,-30.85589666776059,-0.0083093779513241,-0.0079354429104147,,,,,,,3854.791971319225
2024-11-24,INMAA,AEDXB,20ft,2340.4418871487665,False,0,INMAA_AEDXB,,False,0,249000.0,9.413911097342767,True,0.0,0.0,,,,,,2024,11,4,47,6,2353.560675422056,2373.633142313568,2392.494395797178,2371.5732497029503,2390.872787690993,16.23859581800135,-20.072466891511795,-38.93372037512199,-0.0084564318443697,-0.0162732754749669,,,,,,,2341.273927960884
2024-11-24,CNSHA,USLAX,20ft,3854.791971319225,False,0,CNSHA_USLAX,,False,0,,,,,,,,,,,2024,11,4,47,6,3857.6664364479866,3857.5088759228593,3896.5947206832375,3875.400246129857,3893.648808027584,20.75283227076543,0.1575605251273373,-38.928284235250885,4.084514908332984e-05,-0.0099903343882848,,,,,,,3836.3122419532615
2024-12-01,CNSHA,USLAX,20ft,3836.3122419532615,False,0,CNSHA_USLAX,,False,0,,,,,,,,,,,2024,12,4,48,6,3854.791971319225,3857.6664364479866,3889.830951465344,3864.949558788853,3883.415503617037,16.639991158396278,-2.874465128761585,-35.038980146118774,-0.0007451305539543,-0.0090078413646534,,,,,,,3846.4403822697454
2024-12-01,INMAA,AEDXB,20ft,2341.273927960884,False,0,INMAA_AEDXB,,False,0,250000.0,14.922445665847718,True,0.0,0.0,,,,,,2024,12,4,48,6,2340.4418871487665,2353.560675422056,2366.604785278998,2358.5601225408477,2380.357662693889,14.66489514517308,-13.118788273289738,-26.162898130231497,-0.0055740174495128,-0.0110550347455446,,,,,,,2343.7404024823286
2024-12-08,INMAA,AEDXB,20ft,2343.7404024823286,False,0,INMAA_AEDXB,,False,0,251000.0,2.174176365030066,True,1.0,0.0,,,,,,2024,12,4,49,6,2341.273927960884,2340.4418871487665,2373.633142313568,2352.2274082113186,2371.556248585301,15.4796672038382,0.8320408121176115,-32.35921435268392,0.000355505862669,-0.0136327782823016,,,,,,,2329.4722420406915
2024-12-08,CNSHA,USLAX,20ft,3846.4403822697454,False,0,CNSHA_USLAX,,False,0,,,,,,,,,,,2024,12,4,49,6,3836.3122419532615,3854.791971319225,3857.5088759228593,3851.569881410833,3873.8915562320913,10.256982407368568,-18.47972936596352,-21.19663396959777,-0.004793962813936,-0.0054949021898301,,,,,,,3841.18700747302
2024-12-15,CNSHA,USLAX,20ft,3841.18700747302,False,0,CNSHA_USLAX,,False,0,,,,,,,,,,,2024,12,4,50,6,3846.4403822697454,3836.3122419532615,3857.6664364479866,3848.802757997555,3865.938794081535,9.592171843096567,10.12814031648395,-11.226054178241156,0.0026400719434993,-0.0029100634705414,,,,,,,3831.394735922724
2024-12-15,INMAA,AEDXB,20ft,2329.4722420406915,False,0,INMAA_AEDXB,,False,0,252000.0,7.463355694250449,True,0.0,0.0,,,,,,2024,12,4,50,6,2343.7404024823286,2341.273927960884,2353.560675422056,2344.754223253509,2363.76844192138,6.035730564944332,2.4664745214445247,-9.820272939727602,0.0010534754143837,-0.0041725174295608,,,,,,,2304.915818382082
2024-12-22,CNSHA,USLAX,20ft,3831.394735922724,False,0,CNSHA_USLAX,,False,0,,,,,,,,,,,2024,12,4,51,6,3841.18700747302,3846.4403822697454,3854.791971319225,3844.682900753813,3860.0415734418343,7.907196037924841,-5.253374796725439,-13.60496384620501,-0.001365775697692,-0.0035293639572329,,,,,,,3824.76290416104
2024-12-22,INMAA,AEDXB,20ft,2304.915818382082,False,0,INMAA_AEDXB,,False,0,253000.0,13.724940243703916,True,0.0,0.0,,,,,,2024,12,4,51,6,2329.4722420406915,2343.7404024823286,2340.4418871487665,2338.732114908168,2355.1526823055588,6.330148093517684,-14.268160441637065,-10.969645108074928,-0.0060877733841705,-0.0046869974291216,,,,,,,2307.1433903682246
