Economy_Label,2010_TEU_Twenty_foot_Equivalent_Unit_Value,2010_TEU_Twenty_foot_Equivalent_Unit_Footnote,2010_TEU_Twenty_foot_Equivalent_Unit_MissingValue,2011_TEU_Twenty_foot_Equivalent_Unit_Value,2011_TEU_Twenty_foot_Equivalent_Unit_Footnote,2011_TEU_Twenty_foot_Equivalent_Unit_MissingValue,2012_TEU_Twenty_foot_Equivalent_Unit_Value,2012_TEU_Twenty_foot_Equivalent_Unit_Footnote,2012_TEU_Twenty_foot_Equivalent_Unit_MissingValue,2013_TEU_Twenty_foot_Equivalent_Unit_Value,2013_TEU_Twenty_foot_Equivalent_Unit_Footnote,2013_TEU_Twenty_foot_Equivalent_Unit_MissingValue,2014_TEU_Twenty_foot_Equivalent_Unit_Value,2014_TEU_Twenty_foot_Equivalent_Unit_Footnote,2014_TEU_Twenty_foot_Equivalent_Unit_MissingValue,2015_TEU_Twenty_foot_Equivalent_Unit_Value,2015_TEU_Twenty_foot_Equivalent_Unit_Footnote,2015_TEU_Twenty_foot_Equivalent_Unit_MissingValue,2016_TEU_Twenty_foot_Equivalent_Unit_Value,2016_TEU_Twenty_foot_Equivalent_Unit_Footnote,2016_TEU_Twenty_foot_Equivalent_Unit_MissingValue,2017_TEU_Twenty_foot_Equivalent_Unit_Value,2017_TEU_Twenty_foot_Equivalent_Unit_Footnote,2017_TEU_Twenty_foot_Equivalent_Unit_MissingValue,2018_TEU_Twenty_foot_Equivalent_Unit_Value,2018_TEU_Twenty_foot_Equivalent_Unit_Footnote,2018_TEU_Twenty_foot_Equivalent_Unit_MissingValue,2019_TEU_Twenty_foot_Equivalent_Unit_Value,2019_TEU_Twenty_foot_Equivalent_Unit_Footnote,2019_TEU_Twenty_foot_Equivalent_Unit_MissingValue,2020_TEU_Twenty_foot_Equivalent_Unit_Value,2020_TEU_Twenty_foot_Equivalent_Unit_Footnote,2020_TEU_Twenty_foot_Equivalent_Unit_MissingValue,2021_TEU_Twenty_foot_Equivalent_Unit_Value,2021_TEU_Twenty_foot_Equivalent_Unit_Footnote,2021_TEU_Twenty_foot_Equivalent_Unit_MissingValue,2022_TEU_Twenty_foot_Equivalent_Unit_Value,2022_TEU_Twenty_foot_Equivalent_Unit_Footnote,2022_TEU_Twenty_foot_Equivalent_Unit_MissingValue,2023_TEU_Twenty_foot_Equivalent_Unit_Value,2023_TEU_Twenty_foot_Equivalent_Unit_Footnote,2023_TEU_Twenty_foot_Equivalent_Unit_MissingValue,2024_TEU_Twenty_foot_Equivalent_Unit_Value,2024_TEU_Twenty_foot_Equivalent_Unit_Footnote,2024_TEU_Twenty_foot_Equivalent_Unit_MissingValue
"World",545520944,,,591086757,,,620931017,,,641216029,,,672163860,,,682036966,,,698356902,,,743487518,,,781171005,,,801358662,,,792561372,,,849704968,,,855154871,,,860605228,,,920300805,,
"Africa",23416816,,,25807125,,,26036436,,,27390638,,,29173485,,,29148429,,,27719861,,,29681526,,,31514590,,,33937093,,,34518899,,,36790430,,,36622876,,,39679007,,,44341039,,
"Americas",84179473,,,89668724,,,93634957,,,95141372,,,97449183,,,100589330,,,99750000,,,106839351,,,113800429,,,115741830,,,112773416,,,127793834,,,127674455,,,120291587,,,131990232,,
"Asia",342459718,,,372762324,,,395389190,,,410270787,,,432434948,,,440794942,,,455848888,,,485537815,,,508257606,,,521456151,,,519279513,,,551513299,,,562445602,,,577200591,,,613209077,,
"Europe",86188340,,,92985177,,,95530501,,,97900889,,,102356350,,,100270776,,,103603073,,,109645552,,,114965132,,,117411892,,,113551431,,,120581855,,,115085050,,,110444154,,,117279309,,
"Oceania",9276596,,,9863406,,,10339933,,,10512343,,,10749894,,,11233488,,,11435081,,,11783274,,,12633247,,,12811695,,,12438114,,,13025549,,,13326889,,,12989889,,,13481148,,
"Individual economies",,,"Not applicable",,,"Not applicable",,,"Not applicable",,,"Not applicable",,,"Not applicable",,,"Not applicable",,,"Not applicable",,,"Not applicable",,,"Not applicable",,,"Not applicable",,,"Not applicable",,,"Not applicable",,,"Not applicable",,,"Not applicable",,,"Not applicable"
"Asia and Oceania",351736314,,,382625730,,,405729123,,,420783130,,,443184842,,,452028430,,,467283969,,,497321089,,,520890853,,,534267846,,,531717627,,,564538848,,,575772491,,,590190480,,,626690225,,
"Northern America and Europe",131125351,,,138534238,,,142536676,,,146004086,,,152438956,,,152596286,,,156271122,,,166218953,,,174722556,,,178648541,,,172908468,,,188626133,,,183352385,,,171165658,,,183380837,,
"Europe, Northern America, Australia and New Zealand",139894659,,,147865600,,,152328026,,,155973775,,,162632139,,,163258799,,,167102162,,,177409386,,,186772775,,,190858431,,,184824555,,,201130223,,,196156034,,,183633311,,,196331408,,
"Central and Southern Asia",19910416,,,21219431,,,20744035,,,20932560,,,23171604,,,24457130,,,27382091,,,30609138,,,32561462,,,32517035,,,31759200,,,35181805,,,35474739,,,37776518,,,41293867,,
"Eastern and South-Eastern Asia",286340794,,,312502715,,,331885651,,,345510574,,,363852667,,,369698653,,,380689691,,,405480726,,,424941889,,,436225841,,,434567512,,,461519532,,,470857366,,,481041185,,,514542755,,
"Western Asia and Northern Africa",48233286,,,51698468,,,54580335,,,56427566,,,59200829,,,60314341,,,60681461,,,63093733,,,65174473,,,69141457,,,70282431,,,73366069,,,75311903,,,79484266,,,80848109,,
"Developing economies",363776911,,,398220841,,,422007698,,,437520829,,,460316235,,,469375404,,,480559406,,,512648985,,,538736351,,,554956827,,,553894165,,,592982681,,,604544471,,,621955993,,,666786156,,
"Developing economies: Africa",23416816,,,25807125,,,26036436,,,27390638,,,29173485,,,29148429,,,27719861,,,29681526,,,31514590,,,33937093,,,34518899,,,36790430,,,36622876,,,39679007,,,44341039,,
"Developing economies: Americas",39242462,,,44119663,,,46628782,,,47038175,,,47366577,,,48263820,,,47081951,,,50265950,,,54043005,,,54505181,,,53416379,,,59749556,,,59407120,,,59570083,,,65888704,,
"Developing economies: Asia and Oceania",301117633,,,328294053,,,349342480,,,363092016,,,383776173,,,391963155,,,405757594,,,432701509,,,453178756,,,466514553,,,465958887,,,496442695,,,508514475,,,522706903,,,556556413,,
"Developed economies",181744032,,,192865915,,,198923319,,,203695200,,,211847625,,,212661561,,,217797497,,,230838533,,,242434653,,,246401834,,,238667208,,,256722286,,,250610401,,,238649235,,,253514649,,
"Developed economies: Americas",44937011,,,45549061,,,47006175,,,48103197,,,50082606,,,52325510,,,52668049,,,56573401,,,59757424,,,61236649,,,59357037,,,68044278,,,68267335,,,60721504,,,66101528,,
"Developed economies: Asia and Oceania",50618681,,,54331677,,,56386643,,,57691114,,,59408669,,,60065275,,,61526375,,,64619580,,,67712097,,,67753293,,,65758740,,,68096153,,,67258016,,,67483577,,,70133812,,
"Developed economies: Europe",86188340,,,92985177,,,95530501,,,97900889,,,102356350,,,100270776,,,103603073,,,109645552,,,114965132,,,117411892,,,113551431,,,120581855,,,115085050,,,110444154,,,117279309,,
"Developing economies excluding China",227732728,,,246419904,,,256068298,,,260913685,,,273024322,,,273866239,,,277728826,,,293936111,,,309608651,,,317386827,,,313414165,,,336036981,,,335754471,,,343196159,,,367082356,,
"Developing economies excluding LDCs",358385857,,,392273217,,,415474008,,,430598973,,,452616433,,,460902445,,,471700181,,,502874685,,,528216595,,,543728153,,,542958359,,,581843031,,,593441669,,,610338169,,,654126695,,
"LDCs (Least developed countries)",5391054,,,5947624,,,6533690,,,6921856,,,7699802,,,8472959,,,8859225,,,9774300,,,10519756,,,11228674,,,10935806,,,11139650,,,11102802,,,11617824,,,12659461,,
"LDCs: Africa",2915185,,,3540568,,,3941623,,,4020850,,,4399527,,,4830816,,,4599782,,,5175613,,,5369094,,,5665268,,,5688115,,,5828904,,,5737197,,,6262371,,,6911264,,
"LDCs: Asia",2312413,,,2218028,,,2427347,,,2728490,,,3124968,,,3463691,,,4082564,,,4421546,,,4987162,,,5378406,,,5058191,,,5116846,,,5165308,,,5153565,,,5546683,,
"LDCs: Islands and Haiti",163456,,,189028,,,164720,,,172516,,,175307,,,178452,,,176879,,,177141,,,163500,,,185000,,,189500,,,193900,,,200297,,,201888,,,201514,,
"SIDS (Small island developing States) (UN-OHRLLS)",37151217,,,38885007,,,41038497,,,41413035,,,42543279,,,39660080,,,39460537,,,42271687,,,46238682,,,46929235,,,46153775,,,47982302,,,47702962,,,49150274,,,51706318,,
"SIDS: Atlantic and Indian Ocean",387535,,,406600,,,466674,,,434410,,,457113,,,413898,,,450626,,,453925,,,535487,,,560694,,,514217,,,516152,,,490696,,,532355,,,557636,,
"SIDS: Caribbean",7825294,,,8008663,,,8373840,,,7857271,,,7660155,,,7752907,,,7502270,,,7558321,,,8520967,,,8571736,,,8246631,,,9373491,,,9399426,,,9085683,,,9494005,,
"SIDS: Pacific",28938388,,,30469744,,,32197983,,,33121354,,,34426011,,,31493275,,,31507641,,,34259441,,,37182228,,,37796805,,,37392927,,,38092659,,,37812840,,,39532236,,,41654677,,
"BRICS",193314210,,,215775289,,,231700909,,,244668532,,,258515583,,,265405796,,,272796439,,,292243930,,,306189014,,,315672002,,,316833754,,,338903704,,,351791366,,,367411646,,,396665638,,
"European Union (2020 …)",73986462,,,79794915,,,82003787,,,83635698,,,87066536,,,86260550,,,89246803,,,94277034,,,99180455,,,100883311,,,97814068,,,103848263,,,101274212,,,96508072,,,102270122,,
"G20 (Group of Twenty)",310818234,,,338239950,,,360110027,,,377508545,,,395007610,,,404641750,,,416140407,,,445809592,,,468910198,,,480972556,,,475487134,,,514276076,,,523514092,,,528149547,,,563620421,,
"G-77 (Group of 77)",314913338,,,346530116,,,369716975,,,385412211,,,406479708,,,418371033,,,428738120,,,457408784,,,482530304,,,498960312,,,499812725,,,535913513,,,549196758,,,569591863,,,612898387,,
"OECD (Organisation for Economic Cooperation and Development)",190689201,,,202729098,,,210290451,,,215288095,,,224530531,,,227276218,,,233030598,,,247826513,,,260781651,,,265644222,,,257335873,,,277753089,,,273486687,,,261114643,,,278026329,,
