Date,Origin,Destination,Container,Freight Rate,URL
2023-01-01,INMAA,AEDXB,20 FT,2281.6004020780188,http://example.com
2023-01-01,CNSHA,USLAX,20 FT,3791.696073742987,http://example.com
2023-01-08,INMAA,AEDXB,20 FT,2313.2299813815484,http://example.com
2023-01-08,CNSHA,USLAX,20 FT,3812.936467997696,http://example.com
2023-01-15,INMAA,AEDXB,20 FT,2314.1391171865516,http://example.com
2023-01-15,CNSHA,USLAX,20 FT,3818.7704437914917,http://example.com
2023-01-22,INMAA,AEDXB,20 FT,2327.847173273754,http://example.com
2023-01-22,CNSHA,USLAX,20 FT,3826.8374442438153,http://example.com
2023-01-29,INMAA,AEDXB,20 FT,2336.3089179793024,http://example.com
2023-01-29,CNSHA,USLAX,20 FT,3861.864971813799,http://example.com
2023-02-05,INMAA,AEDXB,20 FT,-500.0,http://example.com
2023-02-05,CNSHA,USLAX,20 FT,3872.9959667662415,http://example.com
2023-02-12,INMAA,AEDXB,20 FT,2352.7045578280745,http://example.com
2023-02-12,CNSHA,USLAX,20 FT,3875.292121684515,http://example.com
2023-02-19,INMAA,AEDXB,20 FT,2354.9705046970776,http://example.com
2023-02-19,CNSHA,USLAX,20 FT,3851.8807305884393,http://example.com
2023-02-19,CNSHA,USLAX,20 FT,3851.8807305884393,http://example.com
2023-02-26,INMAA,AEDXB,20 FT,2382.5387802348146,http://example.com
2023-02-26,CNSHA,USLAX,20 FT,3865.0558872060333,http://example.com
2023-03-05,INMAA,AEDXB,20 FT,2380.567232630852,http://example.com
2023-03-05,CNSHA,USLAX,20 FT,15000.0,http://example.com
2023-03-12,INMAA,AEDXB,20 FT,2401.836364004748,http://example.com
2023-03-12,CNSHA,USLAX,20 FT,3902.6449968729244,http://example.com
2023-03-12,CNSHA,USLAX,20 FT,3902.6449968729244,http://example.com
2023-03-19,INMAA,AEDXB,20 FT,2405.763584937902,http://example.com
2023-03-19,CNSHA,USLAX,20 FT,3905.2055702285174,http://example.com
2023-03-26,INMAA,AEDXB,20 FT,2396.304813034267,http://example.com
2023-03-26,CNSHA,USLAX,20 FT,3896.8145027767896,http://example.com
2023-04-02,INMAA,AEDXB,20 FT,2422.135831520117,http://example.com
2023-04-02,CNSHA,USLAX,20 FT,3904.8843469054436,http://example.com
2023-04-09,INMAA,AEDXB,20 FT,2419.1870547746885,http://example.com
2023-04-09,CNSHA,USLAX,20 FT,3891.6260130361734,http://example.com
2023-04-16,INMAA,AEDXB,20 FT,2409.6006643875394,http://example.com
2023-04-16,CNSHA,USLAX,20 FT,3923.6683804202476,http://example.com
2023-04-23,INMAA,AEDXB,20 FT,2416.6648475067964,http://example.com
2023-04-23,CNSHA,USLAX,20 FT,3910.265429509293,http://example.com
2023-04-30,INMAA,AEDXB,20 FT,2395.700632217476,http://example.com
2023-04-30,CNSHA,USLAX,20 FT,3922.617299700366,http://example.com
2023-05-07,INMAA,AEDXB,20 FT,2421.304810171449,http://example.com
2023-05-07,CNSHA,USLAX,20 FT,3912.657254080342,http://example.com
2023-05-14,INMAA,AEDXB,20 FT,2399.3850305612127,http://example.com
2023-05-14,CNSHA,USLAX,20 FT,3917.8587922547426,http://example.com
2023-05-14,CNSHA,USLAX,20 FT,3917.8587922547426,http://example.com
2023-05-21,INMAA,AEDXB,20 FT,2393.155808843981,http://example.com
2023-05-21,CNSHA,USLAX,20 FT,3902.9032885781166,http://example.com
2023-05-28,INMAA,AEDXB,20 FT,2411.6614090035273,http://example.com
2023-05-28,CNSHA,USLAX,20 FT,3895.7011624885263,http://example.com
2023-06-04,INMAA,AEDXB,20 FT,2401.5650648684423,http://example.com
2023-06-04,CNSHA,USLAX,20 FT,3913.6775975026003,http://example.com
2023-06-11,INMAA,AEDXB,20 FT,2396.694917462712,http://example.com
2023-06-11,CNSHA,USLAX,20 FT,3902.774794016638,http://example.com
2023-06-18,INMAA,AEDXB,20 FT,2405.0693799968813,http://example.com
2023-06-18,CNSHA,USLAX,20 FT,3887.3146729693026,http://example.com
2023-06-25,INMAA,AEDXB,20 FT,2384.0401480103915,http://example.com
2023-06-25,CNSHA,USLAX,20 FT,3883.1254847768805,http://example.com
2023-07-02,INMAA,AEDXB,20 FT,2377.795150061849,http://example.com
2023-07-02,CNSHA,USLAX,20 FT,3890.615484399109,http://example.com
2023-07-09,INMAA,AEDXB,20 FT,2361.834892629044,http://example.com
2023-07-09,CNSHA,USLAX,20 FT,3872.060780010833,http://example.com
2023-07-16,INMAA,AEDXB,20 FT,2378.246827439271,http://example.com
2023-07-16,CNSHA,USLAX,20 FT,3849.4133823793577,http://example.com
2023-07-23,INMAA,AEDXB,20 FT,2348.8708186596136,http://example.com
2023-07-23,CNSHA,USLAX,20 FT,3861.905546206888,http://example.com
2023-07-30,INMAA,AEDXB,20 FT,2358.721105458986,http://example.com
2023-07-30,CNSHA,USLAX,20 FT,3842.403330910028,http://example.com
2023-08-06,INMAA,AEDXB,20 FT,2341.235365997826,http://example.com
2023-08-06,CNSHA,USLAX,20 FT,3825.22187712834,http://example.com
2023-08-13,INMAA,AEDXB,20 FT,2332.552961069624,http://example.com
2023-08-13,CNSHA,USLAX,20 FT,3821.3970152451466,http://example.com
2023-08-20,INMAA,AEDXB,20 FT,2328.837960856994,http://example.com
2023-08-20,CNSHA,USLAX,20 FT,3803.970585484032,http://example.com
2023-08-27,INMAA,AEDXB,20 FT,2302.760304454791,http://example.com
2023-08-27,CNSHA,USLAX,20 FT,3779.831690939453,http://example.com
2023-09-03,INMAA,AEDXB,20 FT,2324.9115821181404,http://example.com
2023-09-03,CNSHA,USLAX,20 FT,3789.4078210595717,http://example.com
2023-09-10,INMAA,AEDXB,20 FT,2293.8160032650812,http://example.com
2023-09-10,CNSHA,USLAX,20 FT,3779.0727344147713,http://example.com
2023-09-17,INMAA,AEDXB,20 FT,2298.782344555955,http://example.com
2023-09-17,CNSHA,USLAX,20 FT,3777.8660702461716,http://example.com
2023-09-24,INMAA,AEDXB,20 FT,2281.504707582464,http://example.com
2023-09-24,CNSHA,USLAX,20 FT,3780.6055798132,http://example.com
2023-10-01,INMAA,AEDXB,20 FT,2268.2166412151482,http://example.com
2023-10-01,CNSHA,USLAX,20 FT,3764.7262102782056,http://example.com
2023-10-08,INMAA,AEDXB,20 FT,2269.6959897643237,http://example.com
2023-10-08,CNSHA,USLAX,20 FT,3760.7744478241625,http://example.com
2023-10-15,INMAA,AEDXB,20 FT,2252.711406958819,http://example.com
2023-10-15,INMAA,AEDXB,20 FT,2252.711406958819,http://example.com
2023-10-15,CNSHA,USLAX,20 FT,3759.541377704129,http://example.com
2023-10-22,INMAA,AEDXB,20 FT,2248.1419790448413,http://example.com
2023-10-22,CNSHA,USLAX,20 FT,3760.747812864517,http://example.com
2023-10-29,INMAA,AEDXB,20 FT,2250.412663971238,http://example.com
2023-10-29,CNSHA,USLAX,20 FT,3751.0491242820317,http://example.com
2023-11-05,INMAA,AEDXB,20 FT,2254.7467147786706,http://example.com
2023-11-05,CNSHA,USLAX,20 FT,3734.6340230007136,http://example.com
2023-11-12,INMAA,AEDXB,20 FT,2248.499852353219,http://example.com
2023-11-12,CNSHA,USLAX,20 FT,3734.5083998082473,http://example.com
2023-11-19,INMAA,AEDXB,20 FT,2249.7465427321968,http://example.com
2023-11-19,CNSHA,USLAX,20 FT,3749.429660122917,http://example.com
2023-11-26,INMAA,AEDXB,20 FT,2228.1435725040988,http://example.com
2023-11-26,CNSHA,USLAX,20 FT,3756.479694914518,http://example.com
2023-12-03,INMAA,AEDXB,20 FT,2250.969314336537,http://example.com
2023-12-03,CNSHA,USLAX,20 FT,3733.781300133535,http://example.com
2023-12-10,INMAA,AEDXB,20 FT,2246.439919449575,http://example.com
2023-12-10,CNSHA,USLAX,20 FT,3756.189448019769,http://example.com
2023-12-17,INMAA,AEDXB,20 FT,2242.709204786934,http://example.com
2023-12-17,CNSHA,USLAX,20 FT,3761.559932515632,http://example.com
2023-12-24,INMAA,AEDXB,20 FT,2251.6932104482717,http://example.com
2023-12-24,CNSHA,USLAX,20 FT,3760.6071461248457,http://example.com
2023-12-31,INMAA,AEDXB,20 FT,2258.1819360190098,http://example.com
2023-12-31,CNSHA,USLAX,20 FT,3748.1938348271296,http://example.com
2024-01-07,INMAA,AEDXB,20 FT,2268.152891427899,http://example.com
2024-01-07,CNSHA,USLAX,20 FT,3780.667602181337,http://example.com
2024-01-14,INMAA,AEDXB,20 FT,2270.9919541066497,http://example.com
2024-01-14,CNSHA,USLAX,20 FT,3787.714730977264,http://example.com
2024-01-21,INMAA,AEDXB,20 FT,2281.4047081203626,http://example.com
2024-01-21,CNSHA,USLAX,20 FT,3787.7945318961997,http://example.com
2024-01-28,INMAA,AEDXB,20 FT,2292.922772774988,http://example.com
2024-01-28,CNSHA,USLAX,20 FT,3800.9452774090396,http://example.com
2024-02-04,INMAA,AEDXB,20 FT,2312.588118841797,http://example.com
2024-02-04,CNSHA,USLAX,20 FT,3809.8872650644553,http://example.com
2024-02-11,INMAA,AEDXB,20 FT,2307.5623557669187,http://example.com
2024-02-11,CNSHA,USLAX,20 FT,3803.2242034351643,http://example.com
2024-02-18,INMAA,AEDXB,20 FT,2323.860264162646,http://example.com
2024-02-18,CNSHA,USLAX,20 FT,3833.379250031779,http://example.com
2024-02-25,INMAA,AEDXB,20 FT,2339.0114231499915,http://example.com
2024-02-25,CNSHA,USLAX,20 FT,3835.0118490165282,http://example.com
2024-03-03,INMAA,AEDXB,20 FT,2335.7396054814635,http://example.com
2024-03-03,CNSHA,USLAX,20 FT,3858.831420654086,http://example.com
2024-03-10,INMAA,AEDXB,20 FT,2354.5276649345897,http://example.com
2024-03-10,CNSHA,USLAX,20 FT,3867.927364976629,http://example.com
2024-03-17,INMAA,AEDXB,20 FT,2368.183343466852,http://example.com
2024-03-17,CNSHA,USLAX,20 FT,3868.833842336169,http://example.com
2024-03-24,INMAA,AEDXB,20 FT,2381.753389086624,http://example.com
2024-03-24,CNSHA,USLAX,20 FT,3870.393410903471,http://example.com
2024-03-31,INMAA,AEDXB,20 FT,2386.4127748077753,http://example.com
2024-03-31,CNSHA,USLAX,20 FT,3882.5298409282186,http://example.com
2024-04-07,INMAA,AEDXB,20 FT,2394.8323959162162,http://example.com
2024-04-07,CNSHA,USLAX,20 FT,3897.7169283308535,http://example.com
2024-04-14,INMAA,AEDXB,20 FT,2403.411271941918,http://example.com
2024-04-14,CNSHA,USLAX,20 FT,3899.330930210215,http://example.com
2024-04-21,INMAA,AEDXB,20 FT,2432.9228414357544,http://example.com
2024-04-21,CNSHA,USLAX,20 FT,3928.2270638815207,http://example.com
2024-04-28,INMAA,AEDXB,20 FT,2438.214693582359,http://example.com
2024-04-28,CNSHA,USLAX,20 FT,3909.2161226717753,http://example.com
2024-05-05,INMAA,AEDXB,20 FT,2450.9732212610406,http://example.com
2024-05-05,CNSHA,USLAX,20 FT,3939.739604556674,http://example.com
2024-05-12,INMAA,AEDXB,20 FT,2449.5605771532087,http://example.com
2024-05-12,CNSHA,USLAX,20 FT,3945.1424987821847,http://example.com
2024-05-19,INMAA,AEDXB,20 FT,2451.440611829445,http://example.com
2024-05-19,CNSHA,USLAX,20 FT,3953.9452466195617,http://example.com
2024-05-26,INMAA,AEDXB,20 FT,2472.509234258854,http://example.com
2024-05-26,CNSHA,USLAX,20 FT,3951.6765924041215,http://example.com
2024-06-02,INMAA,AEDXB,20 FT,2482.8549744474353,http://example.com
2024-06-02,CNSHA,USLAX,20 FT,3969.0727651756197,http://example.com
2024-06-09,INMAA,AEDXB,20 FT,2474.5170691368317,http://example.com
2024-06-09,CNSHA,USLAX,20 FT,3951.322464078035,http://example.com
2024-06-16,INMAA,AEDXB,20 FT,2481.9492709191745,http://example.com
2024-06-16,CNSHA,USLAX,20 FT,3974.9732317636617,http://example.com
2024-06-23,INMAA,AEDXB,20 FT,2475.068888802679,http://example.com
2024-06-23,CNSHA,USLAX,20 FT,3978.59748723794,http://example.com
2024-06-30,INMAA,AEDXB,20 FT,2466.477898699146,http://example.com
2024-06-30,CNSHA,USLAX,20 FT,3962.309272899302,http://example.com
2024-07-07,INMAA,AEDXB,20 FT,2461.072378315716,http://example.com
2024-07-07,CNSHA,USLAX,20 FT,3976.10251394296,http://example.com
2024-07-14,INMAA,AEDXB,20 FT,2496.424129342924,http://example.com
2024-07-14,CNSHA,USLAX,20 FT,3960.527845694674,http://example.com
2024-07-21,INMAA,AEDXB,20 FT,2471.0636304242316,http://example.com
2024-07-21,CNSHA,USLAX,20 FT,3966.4722475694325,http://example.com
2024-07-28,INMAA,AEDXB,20 FT,2471.203904899655,http://example.com
2024-07-28,CNSHA,USLAX,20 FT,3980.578386481122,http://example.com
2024-07-28,CNSHA,USLAX,20 FT,3980.578386481122,http://example.com
2024-08-04,INMAA,AEDXB,20 FT,2470.9012093632923,http://example.com
2024-08-04,CNSHA,USLAX,20 FT,3960.525394576333,http://example.com
2024-08-11,INMAA,AEDXB,20 FT,2465.774522949049,http://example.com
2024-08-11,INMAA,AEDXB,20 FT,2465.774522949049,http://example.com
2024-08-11,CNSHA,USLAX,20 FT,3966.5457795568323,http://example.com
2024-08-18,INMAA,AEDXB,20 FT,2477.798923629495,http://example.com
2024-08-18,CNSHA,USLAX,20 FT,3972.0118055748153,http://example.com
2024-08-25,INMAA,AEDXB,20 FT,2453.94104656268,http://example.com
2024-08-25,CNSHA,USLAX,20 FT,3964.002397831651,http://example.com
2024-09-01,INMAA,AEDXB,20 FT,2448.679030226773,http://example.com
2024-09-01,CNSHA,USLAX,20 FT,3950.858195060872,http://example.com
2024-09-08,INMAA,AEDXB,20 FT,2445.0975078168985,http://example.com
2024-09-08,CNSHA,USLAX,20 FT,3940.4164437778923,http://example.com
2024-09-15,INMAA,AEDXB,20 FT,2438.8906154013694,http://example.com
2024-09-15,CNSHA,USLAX,20 FT,3962.1003445507267,http://example.com
2024-09-15,CNSHA,USLAX,20 FT,3962.1003445507267,http://example.com
2024-09-22,INMAA,AEDXB,20 FT,2421.513348025457,http://example.com
2024-09-22,CNSHA,USLAX,20 FT,3933.8440408209412,http://example.com
2024-09-29,INMAA,AEDXB,20 FT,2424.5628871255994,http://example.com
2024-09-29,INMAA,AEDXB,20 FT,2424.5628871255994,http://example.com
2024-09-29,CNSHA,USLAX,20 FT,3936.6584066036007,http://example.com
2024-10-06,INMAA,AEDXB,20 FT,2411.6852408295854,http://example.com
2024-10-06,CNSHA,USLAX,20 FT,3912.5038210328294,http://example.com
2024-10-13,INMAA,AEDXB,20 FT,2406.0428557936993,http://example.com
2024-10-13,CNSHA,USLAX,20 FT,3910.0624794741966,http://example.com
2024-10-13,CNSHA,USLAX,20 FT,3910.0624794741966,http://example.com
2024-10-20,INMAA,AEDXB,20 FT,2398.398318967258,http://example.com
2024-10-20,CNSHA,USLAX,20 FT,3888.36477259062,http://example.com
2024-10-27,INMAA,AEDXB,20 FT,2392.494395797178,http://example.com
2024-10-27,CNSHA,USLAX,20 FT,3896.5947206832375,http://example.com
2024-11-03,INMAA,AEDXB,20 FT,2366.604785278998,http://example.com
2024-11-03,CNSHA,USLAX,20 FT,3889.830951465344,http://example.com
2024-11-10,INMAA,AEDXB,20 FT,2373.633142313568,http://example.com
2024-11-10,CNSHA,USLAX,20 FT,3857.5088759228593,http://example.com
2024-11-17,INMAA,AEDXB,20 FT,2353.5606754220557,http://example.com
2024-11-17,CNSHA,USLAX,20 FT,3857.6664364479866,http://example.com
2024-11-24,INMAA,AEDXB,20 FT,2340.4418871487665,http://example.com
2024-11-24,CNSHA,USLAX,20 FT,3854.7919713192246,http://example.com
2024-12-01,INMAA,AEDXB,20 FT,2341.2739279608836,http://example.com
2024-12-01,CNSHA,USLAX,20 FT,3836.3122419532615,http://example.com
2024-12-08,INMAA,AEDXB,20 FT,2343.7404024823286,http://example.com
2024-12-08,CNSHA,USLAX,20 FT,3846.4403822697454,http://example.com
2024-12-15,INMAA,AEDXB,20 FT,2329.4722420406915,http://example.com
2024-12-15,CNSHA,USLAX,20 FT,3841.18700747302,http://example.com
2024-12-15,CNSHA,USLAX,20 FT,3841.18700747302,http://example.com
2024-12-22,INMAA,AEDXB,20 FT,2304.915818382082,http://example.com
2024-12-22,CNSHA,USLAX,20 FT,3831.3947359227236,http://example.com
2024-12-29,INMAA,AEDXB,20 FT,2307.1433903682246,http://example.com
2024-12-29,CNSHA,USLAX,20 FT,3824.7629041610403,http://example.com
2025-01-05,INMAA,AEDXB,20 FT,2314.3533184060243,http://example.com
2025-01-05,CNSHA,USLAX,20 FT,3837.3415771370956,http://example.com
2025-01-12,INMAA,AEDXB,20 FT,2327.9514630257263,http://example.com
2025-01-12,CNSHA,USLAX,20 FT,3816.3167320900466,http://example.com
2025-01-19,INMAA,AEDXB,20 FT,2312.304564788248,http://example.com
2025-01-19,CNSHA,USLAX,20 FT,3805.092393616993,http://example.com
2025-01-19,CNSHA,USLAX,20 FT,3805.092393616993,http://example.com
2025-01-26,INMAA,AEDXB,20 FT,2309.8758294621002,http://example.com
2025-01-26,CNSHA,USLAX,20 FT,3808.635398816825,http://example.com
2025-02-02,INMAA,AEDXB,20 FT,2304.195624968642,http://example.com
2025-02-02,CNSHA,USLAX,20 FT,3789.9399024030386,http://example.com
2025-02-09,INMAA,AEDXB,20 FT,2306.662458174205,http://example.com
2025-02-09,CNSHA,USLAX,20 FT,3810.4254327888084,http://example.com
2025-02-16,INMAA,AEDXB,20 FT,2303.8287829794617,http://example.com
2025-02-16,CNSHA,USLAX,20 FT,3819.618326014886,http://example.com
2025-02-23,INMAA,AEDXB,20 FT,2308.7285873602077,http://example.com
2025-02-23,CNSHA,USLAX,20 FT,3829.421713387717,http://example.com
2025-03-02,INMAA,AEDXB,20 FT,2305.548309368011,http://example.com
2025-03-02,CNSHA,USLAX,20 FT,3807.0715641697325,http://example.com
2025-03-02,CNSHA,USLAX,20 FT,3807.0715641697325,http://example.com
2025-03-09,INMAA,AEDXB,20 FT,2322.3880269317397,http://example.com
2025-03-09,CNSHA,USLAX,20 FT,3813.5699064450737,http://example.com
2025-03-16,INMAA,AEDXB,20 FT,2325.0198428635804,http://example.com
2025-03-16,CNSHA,USLAX,20 FT,3811.1480008313724,http://example.com
2025-03-23,INMAA,AEDXB,20 FT,2318.45364153437,http://example.com
2025-03-23,CNSHA,USLAX,20 FT,3830.902534591433,http://example.com
2025-03-30,INMAA,AEDXB,20 FT,2341.9675498981155,http://example.com
2025-03-30,CNSHA,USLAX,20 FT,3854.6601334354746,http://example.com
2025-04-06,INMAA,AEDXB,20 FT,2346.2621552785554,http://example.com
2025-04-06,CNSHA,USLAX,20 FT,3842.795235195521,http://example.com
2025-04-13,INMAA,AEDXB,20 FT,2392.3423962148486,http://example.com
2025-04-13,CNSHA,USLAX,20 FT,3871.8978861726855,http://example.com
2025-04-20,INMAA,AEDXB,20 FT,2373.0741414118456,http://example.com
2025-04-20,CNSHA,USLAX,20 FT,3890.893992459076,http://example.com
2025-04-27,INMAA,AEDXB,20 FT,2369.3970486520884,http://example.com
2025-04-27,CNSHA,USLAX,20 FT,3884.7805208371583,http://example.com
2025-05-04,INMAA,AEDXB,20 FT,2385.86314723903,http://example.com
2025-05-04,CNSHA,USLAX,20 FT,3887.3621355222376,http://example.com
2025-05-11,INMAA,AEDXB,20 FT,2396.4021640072965,http://example.com
2025-05-11,CNSHA,USLAX,20 FT,3890.627477102096,http://example.com
2025-05-18,INMAA,AEDXB,20 FT,2404.568753931093,http://example.com
2025-05-18,CNSHA,USLAX,20 FT,3908.110648315914,http://example.com
2025-05-25,INMAA,AEDXB,20 FT,2415.1581463576435,http://example.com
2025-05-25,CNSHA,USLAX,20 FT,3917.0471264313937,http://example.com
2025-06-01,INMAA,AEDXB,20 FT,2440.435184585806,http://example.com
2025-06-01,CNSHA,USLAX,20 FT,3924.980149306597,http://example.com
2025-06-08,INMAA,AEDXB,20 FT,2424.486533283163,http://example.com
2025-06-08,INMAA,AEDXB,20 FT,2424.486533283163,http://example.com
2025-06-08,CNSHA,USLAX,20 FT,3956.949568624429,http://example.com
2025-06-15,INMAA,AEDXB,20 FT,2453.267858849181,http://example.com
2025-06-15,CNSHA,USLAX,20 FT,3940.030228133028,http://example.com
2025-06-22,INMAA,AEDXB,20 FT,2472.1679838189816,http://example.com
2025-06-22,CNSHA,USLAX,20 FT,3967.9416866105717,http://example.com
2025-06-29,INMAA,AEDXB,20 FT,2463.214981848228,http://example.com
2025-06-29,CNSHA,USLAX,20 FT,3970.9130813321453,http://example.com
2025-07-06,INMAA,AEDXB,20 FT,2487.364671849365,http://example.com
2025-07-06,INMAA,AEDXB,20 FT,2487.364671849365,http://example.com
2025-07-06,CNSHA,USLAX,20 FT,3983.431264030515,http://example.com
2025-07-13,INMAA,AEDXB,20 FT,2491.2387038469356,http://example.com
2025-07-13,CNSHA,USLAX,20 FT,4000.0392769430855,http://example.com
2025-07-20,INMAA,AEDXB,20 FT,2492.6091611071856,http://example.com
2025-07-20,CNSHA,USLAX,20 FT,4009.491847994679,http://example.com
2025-07-27,INMAA,AEDXB,20 FT,2503.8461170952487,http://example.com
2025-07-27,CNSHA,USLAX,20 FT,4009.691935823815,http://example.com
2025-08-03,INMAA,AEDXB,20 FT,2509.9175183213015,http://example.com
2025-08-03,CNSHA,USLAX,20 FT,4018.182985849722,http://example.com
2025-08-10,INMAA,AEDXB,20 FT,2525.3704974329125,http://example.com
2025-08-10,CNSHA,USLAX,20 FT,4010.3032751488067,http://example.com
2025-08-17,INMAA,AEDXB,20 FT,2537.9044521419914,http://example.com
2025-08-17,CNSHA,USLAX,20 FT,4026.8546741561627,http://example.com
2025-08-24,INMAA,AEDXB,20 FT,2527.207232522782,http://example.com
2025-08-24,CNSHA,USLAX,20 FT,4031.449896592013,http://example.com
2025-08-31,INMAA,AEDXB,20 FT,2546.77227823524,http://example.com
2025-08-31,CNSHA,USLAX,20 FT,4041.2305172233246,http://example.com
2025-09-07,INMAA,AEDXB,20 FT,2527.0192609081496,http://example.com
2025-09-07,CNSHA,USLAX,20 FT,4045.016126811422,http://example.com
2025-09-07,CNSHA,USLAX,20 FT,4045.016126811422,http://example.com
2025-09-14,INMAA,AEDXB,20 FT,2529.7192217598913,http://example.com
2025-09-14,CNSHA,USLAX,20 FT,4045.0319319151586,http://example.com
2025-09-21,INMAA,AEDXB,20 FT,2522.3649746638393,http://example.com
2025-09-21,CNSHA,USLAX,20 FT,4043.494941743739,http://example.com
2025-09-28,INMAA,AEDXB,20 FT,2544.637654211745,http://example.com
2025-09-28,CNSHA,USLAX,20 FT,4042.652085938865,http://example.com
2025-09-28,CNSHA,USLAX,20 FT,4042.652085938865,http://example.com
2025-10-05,INMAA,AEDXB,20 FT,2536.191029943449,http://example.com
2025-10-05,CNSHA,USLAX,20 FT,4037.521665263134,http://example.com
2025-10-12,INMAA,AEDXB,20 FT,2531.8929541686225,http://example.com
2025-10-12,CNSHA,USLAX,20 FT,4038.1943082268344,http://example.com
2025-10-19,INMAA,AEDXB,20 FT,2540.518247770843,http://example.com
2025-10-19,CNSHA,USLAX,20 FT,4043.9368274241338,http://example.com
2025-10-26,INMAA,AEDXB,20 FT,2536.7660999472673,http://example.com
2025-10-26,CNSHA,USLAX,20 FT,4040.0487689750016,http://example.com
2025-11-02,INMAA,AEDXB,20 FT,2522.532579563171,http://example.com
2025-11-02,CNSHA,USLAX,20 FT,4026.476201978648,http://example.com
2025-11-09,INMAA,AEDXB,20 FT,2516.30760475557,http://example.com
2025-11-09,CNSHA,USLAX,20 FT,4033.758362356384,http://example.com
