timestamp,oil_price
2023-01-01,$80.00
2023-01-08,$81.10
2023-01-15,$82.19
2023-01-22,$83.26
2023-01-29,$84.29
2023-02-05,$85.29
2023-02-12,$86.25
2023-02-19,$87.14
2023-02-26,$87.97
2023-03-05,$88.73
2023-03-12,$89.41
2023-03-19,$90.01
2023-03-26,$90.52
2023-04-02,$90.94
2023-04-09,$91.25
2023-04-16,$91.47
2023-04-23,$91.60
2023-04-30,$91.62
2023-05-07,$91.54
2023-05-14,$91.36
2023-05-21,$91.09
2023-05-28,$90.73
2023-06-04,$90.28
2023-06-11,$89.76
2023-06-18,$89.15
2023-06-25,$88.48
2023-07-02,$87.76
2023-07-09,$86.97
2023-07-16,$86.15
2023-07-23,$85.29
2023-07-30,$84.41
2023-08-06,$83.52
2023-08-13,$82.62
2023-08-20,$81.72
2023-08-27,$80.84
2023-09-03,$79.99
2023-09-10,$79.17
2023-09-17,$78.40
2023-09-24,$77.68
2023-10-01,$77.02
2023-10-08,$76.43
2023-10-15,$75.92
2023-10-22,$75.48
2023-10-29,$75.14
2023-11-05,$74.88
2023-11-12,$74.72
2023-11-19,$74.66
2023-11-26,$74.70
2023-12-03,$74.84
2023-12-10,$75.08
2023-12-17,$75.41
2023-12-24,$75.84
2023-12-31,$76.37
2024-01-07,$76.98
2024-01-14,$77.67
2024-01-21,$78.44
2024-01-28,$79.29
2024-02-04,$80.19
2024-02-11,$81.15
2024-02-18,$82.16
2024-02-25,$83.21
2024-03-03,$84.28
2024-03-10,$85.37
2024-03-17,$86.47
2024-03-24,$87.57
2024-03-31,$88.65
2024-04-07,$89.72
2024-04-14,$90.75
2024-04-21,$91.74
2024-04-28,$92.68
2024-05-05,$93.57
2024-05-12,$94.39
2024-05-19,$95.14
2024-05-26,$95.80
2024-06-02,$96.39
2024-06-09,$96.88
2024-06-16,$97.28
2024-06-23,$97.58
2024-06-30,$97.79
2024-07-07,$97.89
2024-07-14,$97.89
2024-07-21,$97.80
2024-07-28,$97.61
2024-08-04,$97.32
2024-08-11,$96.95
2024-08-18,$96.48
2024-08-25,$95.94
2024-09-01,$95.33
2024-09-08,$94.65
2024-09-15,$93.91
2024-09-22,$93.12
2024-09-29,$92.29
2024-10-06,$91.43
2024-10-13,$90.54
2024-10-20,$89.65
2024-10-27,$88.75
2024-11-03,$87.86
2024-11-10,$86.98
2024-11-17,$86.14
2024-11-24,$85.32
2024-12-01,$84.56
2024-12-08,$83.85
2024-12-15,$83.20
2024-12-22,$82.62
2024-12-29,$82.12
2025-01-05,$81.70
2025-01-12,$81.37
2025-01-19,$81.13
2025-01-26,$80.99
2025-02-02,$80.95
2025-02-09,$81.00
2025-02-16,$81.15
2025-02-23,$81.41
2025-03-02,$81.76
2025-03-09,$82.21
2025-03-16,$82.75
2025-03-23,$83.37
2025-03-30,$84.08
2025-04-06,$84.86
2025-04-13,$85.72
2025-04-20,$86.63
2025-04-27,$87.60
2025-05-04,$88.62
2025-05-11,$89.67
2025-05-18,$90.74
2025-05-25,$91.84
2025-06-01,$92.94
2025-06-08,$94.03
2025-06-15,$95.12
2025-06-22,$96.17
2025-06-29,$97.20
2025-07-06,$98.19
2025-07-13,$99.12
2025-07-20,$100.00
2025-07-27,$100.80
2025-08-03,$101.54
2025-08-10,$102.19
2025-08-17,$102.76
2025-08-24,$103.24
2025-08-31,$103.62
2025-09-07,$103.91
2025-09-14,$104.09
2025-09-21,$104.18
2025-09-28,$104.17
2025-10-05,$104.06
2025-10-12,$103.85
2025-10-19,$103.55
2025-10-26,$103.16
2025-11-02,$102.68
2025-11-09,$102.13
