date,port,port_throughput_teu,port_waiting_hours
2023-01-01,INMAA,150000,6.356657776132249
2023-01-01,AEDXB,150000,9.290313342909322
2023-01-01,CNSHA,150000,12.135259909810243
2023-01-01,USLAX,150000,9.537410258124266
2023-01-08,INMAA,151000,12.41115429876223
2023-01-08,AEDXB,151000,6.929224556487588
2023-01-08,CNSHA,151000,12.137039725475118
2023-01-08,USLAX,151000,11.400551924578965
2023-01-15,INMAA,152000,14.149485782158061
2023-01-15,AEDXB,152000,11.305345757931235
2023-01-15,CNSHA,152000,5.362052578354151
2023-01-15,USLAX,152000,11.1961977771035
2023-01-22,INMAA,153000,13.805930508638568
2023-01-22,AEDXB,153000,14.045500763836284
2023-01-22,CNSHA,153000,12.095574591062864
2023-01-22,USLAX,153000,11.804149652747876
2023-01-29,INMAA,154000,13.829612648383542
2023-01-29,AEDXB,154000,10.657404773189102
2023-01-29,CNSHA,154000,13.994726868082065
2023-01-29,USLAX,154000,4.561465660832288
2023-02-05,INMAA,155000,8.076101617433228
2023-02-05,AEDXB,155000,9.013410180690686
2023-02-05,CNSHA,155000,8.90725305616814
2023-02-05,USLAX,155000,11.649893947697663
2023-02-12,INMAA,156000,8.206450617002721
2023-02-12,AEDXB,156000,8.519587695567905
2023-02-12,CNSHA,156000,9.137078097562057
2023-02-12,USLAX,156000,10.346234464122142
2023-02-19,INMAA,157000,9.069643017914828
2023-02-19,AEDXB,157000,11.238507142194424
2023-02-19,CNSHA,157000,12.924651542357562
2023-02-19,USLAX,157000,13.44866623541983
2023-02-26,INMAA,158000,11.541090608699523
2023-02-26,AEDXB,158000,13.740200708470294
2023-02-26,CNSHA,158000,9.319099205115794
2023-02-26,USLAX,158000,9.822044366216785
2023-03-05,INMAA,159000,9.432399153671291
2023-03-05,AEDXB,159000,10.167323807143063
2023-03-05,CNSHA,159000,11.634150415544307
2023-03-05,USLAX,159000,11.472343890799527
2023-03-12,INMAA,160000,10.704715761367611
2023-03-12,AEDXB,160000,9.197419832927874
2023-03-12,CNSHA,160000,11.406458326442351
2023-03-12,USLAX,160000,11.50507582437341
2023-03-19,INMAA,161000,8.012080458053722
2023-03-19,AEDXB,161000,7.96376366251031
2023-03-19,CNSHA,161000,6.32090033619659
2023-03-19,USLAX,161000,10.432466501720608
2023-03-26,INMAA,162000,13.20653423375175
2023-03-26,AEDXB,162000,13.210722359402963
2023-03-26,CNSHA,162000,9.103325789695738
2023-03-26,USLAX,162000,8.831439503755394
2023-04-02,INMAA,163000,9.863951221341722
2023-04-02,AEDXB,163000,11.377737541029461
2023-04-02,CNSHA,163000,9.317676074722538
2023-04-02,USLAX,163000,8.90184714256441
2023-04-09,INMAA,164000,11.066110638497376
2023-04-09,AEDXB,164000,11.75803584664448
2023-04-09,CNSHA,164000,11.867338790565126
2023-04-09,USLAX,164000,12.587418201500974
2023-04-16,INMAA,165000,8.863710336872446
2023-04-16,AEDXB,165000,11.905230995092019
2023-04-16,CNSHA,165000,9.743090561496041
2023-04-16,USLAX,165000,10.715480876087762
2023-04-23,INMAA,166000,10.10519809464504
2023-04-23,AEDXB,166000,9.45837974939906
2023-04-23,CNSHA,166000,9.170542310899858
2023-04-23,USLAX,166000,12.295936303540861
2023-04-30,INMAA,167000,8.021591277332426
2023-04-30,AEDXB,167000,5.262576515199681
2023-04-30,CNSHA,167000,10.126798408186193
2023-04-30,USLAX,167000,5.452341448311799
2023-05-07,INMAA,168000,11.845268146625413
2023-05-07,AEDXB,168000,8.524518698037973
2023-05-07,CNSHA,168000,9.227901258498752
2023-05-07,USLAX,168000,12.893770082120142
2023-05-14,INMAA,169000,8.32767276553605
2023-05-14,AEDXB,169000,10.623501221531637
2023-05-14,CNSHA,169000,9.51970668985931
2023-05-14,USLAX,169000,11.16093509987263
2023-05-21,INMAA,170000,10.84539321690472
2023-05-21,AEDXB,170000,10.85601191959226
2023-05-21,CNSHA,170000,11.782962763440324
2023-05-21,USLAX,170000,9.921910181597516
2023-05-28,INMAA,171000,9.160119657308671
2023-05-28,AEDXB,171000,10.220944140585399
2023-05-28,CNSHA,171000,8.969456044615747
2023-05-28,USLAX,171000,9.05973178652783
2023-06-04,INMAA,172000,11.845783839508083
2023-06-04,AEDXB,172000,10.417120668596846
2023-06-04,CNSHA,172000,9.486934157446651
2023-06-04,USLAX,172000,9.052600084409097
2023-06-11,INMAA,173000,10.219065375472633
2023-06-11,AEDXB,173000,13.0428074796334
2023-06-11,CNSHA,173000,10.73794562357582
2023-06-11,USLAX,173000,10.187955925594718
2023-06-18,INMAA,174000,11.321777648911848
2023-06-18,AEDXB,174000,6.997718880296334
2023-06-18,CNSHA,174000,8.569979345549092
2023-06-18,USLAX,174000,9.56712069149073
2023-06-25,INMAA,175000,7.796809045748731
2023-06-25,AEDXB,175000,13.827625066509256
2023-06-25,CNSHA,175000,8.66349024527684
2023-06-25,USLAX,175000,10.748080309030616
2023-07-02,INMAA,176000,9.84957012353346
2023-07-02,AEDXB,176000,10.315606865723232
2023-07-02,CNSHA,176000,10.65363290340083
2023-07-02,USLAX,176000,12.346596821698252
2023-07-09,INMAA,177000,11.339545786453794
2023-07-09,AEDXB,177000,7.463134060513617
2023-07-09,CNSHA,177000,11.687438586011972
2023-07-09,USLAX,177000,10.240497084703131
2023-07-16,INMAA,178000,12.495040771875678
2023-07-16,AEDXB,178000,9.184208530218987
2023-07-16,CNSHA,178000,12.99813882996904
2023-07-16,USLAX,178000,11.664652676736399
2023-07-23,INMAA,179000,8.43475058528723
2023-07-23,AEDXB,179000,10.369943104204593
2023-07-23,CNSHA,179000,10.983710779075404
2023-07-23,USLAX,179000,9.220489243431466
2023-07-30,INMAA,180000,11.596912431924256
2023-07-30,AEDXB,180000,3.798641234491903
2023-07-30,CNSHA,180000,11.539964933960844
2023-07-30,USLAX,180000,8.03036558430968
2023-08-06,INMAA,181000,7.636940399106523
2023-08-06,AEDXB,181000,9.735524825332844
2023-08-06,CNSHA,181000,10.052394572047843
2023-08-06,USLAX,181000,10.657411878705622
2023-08-13,INMAA,182000,10.57194684864812
2023-08-13,AEDXB,182000,10.317161988547321
2023-08-13,CNSHA,182000,7.307756854985264
2023-08-13,USLAX,182000,11.022927179568477
2023-08-20,INMAA,183000,11.537130898321152
2023-08-20,AEDXB,183000,8.115111461422504
2023-08-20,CNSHA,183000,12.22015302678929
2023-08-20,USLAX,183000,7.013632647773951
2023-08-27,INMAA,184000,10.29384471044892
2023-08-27,AEDXB,184000,10.186219919402834
2023-08-27,CNSHA,184000,9.626107724435233
2023-08-27,USLAX,184000,4.733767833109689
2023-09-03,INMAA,185000,11.493049928246146
2023-09-03,AEDXB,185000,7.706569625464109
2023-09-03,CNSHA,185000,12.795537611817329
2023-09-03,USLAX,185000,12.306649181421735
2023-09-10,INMAA,186000,12.093448696462676
2023-09-10,AEDXB,186000,10.585963022938902
2023-09-10,CNSHA,186000,12.109278045066166
2023-09-10,USLAX,186000,10.398293473498713
2023-09-17,INMAA,187000,12.206282608117256
2023-09-17,AEDXB,187000,12.46008202649939
2023-09-17,CNSHA,187000,10.862055988614216
2023-09-17,USLAX,187000,8.451338273115935
2023-09-24,INMAA,188000,9.693973157385827
2023-09-24,AEDXB,188000,11.448574742033752
2023-09-24,CNSHA,188000,13.086718302611663
2023-09-24,USLAX,188000,10.445838285389435
2023-10-01,INMAA,189000,10.653959134480038
2023-10-01,AEDXB,189000,8.59568174438491
2023-10-01,CNSHA,189000,15.833297121877804
2023-10-01,USLAX,189000,8.339165079768417
2023-10-08,INMAA,190000,13.61547072412732
2023-10-08,AEDXB,190000,6.1037827935556495
2023-10-08,CNSHA,190000,11.491829841252358
2023-10-08,USLAX,190000,10.85472772621671
2023-10-15,INMAA,191000,9.72797771877323
2023-10-15,AEDXB,191000,7.611245549995955
2023-10-15,CNSHA,191000,10.692404947051411
2023-10-15,USLAX,191000,7.858857137033041
2023-10-22,INMAA,192000,9.46324385600938
2023-10-22,AEDXB,192000,9.782465823624003
2023-10-22,CNSHA,192000,10.589771426953918
2023-10-22,USLAX,192000,11.753623184510957
2023-10-29,INMAA,193000,9.88975017306426
2023-10-29,AEDXB,193000,12.114621223807642
2023-10-29,CNSHA,193000,11.54244419216538
2023-10-29,USLAX,193000,11.491075162034647
2023-11-05,INMAA,194000,4.9606268782102285
2023-11-05,AEDXB,194000,11.303593954800075
2023-11-05,CNSHA,194000,8.555697543148003
2023-11-05,USLAX,194000,9.066910621286963
2023-11-12,INMAA,195000,9.121273236327648
2023-11-12,AEDXB,195000,9.263733257147898
2023-11-12,CNSHA,195000,12.624625366545118
2023-11-12,USLAX,195000,10.303521914595555
2023-11-19,INMAA,196000,7.063252656991729
2023-11-19,AEDXB,196000,8.782569735972832
2023-11-19,CNSHA,196000,11.270982321326622
2023-11-19,USLAX,196000,8.836325580717734
2023-11-26,INMAA,197000,10.455485105711075
2023-11-26,AEDXB,197000,10.77878111377196
2023-11-26,CNSHA,197000,7.863347234049575
2023-11-26,USLAX,197000,11.305783731563167
2023-12-03,INMAA,198000,8.119357295855433
2023-12-03,AEDXB,198000,10.343239861648664
2023-12-03,CNSHA,198000,9.230106649202149
2023-12-03,USLAX,198000,13.457293171316635
2023-12-10,INMAA,199000,7.965619951861164
2023-12-10,AEDXB,199000,11.355500321566671
2023-12-10,CNSHA,199000,8.855498114996964
2023-12-10,USLAX,199000,9.439672095355226
2023-12-17,INMAA,200000,9.422736628679349
2023-12-17,AEDXB,200000,6.297739504666029
2023-12-17,CNSHA,200000,8.895648655670234
2023-12-17,USLAX,200000,7.656630038243937
2023-12-24,INMAA,201000,10.769802133559795
2023-12-24,AEDXB,201000,6.210059822127496
2023-12-24,CNSHA,201000,8.864366527573136
2023-12-24,USLAX,201000,10.376033877514748
2023-12-31,INMAA,202000,9.149034747383006
2023-12-31,AEDXB,202000,14.620398819364668
2023-12-31,CNSHA,202000,11.571507887854843
2023-12-31,USLAX,202000,7.88909434073813
2024-01-07,INMAA,203000,9.518722716860529
2024-01-07,AEDXB,203000,12.21667350697083
2024-01-07,CNSHA,203000,7.652623789094507
2024-01-07,USLAX,203000,6.808970797351007
2024-01-14,INMAA,204000,8.83316984144589
2024-01-14,AEDXB,204000,11.64832359535393
2024-01-14,CNSHA,204000,8.55922332820985
2024-01-14,USLAX,204000,13.015328104664263
2024-01-21,INMAA,205000,9.555004427495717
2024-01-21,AEDXB,205000,8.305927536317181
2024-01-21,CNSHA,205000,7.975061467209407
2024-01-21,USLAX,205000,10.918632224570597
2024-01-28,INMAA,206000,6.2879149697616015
2024-01-28,AEDXB,206000,10.729378231054744
2024-01-28,CNSHA,206000,7.182537031126267
2024-01-28,USLAX,206000,10.781613734008623
2024-02-04,INMAA,207000,6.258854714987542
2024-02-04,AEDXB,207000,13.020790121752588
2024-02-04,CNSHA,207000,9.89820965924571
2024-02-04,USLAX,207000,10.785098509609824
2024-02-11,INMAA,208000,12.040640294720298
2024-02-11,AEDXB,208000,8.82595027032096
2024-02-11,CNSHA,208000,11.358553924380242
2024-02-11,USLAX,208000,15.344485579293806
2024-02-18,INMAA,209000,8.070966323050719
2024-02-18,AEDXB,209000,9.316377510264918
2024-02-18,CNSHA,209000,16.105651343053495
2024-02-18,USLAX,209000,10.791424316963761
2024-02-25,INMAA,210000,11.531088536054188
2024-02-25,AEDXB,210000,10.22814784734344
2024-02-25,CNSHA,210000,14.076738976700014
2024-02-25,USLAX,210000,8.158762312170905
2024-03-03,INMAA,211000,8.281312406344332
2024-03-03,AEDXB,211000,10.394403648923554
2024-03-03,CNSHA,211000,12.61796561698422
2024-03-03,USLAX,211000,10.662259118575738
2024-03-10,INMAA,212000,9.389053870967226
2024-03-10,AEDXB,212000,10.344888186366987
2024-03-10,CNSHA,212000,7.658883309151625
2024-03-10,USLAX,212000,11.383919367575299
2024-03-17,INMAA,213000,11.975670113981677
2024-03-17,AEDXB,213000,8.122864685383007
2024-03-17,CNSHA,213000,8.033063203917974
2024-03-17,USLAX,213000,13.930113480687975
2024-03-24,INMAA,214000,9.897628602627595
2024-03-24,AEDXB,214000,13.296279063229372
2024-03-24,CNSHA,214000,9.261515001828352
2024-03-24,USLAX,214000,10.385220307453856
2024-03-31,INMAA,215000,11.706859900496951
2024-03-31,AEDXB,215000,12.599103349337408
2024-03-31,CNSHA,215000,8.090524090606266
2024-03-31,USLAX,215000,9.837236622359903
2024-04-07,INMAA,216000,9.57823376912002
2024-04-07,AEDXB,216000,11.192237568067306
2024-04-07,CNSHA,216000,14.586086825296913
2024-04-07,USLAX,216000,16.414189057188086
2024-04-14,INMAA,217000,6.0963511289092835
2024-04-14,AEDXB,217000,8.634952619564778
2024-04-14,CNSHA,217000,8.860888231850058
2024-04-14,USLAX,217000,12.58791193184403
2024-04-21,INMAA,218000,9.894198457669969
2024-04-21,AEDXB,218000,11.313707912741787
2024-04-21,CNSHA,218000,8.672789939858673
2024-04-21,USLAX,218000,9.481095145818566
2024-04-28,INMAA,219000,11.313449653555349
2024-04-28,AEDXB,219000,9.966742924337394
2024-04-28,CNSHA,219000,10.55410972665222
2024-04-28,USLAX,219000,6.666978640778279
2024-05-05,INMAA,220000,10.909715558036906
2024-05-05,AEDXB,220000,11.486790950498934
2024-05-05,CNSHA,220000,9.038296833191362
2024-05-05,USLAX,220000,11.248497714214547
2024-05-12,INMAA,221000,6.608342107610782
2024-05-12,AEDXB,221000,11.24447318957061
2024-05-12,CNSHA,221000,8.238753955233472
2024-05-12,USLAX,221000,9.999140430569103
2024-05-19,INMAA,222000,9.008882802544592
2024-05-19,AEDXB,222000,13.328789848631057
2024-05-19,CNSHA,222000,12.373057698858329
2024-05-19,USLAX,222000,10.117326142375317
2024-05-26,INMAA,223000,8.194751349349204
2024-05-26,AEDXB,223000,12.155315938224529
2024-05-26,CNSHA,223000,6.530421501057408
2024-05-26,USLAX,223000,8.914750401704147
2024-06-02,INMAA,224000,11.760683061501249
2024-06-02,AEDXB,224000,5.827909745817137
2024-06-02,CNSHA,224000,10.513214393272644
2024-06-02,USLAX,224000,9.842236556865702
2024-06-09,INMAA,225000,7.631840352877271
2024-06-09,AEDXB,225000,9.589529520093953
2024-06-09,CNSHA,225000,12.538061983152897
2024-06-09,USLAX,225000,6.215747067018003
2024-06-16,INMAA,226000,12.855417175005252
2024-06-16,AEDXB,226000,11.198415855870923
2024-06-16,CNSHA,226000,11.013122499270283
2024-06-16,USLAX,226000,5.962768840059438
2024-06-23,INMAA,227000,10.565123271945572
2024-06-23,AEDXB,227000,9.478263519986097
2024-06-23,CNSHA,227000,10.231912997166893
2024-06-23,USLAX,227000,9.663516883276113
2024-06-30,INMAA,228000,4.585114390109395
2024-06-30,AEDXB,228000,11.103689269068047
2024-06-30,CNSHA,228000,9.151310383433955
2024-06-30,USLAX,228000,9.914184514651431
2024-07-07,INMAA,229000,5.431647881771638
2024-07-07,AEDXB,229000,10.856963274771187
2024-07-07,CNSHA,229000,8.295131528281761
2024-07-07,USLAX,229000,11.108186177487205
2024-07-14,INMAA,230000,10.700836937627626
2024-07-14,AEDXB,230000,9.475866146409746
2024-07-14,CNSHA,230000,7.0183821274457845
2024-07-14,USLAX,230000,8.528300635450561
2024-07-21,INMAA,231000,9.186465504282085
2024-07-21,AEDXB,231000,8.84646670262194
2024-07-21,CNSHA,231000,7.630445724656209
2024-07-21,USLAX,231000,8.680361856238763
2024-07-28,INMAA,232000,6.8941662510537665
2024-07-28,AEDXB,232000,9.335838748364479
2024-07-28,CNSHA,232000,13.461208754119012
2024-07-28,USLAX,232000,8.591160392179239
2024-08-04,INMAA,233000,12.684379016907307
2024-08-04,AEDXB,233000,14.754243698415717
2024-08-04,CNSHA,233000,10.953835707767404
2024-08-04,USLAX,233000,11.501659491928232
2024-08-11,INMAA,234000,7.420359049114039
2024-08-11,AEDXB,234000,11.904942228367052
2024-08-11,CNSHA,234000,11.166298530454862
2024-08-11,USLAX,234000,8.100374239533112
2024-08-18,INMAA,235000,10.276735179750478
2024-08-18,AEDXB,235000,9.445070624870148
2024-08-18,CNSHA,235000,9.724474394216669
2024-08-18,USLAX,235000,12.132819228515764
2024-08-25,INMAA,236000,10.204095028694118
2024-08-25,AEDXB,236000,12.31974026508779
2024-08-25,CNSHA,236000,11.16928060421566
2024-08-25,USLAX,236000,10.636585884284033
2024-09-01,INMAA,237000,12.042242570927803
2024-09-01,AEDXB,237000,12.376213208315932
2024-09-01,CNSHA,237000,10.9112991425462
2024-09-01,USLAX,237000,9.263039095793687
2024-09-08,INMAA,238000,9.54308391486284
2024-09-08,AEDXB,238000,11.187344873010318
2024-09-08,CNSHA,238000,11.205299911187828
2024-09-08,USLAX,238000,7.322603146489472
2024-09-15,INMAA,239000,8.334376368106213
2024-09-15,AEDXB,239000,11.493893136531938
2024-09-15,CNSHA,239000,10.181975115155128
2024-09-15,USLAX,239000,10.285890587725214
2024-09-22,INMAA,240000,11.262577078451613
2024-09-22,AEDXB,240000,8.877815598976792
2024-09-22,CNSHA,240000,11.813466435001233
2024-09-22,USLAX,240000,13.918052391585029
2024-09-29,INMAA,241000,12.325117043442894
2024-09-29,AEDXB,241000,10.209553412024775
2024-09-29,CNSHA,241000,9.871341179998518
2024-09-29,USLAX,241000,11.055164694820798
2024-10-06,INMAA,242000,11.035917879413294
2024-10-06,AEDXB,242000,12.285710261861015
2024-10-06,CNSHA,242000,12.974731785906886
2024-10-06,USLAX,242000,6.725591211913557
2024-10-13,INMAA,243000,7.1274282011458165
2024-10-13,AEDXB,243000,11.292035952561436
2024-10-13,CNSHA,243000,7.632332009537891
2024-10-13,USLAX,243000,14.187878475699769
2024-10-20,INMAA,244000,9.344388621191058
2024-10-20,AEDXB,244000,10.04229672856117
2024-10-20,CNSHA,244000,9.647102366091275
2024-10-20,USLAX,244000,9.803951311015169
2024-10-27,INMAA,245000,8.824850345483942
2024-10-27,AEDXB,245000,5.380267283108873
2024-10-27,CNSHA,245000,9.097804157686538
2024-10-27,USLAX,245000,11.100844906075332
2024-11-03,INMAA,246000,11.605149309606494
2024-11-03,AEDXB,246000,10.254728305695007
2024-11-03,CNSHA,246000,8.277401617584855
2024-11-03,USLAX,246000,11.681546788109555
2024-11-10,INMAA,247000,7.479853409753766
2024-11-10,AEDXB,247000,8.679568552966229
2024-11-10,CNSHA,247000,11.604649750604828
2024-11-10,USLAX,247000,11.504799875433662
2024-11-17,INMAA,248000,12.571131910552317
2024-11-17,AEDXB,248000,6.252123550068709
2024-11-17,CNSHA,248000,13.508481990988418
2024-11-17,USLAX,248000,8.154540588857863
2024-11-24,INMAA,249000,9.413911097342769
2024-11-24,AEDXB,249000,8.876299550951641
2024-11-24,CNSHA,249000,11.416618421406358
2024-11-24,USLAX,249000,8.817722860419515
2024-12-01,INMAA,250000,14.922445665847718
2024-12-01,AEDXB,250000,11.842612899586214
2024-12-01,CNSHA,250000,12.64840005544089
2024-12-01,USLAX,250000,13.971449909822216
2024-12-08,INMAA,251000,2.174176365030066
2024-12-08,AEDXB,251000,7.917627723840607
2024-12-08,CNSHA,251000,8.849337561503821
2024-12-08,USLAX,251000,10.555072318227387
2024-12-15,INMAA,252000,7.463355694250449
2024-12-15,AEDXB,252000,10.390168256697068
2024-12-15,CNSHA,252000,8.427269657574842
2024-12-15,USLAX,252000,8.262144574430726
2024-12-22,INMAA,253000,13.724940243703916
2024-12-22,AEDXB,253000,10.156720456856876
2024-12-22,CNSHA,253000,9.479253210162158
2024-12-22,USLAX,253000,8.100660762641324
2024-12-29,INMAA,254000,9.3595143536519
2024-12-29,AEDXB,254000,5.4943477802838485
2024-12-29,CNSHA,254000,12.227062054695562
2024-12-29,USLAX,254000,10.878232767225573
2025-01-05,INMAA,255000,9.815792435721084
2025-01-05,AEDXB,255000,11.986657769109527
2025-01-05,CNSHA,255000,11.27796719400798
2025-01-05,USLAX,255000,11.439826865326655
2025-01-12,INMAA,256000,7.748538120833427
2025-01-12,AEDXB,256000,13.137284614632122
2025-01-12,CNSHA,256000,7.998281038729049
2025-01-12,USLAX,256000,8.931090501095651
2025-01-19,INMAA,257000,6.745508157985441
2025-01-19,AEDXB,257000,10.175877408410946
2025-01-19,CNSHA,257000,7.351240589252478
2025-01-19,USLAX,257000,12.416414064579241
2025-01-26,INMAA,258000,11.057253782847539
2025-01-26,AEDXB,258000,11.0643243166605
2025-01-26,CNSHA,258000,10.354575237780427
2025-01-26,USLAX,258000,10.878154220164859
2025-02-02,INMAA,259000,10.780866713996629
2025-02-02,AEDXB,259000,7.776612296112404
2025-02-02,CNSHA,259000,7.91282500572915
2025-02-02,USLAX,259000,10.254981370105652
2025-02-09,INMAA,260000,6.685726663897712
2025-02-09,AEDXB,260000,10.572358280736493
2025-02-09,CNSHA,260000,12.083813795784437
2025-02-09,USLAX,260000,7.207199407873281
2025-02-16,INMAA,261000,8.645735047274433
2025-02-16,AEDXB,261000,7.187938274421606
2025-02-16,CNSHA,261000,11.767090328247141
2025-02-16,USLAX,261000,10.423317677851236
2025-02-23,INMAA,262000,11.436578374702375
2025-02-23,AEDXB,262000,9.690336801737738
2025-02-23,CNSHA,262000,8.775300404770183
2025-02-23,USLAX,262000,9.809951511309714
2025-03-02,INMAA,263000,11.775988334538848
2025-03-02,AEDXB,263000,11.051976720780681
2025-03-02,CNSHA,263000,11.538808127977422
2025-03-02,USLAX,263000,9.656728061359352
2025-03-09,INMAA,264000,11.279483720972614
2025-03-09,AEDXB,264000,9.024952932935083
2025-03-09,CNSHA,264000,15.157644466426554
2025-03-09,USLAX,264000,9.195230218329407
2025-03-16,INMAA,265000,12.240495588887143
2025-03-16,AEDXB,265000,9.17656204522934
2025-03-16,CNSHA,265000,9.258561369014888
2025-03-16,USLAX,265000,11.17830600744851
2025-03-23,INMAA,266000,4.877549000883858
2025-03-23,AEDXB,266000,12.447896924999153
2025-03-23,CNSHA,266000,9.230260353940777
2025-03-23,USLAX,266000,9.073065650973682
2025-03-30,INMAA,267000,8.91381606808473
2025-03-30,AEDXB,267000,10.264084242021243
2025-03-30,CNSHA,267000,9.051571355622613
2025-03-30,USLAX,267000,11.608842867065675
2025-04-06,INMAA,268000,5.7904656654518725
2025-04-06,AEDXB,268000,11.766161211630697
2025-04-06,CNSHA,268000,10.768315562372383
2025-04-06,USLAX,268000,10.614531807164438
2025-04-13,INMAA,269000,6.746999441141856
2025-04-13,AEDXB,269000,8.276881374817794
2025-04-13,CNSHA,269000,8.396195630919369
2025-04-13,USLAX,269000,11.057386731349204
2025-04-20,INMAA,270000,9.8007070521122
2025-04-20,AEDXB,270000,8.770665047443819
2025-04-20,CNSHA,270000,11.935815787726792
2025-04-20,USLAX,270000,11.64794933938548
2025-04-27,INMAA,271000,12.448681662430431
2025-04-27,AEDXB,271000,7.408260363399243
2025-04-27,CNSHA,271000,9.991148481946224
2025-04-27,USLAX,271000,11.73972764048451
2025-05-04,INMAA,272000,7.537032830291366
2025-05-04,AEDXB,272000,14.649048966069095
2025-05-04,CNSHA,272000,8.377215132380526
2025-05-04,USLAX,272000,9.545847912139797
2025-05-11,INMAA,273000,7.9889448014912094
2025-05-11,AEDXB,273000,10.641581346098594
2025-05-11,CNSHA,273000,11.812570718948015
2025-05-11,USLAX,273000,11.71740796734884
2025-05-18,INMAA,274000,5.723981959236071
2025-05-18,AEDXB,274000,8.040079241713443
2025-05-18,CNSHA,274000,11.073381776282897
2025-05-18,USLAX,274000,9.812800752724256
2025-05-25,INMAA,275000,10.449965711959036
2025-05-25,AEDXB,275000,8.462331907633839
2025-05-25,CNSHA,275000,10.850857045416008
2025-05-25,USLAX,275000,11.358008674409268
2025-06-01,INMAA,276000,9.910017144250858
2025-06-01,AEDXB,276000,7.9061648906572115
2025-06-01,CNSHA,276000,8.038260842281613
2025-06-01,USLAX,276000,8.707416897080918
2025-06-08,INMAA,277000,11.609434856456174
2025-06-08,AEDXB,277000,9.620600910477398
2025-06-08,CNSHA,277000,8.92194333453502
2025-06-08,USLAX,277000,9.788069531003185
2025-06-15,INMAA,278000,8.51125899808515
2025-06-15,AEDXB,278000,9.861002602655473
2025-06-15,CNSHA,278000,9.440102351700734
2025-06-15,USLAX,278000,9.021151151567384
2025-06-22,INMAA,279000,9.411043640697905
2025-06-22,AEDXB,279000,8.775714547753967
2025-06-22,CNSHA,279000,13.87652677381311
2025-06-22,USLAX,279000,7.766385075504381
2025-06-29,INMAA,280000,10.378252191035303
2025-06-29,AEDXB,280000,9.844955212976995
2025-06-29,CNSHA,280000,8.906018982794413
2025-06-29,USLAX,280000,8.363386177680914
2025-07-06,INMAA,281000,7.347924481430997
2025-07-06,AEDXB,281000,7.531476449501272
2025-07-06,CNSHA,281000,9.10539182225693
2025-07-06,USLAX,281000,8.18413612565816
2025-07-13,INMAA,282000,12.457488573744905
2025-07-13,AEDXB,282000,10.43489571601453
2025-07-13,CNSHA,282000,11.487185038505448
2025-07-13,USLAX,282000,14.394190783685783
2025-07-20,INMAA,283000,9.149045272269012
2025-07-20,AEDXB,283000,12.216671398079079
2025-07-20,CNSHA,283000,13.613226878425102
2025-07-20,USLAX,283000,8.130685786458422
2025-07-27,INMAA,284000,10.101484849299789
2025-07-27,AEDXB,284000,11.551922815209728
2025-07-27,CNSHA,284000,12.01667480841962
2025-07-27,USLAX,284000,7.8054093492201355
2025-08-03,INMAA,285000,14.04134503333384
2025-08-03,AEDXB,285000,7.156576934655198
2025-08-03,CNSHA,285000,12.195807386089436
2025-08-03,USLAX,285000,9.995644907614219
2025-08-10,INMAA,286000,8.767068961085048
2025-08-10,AEDXB,286000,8.809779724394316
2025-08-10,CNSHA,286000,7.342439927224339
2025-08-10,USLAX,286000,11.447498663518143
2025-08-17,INMAA,287000,8.232421117980781
2025-08-17,AEDXB,287000,13.621231660404922
2025-08-17,CNSHA,287000,13.582195602723091
2025-08-17,USLAX,287000,9.303675119475713
2025-08-24,INMAA,288000,10.23666737330537
2025-08-24,AEDXB,288000,6.948160915738795
2025-08-24,CNSHA,288000,9.020826332767525
2025-08-24,USLAX,288000,11.899015103003123
2025-08-31,INMAA,289000,10.896858847813464
2025-08-31,AEDXB,289000,12.508598496638372
2025-08-31,CNSHA,289000,11.042607056529144
2025-08-31,USLAX,289000,6.297628232428139
2025-09-07,INMAA,290000,11.981240476623933
2025-09-07,AEDXB,290000,10.77581501976987
2025-09-07,CNSHA,290000,11.667876104561813
2025-09-07,USLAX,290000,7.901829395693524
2025-09-14,INMAA,291000,11.705519592779178
2025-09-14,AEDXB,291000,8.12597268452284
2025-09-14,CNSHA,291000,9.39360178982631
2025-09-14,USLAX,291000,12.396625097060607
2025-09-21,INMAA,292000,9.880834540383033
2025-09-21,AEDXB,292000,11.200574618179319
2025-09-21,CNSHA,292000,11.54325175050236
2025-09-21,USLAX,292000,9.403605018908188
2025-09-28,INMAA,293000,10.32621691516826
2025-09-28,AEDXB,293000,11.005401888308413
2025-09-28,CNSHA,293000,8.278746096129042
2025-09-28,USLAX,293000,8.265902597299428
2025-10-05,INMAA,294000,10.960790947545656
2025-10-05,AEDXB,294000,7.232920887990375
2025-10-05,CNSHA,294000,7.655004837592481
2025-10-05,USLAX,294000,9.34362521244072
2025-10-12,INMAA,295000,12.061630996757856
2025-10-12,AEDXB,295000,10.225969197767766
2025-10-12,CNSHA,295000,9.535726196702445
2025-10-12,USLAX,295000,8.77376520766567
2025-10-19,INMAA,296000,12.231867845971777
2025-10-19,AEDXB,296000,9.778738571359298
2025-10-19,CNSHA,296000,9.645145241407354
2025-10-19,USLAX,296000,11.943617402601069
2025-10-26,INMAA,297000,10.733755102872731
2025-10-26,AEDXB,297000,9.77653804115944
2025-10-26,CNSHA,297000,8.393014708341237
2025-10-26,USLAX,297000,9.403228073565812
2025-11-02,INMAA,298000,11.120980693459051
2025-11-02,AEDXB,298000,6.099233900704933
2025-11-02,CNSHA,298000,11.780197919683802
2025-11-02,USLAX,298000,15.536376152366792
2025-11-09,INMAA,299000,11.041532490475298
2025-11-09,AEDXB,299000,9.928921010539174
2025-11-09,CNSHA,299000,12.349059575448484
2025-11-09,USLAX,299000,6.13504507913691
