Year,Economy,Economy Label,Series,Series Label,Direction,Direction Label,EstimateBound,EstimateBound Label,Millions of US$ at current prices,Millions of US$ at current prices Footnote,Millions of US$ at current prices Missing value
2015,170,"Colombia",8331,"Drug trafficking (IFF_ILM_DRG). IFFs from illegal market activities",1,"Inward",MAX,"Maximum",4040,"Estimated. Income generation inward IFFs from the trafficking of cocaine-type products.",
2015,170,"Colombia",8331,"Drug trafficking (IFF_ILM_DRG). IFFs from illegal market activities",1,"Inward",MIN,"Minimum",558.1,"Estimated. Income generation inward IFFs from the trafficking of cocaine-type products.",
2015,170,"Colombia",8331,"Drug trafficking (IFF_ILM_DRG). IFFs from illegal market activities",2,"Outward",BEST,"Midpoint",116.7,"Estimated. Income generation outward IFFs from the trafficking of cocaine-type products.",
2015,170,"Colombia",8331,"Drug trafficking (IFF_ILM_DRG). IFFs from illegal market activities",2,"Outward",MAX,"Maximum",143,"Estimated. Income generation outward IFFs from the trafficking of cocaine-type products.",
2015,170,"Colombia",8331,"Drug trafficking (IFF_ILM_DRG). IFFs from illegal market activities",2,"Outward",MIN,"Minimum",90.1,"Estimated. Income generation outward IFFs from the trafficking of cocaine-type products.",
2015,484,"Mexico",8331,"Drug trafficking (IFF_ILM_DRG). IFFs from illegal market activities",1,"Inward",BEST,"Midpoint",12261,"Estimated. Income generation inward IFFs from the trafficking of heroin, cocaine and methamphetamine.",
2015,484,"Mexico",8331,"Drug trafficking (IFF_ILM_DRG). IFFs from illegal market activities",1,"Inward",MAX,"Maximum",16625,"Estimated. Income generation inward IFFs from the trafficking of heroin, cocaine and methamphetamine.",
2015,484,"Mexico",8331,"Drug trafficking (IFF_ILM_DRG). IFFs from illegal market activities",1,"Inward",MIN,"Minimum",7961,"Estimated. Income generation inward IFFs from the trafficking of heroin, cocaine and methamphetamine.",
2015,604,"Peru",8331,"Drug trafficking (IFF_ILM_DRG). IFFs from illegal market activities",1,"Inward",BEST,"Midpoint",1336,"Estimated. Income generation inward IFFs from the trafficking of cocaine-type products.",
2015,604,"Peru",8331,"Drug trafficking (IFF_ILM_DRG). IFFs from illegal market activities",1,"Inward",MAX,"Maximum",1477,"Estimated. Income generation inward IFFs from the trafficking of cocaine-type products.",
2015,604,"Peru",8331,"Drug trafficking (IFF_ILM_DRG). IFFs from illegal market activities",1,"Inward",MIN,"Minimum",1196,"Estimated. Income generation inward IFFs from the trafficking of cocaine-type products.",
2016,170,"Colombia",8331,"Drug trafficking (IFF_ILM_DRG). IFFs from illegal market activities",1,"Inward",MAX,"Maximum",7908,"Estimated. Income generation inward IFFs from the trafficking of cocaine-type products.",
2016,170,"Colombia",8331,"Drug trafficking (IFF_ILM_DRG). IFFs from illegal market activities",1,"Inward",MIN,"Minimum",1027,"Estimated. Income generation inward IFFs from the trafficking of cocaine-type products.",
2016,170,"Colombia",8331,"Drug trafficking (IFF_ILM_DRG). IFFs from illegal market activities",2,"Outward",BEST,"Midpoint",202.6,"Estimated. Income generation outward IFFs from the trafficking of cocaine-type products.",
2016,170,"Colombia",8331,"Drug trafficking (IFF_ILM_DRG). IFFs from illegal market activities",2,"Outward",MAX,"Maximum",236.9,"Estimated. Income generation outward IFFs from the trafficking of cocaine-type products.",
2016,170,"Colombia",8331,"Drug trafficking (IFF_ILM_DRG). IFFs from illegal market activities",2,"Outward",MIN,"Minimum",177.2,"Estimated. Income generation outward IFFs from the trafficking of cocaine-type products.",
2016,218,"Ecuador",8332,"Smuggling of migrants (IFF_ILM_SOM). IFFs from illegal market activities",2,"Outward",BEST,"Midpoint",19,"Estimated. Income generation outward IFFs from the smuggling of migrants.",
2016,218,"Ecuador",8332,"Smuggling of migrants (IFF_ILM_SOM). IFFs from illegal market activities",2,"Outward",MAX,"Maximum",22.7,"Estimated. Income generation outward IFFs from the smuggling of migrants.",
2016,218,"Ecuador",8332,"Smuggling of migrants (IFF_ILM_SOM). IFFs from illegal market activities",2,"Outward",MIN,"Minimum",15.1,"Estimated. Income generation outward IFFs from the smuggling of migrants.",
2016,484,"Mexico",8331,"Drug trafficking (IFF_ILM_DRG). IFFs from illegal market activities",1,"Inward",BEST,"Midpoint",12764,"Estimated. Income generation inward IFFs from the trafficking of heroin, cocaine and methamphetamine.",
2016,484,"Mexico",8331,"Drug trafficking (IFF_ILM_DRG). IFFs from illegal market activities",1,"Inward",MAX,"Maximum",18751,"Estimated. Income generation inward IFFs from the trafficking of heroin, cocaine and methamphetamine.",
2016,484,"Mexico",8331,"Drug trafficking (IFF_ILM_DRG). IFFs from illegal market activities",1,"Inward",MIN,"Minimum",7658,"Estimated. Income generation inward IFFs from the trafficking of heroin, cocaine and methamphetamine.",
2016,484,"Mexico",8332,"Smuggling of migrants (IFF_ILM_SOM). IFFs from illegal market activities",1,"Inward",BEST,"Midpoint",1139,"Estimated. Income generation inward IFFs from the smuggling of migrants.",
2016,484,"Mexico",8332,"Smuggling of migrants (IFF_ILM_SOM). IFFs from illegal market activities",1,"Inward",MAX,"Maximum",1254,"Estimated. Income generation inward IFFs from the smuggling of migrants.",
2016,484,"Mexico",8332,"Smuggling of migrants (IFF_ILM_SOM). IFFs from illegal market activities",1,"Inward",MIN,"Minimum",1036,"Estimated. Income generation inward IFFs from the smuggling of migrants.",
2016,484,"Mexico",8332,"Smuggling of migrants (IFF_ILM_SOM). IFFs from illegal market activities",2,"Outward",BEST,"Midpoint",17.5,"Estimated. Income generation outward IFFs from the smuggling of migrants.",
2016,484,"Mexico",8332,"Smuggling of migrants (IFF_ILM_SOM). IFFs from illegal market activities",2,"Outward",MAX,"Maximum",21.8,"Estimated. Income generation outward IFFs from the smuggling of migrants.",
2016,484,"Mexico",8332,"Smuggling of migrants (IFF_ILM_SOM). IFFs from illegal market activities",2,"Outward",MIN,"Minimum",13.9,"Estimated. Income generation outward IFFs from the smuggling of migrants.",
2016,604,"Peru",8331,"Drug trafficking (IFF_ILM_DRG). IFFs from illegal market activities",1,"Inward",BEST,"Midpoint",1454,"Estimated. Income generation inward IFFs from the trafficking of cocaine-type products.",
2016,604,"Peru",8331,"Drug trafficking (IFF_ILM_DRG). IFFs from illegal market activities",1,"Inward",MAX,"Maximum",1669,"Estimated. Income generation inward IFFs from the trafficking of cocaine-type products.",
2016,604,"Peru",8331,"Drug trafficking (IFF_ILM_DRG). IFFs from illegal market activities",1,"Inward",MIN,"Minimum",1301,"Estimated. Income generation inward IFFs from the trafficking of cocaine-type products.",
2017,050,"Bangladesh",8331,"Drug trafficking (IFF_ILM_DRG). IFFs from illegal market activities",2,"Outward",BEST,"Midpoint",413.5,"Estimated. Preliminary estimates of income generation outward IFFs from the trafficking of heroin, ""yaba"" (methamphetamine tablets), buprenorphine and phensidyl.",
2017,050,"Bangladesh",8331,"Drug trafficking (IFF_ILM_DRG). IFFs from illegal market activities",2,"Outward",MAX,"Maximum",1987,"Estimated. Preliminary estimates of income generation outward IFFs from the trafficking of heroin, ""yaba"" (methamphetamine tablets), buprenorphine and phensidyl.",
2017,050,"Bangladesh",8331,"Drug trafficking (IFF_ILM_DRG). IFFs from illegal market activities",2,"Outward",MIN,"Minimum",102,"Estimated. Preliminary estimates of income generation outward IFFs from the trafficking of heroin, ""yaba"" (methamphetamine tablets), buprenorphine and phensidyl.",
2017,170,"Colombia",8331,"Drug trafficking (IFF_ILM_DRG). IFFs from illegal market activities",1,"Inward",MAX,"Maximum",9653,"Estimated. Income generation inward IFFs from the trafficking of cocaine-type products.",
2017,170,"Colombia",8331,"Drug trafficking (IFF_ILM_DRG). IFFs from illegal market activities",1,"Inward",MIN,"Minimum",1226,"Estimated. Income generation inward IFFs from the trafficking of cocaine-type products.",
2017,170,"Colombia",8331,"Drug trafficking (IFF_ILM_DRG). IFFs from illegal market activities",2,"Outward",BEST,"Midpoint",293.1,"Estimated. Income generation outward IFFs from the trafficking of cocaine-type products.",
2017,170,"Colombia",8331,"Drug trafficking (IFF_ILM_DRG). IFFs from illegal market activities",2,"Outward",MAX,"Maximum",342.9,"Estimated. Income generation outward IFFs from the trafficking of cocaine-type products.",
2017,170,"Colombia",8331,"Drug trafficking (IFF_ILM_DRG). IFFs from illegal market activities",2,"Outward",MIN,"Minimum",254.3,"Estimated. Income generation outward IFFs from the trafficking of cocaine-type products.",
2017,218,"Ecuador",8332,"Smuggling of migrants (IFF_ILM_SOM). IFFs from illegal market activities",2,"Outward",BEST,"Midpoint",10.9,"Estimated. Income generation outward IFFs from the smuggling of migrants.",
2017,218,"Ecuador",8332,"Smuggling of migrants (IFF_ILM_SOM). IFFs from illegal market activities",2,"Outward",MAX,"Maximum",12.9,"Estimated. Income generation outward IFFs from the smuggling of migrants.",
2017,218,"Ecuador",8332,"Smuggling of migrants (IFF_ILM_SOM). IFFs from illegal market activities",2,"Outward",MIN,"Minimum",8.9,"Estimated. Income generation outward IFFs from the smuggling of migrants.",
2017,484,"Mexico",8331,"Drug trafficking (IFF_ILM_DRG). IFFs from illegal market activities",1,"Inward",BEST,"Midpoint",12357,"Estimated. Income generation inward IFFs from the trafficking of heroin, cocaine and methamphetamine.",
2017,484,"Mexico",8331,"Drug trafficking (IFF_ILM_DRG). IFFs from illegal market activities",1,"Inward",MAX,"Maximum",17351,"Estimated. Income generation inward IFFs from the trafficking of heroin, cocaine and methamphetamine.",
2017,484,"Mexico",8331,"Drug trafficking (IFF_ILM_DRG). IFFs from illegal market activities",1,"Inward",MIN,"Minimum",8522,"Estimated. Income generation inward IFFs from the trafficking of heroin, cocaine and methamphetamine.",
2017,484,"Mexico",8332,"Smuggling of migrants (IFF_ILM_SOM). IFFs from illegal market activities",1,"Inward",BEST,"Midpoint",991.9,"Estimated. Income generation inward IFFs from the smuggling of migrants.",
2017,484,"Mexico",8332,"Smuggling of migrants (IFF_ILM_SOM). IFFs from illegal market activities",1,"Inward",MAX,"Maximum",1081,"Estimated. Income generation inward IFFs from the smuggling of migrants.",
2017,484,"Mexico",8332,"Smuggling of migrants (IFF_ILM_SOM). IFFs from illegal market activities",1,"Inward",MIN,"Minimum",908.8,"Estimated. Income generation inward IFFs from the smuggling of migrants.",
2017,484,"Mexico",8332,"Smuggling of migrants (IFF_ILM_SOM). IFFs from illegal market activities",2,"Outward",BEST,"Midpoint",10,"Estimated. Income generation outward IFFs from the smuggling of migrants.",
2017,484,"Mexico",8332,"Smuggling of migrants (IFF_ILM_SOM). IFFs from illegal market activities",2,"Outward",MAX,"Maximum",12.3,"Estimated. Income generation outward IFFs from the smuggling of migrants.",
2017,484,"Mexico",8332,"Smuggling of migrants (IFF_ILM_SOM). IFFs from illegal market activities",2,"Outward",MIN,"Minimum",8,"Estimated. Income generation outward IFFs from the smuggling of migrants.",
2017,604,"Peru",8331,"Drug trafficking (IFF_ILM_DRG). IFFs from illegal market activities",1,"Inward",BEST,"Midpoint",1657,"Estimated. Income generation inward IFFs from the trafficking of cocaine-type products.",
2017,604,"Peru",8331,"Drug trafficking (IFF_ILM_DRG). IFFs from illegal market activities",1,"Inward",MAX,"Maximum",1949,"Estimated. Income generation inward IFFs from the trafficking of cocaine-type products.",
2017,604,"Peru",8331,"Drug trafficking (IFF_ILM_DRG). IFFs from illegal market activities",1,"Inward",MIN,"Minimum",1483,"Estimated. Income generation inward IFFs from the trafficking of cocaine-type products.",
2018,004,"Afghanistan",8331,"Drug trafficking (IFF_ILM_DRG). IFFs from illegal market activities",1,"Inward",MAX,"Maximum",2100,"Estimated. Income generation inward illicit financial flows, resulting from potential opiates exports.",
2018,004,"Afghanistan",8331,"Drug trafficking (IFF_ILM_DRG). IFFs from illegal market activities",1,"Inward",MIN,"Minimum",1100,"Estimated. Income generation inward illicit financial flows, resulting from potential opiates exports.",
2018,050,"Bangladesh",8331,"Drug trafficking (IFF_ILM_DRG). IFFs from illegal market activities",2,"Outward",BEST,"Midpoint",444.8,"Estimated. Preliminary estimates of income generation outward IFFs from the trafficking of heroin, ""yaba"" (methamphetamine tablets), buprenorphine and phensidyl.",
2018,050,"Bangladesh",8331,"Drug trafficking (IFF_ILM_DRG). IFFs from illegal market activities",2,"Outward",MAX,"Maximum",2109,"Estimated. Preliminary estimates of income generation outward IFFs from the trafficking of heroin, ""yaba"" (methamphetamine tablets), buprenorphine and phensidyl.",
2018,050,"Bangladesh",8331,"Drug trafficking (IFF_ILM_DRG). IFFs from illegal market activities",2,"Outward",MIN,"Minimum",111.5,"Estimated. Preliminary estimates of income generation outward IFFs from the trafficking of heroin, ""yaba"" (methamphetamine tablets), buprenorphine and phensidyl.",
2018,170,"Colombia",8331,"Drug trafficking (IFF_ILM_DRG). IFFs from illegal market activities",1,"Inward",MAX,"Maximum",11261,"Estimated. Income generation inward IFFs from the trafficking of cocaine-type products.",
2018,170,"Colombia",8331,"Drug trafficking (IFF_ILM_DRG). IFFs from illegal market activities",1,"Inward",MIN,"Minimum",1472,"Estimated. Income generation inward IFFs from the trafficking of cocaine-type products.",
2018,170,"Colombia",8331,"Drug trafficking (IFF_ILM_DRG). IFFs from illegal market activities",2,"Outward",BEST,"Midpoint",268.4,"Estimated. Income generation outward IFFs from the trafficking of cocaine-type products.",
2018,170,"Colombia",8331,"Drug trafficking (IFF_ILM_DRG). IFFs from illegal market activities",2,"Outward",MAX,"Maximum",313.1,"Estimated. Income generation outward IFFs from the trafficking of cocaine-type products.",
2018,170,"Colombia",8331,"Drug trafficking (IFF_ILM_DRG). IFFs from illegal market activities",2,"Outward",MIN,"Minimum",236.4,"Estimated. Income generation outward IFFs from the trafficking of cocaine-type products.",
2018,218,"Ecuador",8332,"Smuggling of migrants (IFF_ILM_SOM). IFFs from illegal market activities",2,"Outward",BEST,"Midpoint",10.8,"Estimated. Income generation outward IFFs from the smuggling of migrants.",
2018,218,"Ecuador",8332,"Smuggling of migrants (IFF_ILM_SOM). IFFs from illegal market activities",2,"Outward",MAX,"Maximum",13.4,"Estimated. Income generation outward IFFs from the smuggling of migrants.",
2018,218,"Ecuador",8332,"Smuggling of migrants (IFF_ILM_SOM). IFFs from illegal market activities",2,"Outward",MIN,"Minimum",8.2,"Estimated. Income generation outward IFFs from the smuggling of migrants.",
2018,484,"Mexico",8331,"Drug trafficking (IFF_ILM_DRG). IFFs from illegal market activities",1,"Inward",BEST,"Midpoint",10952,"Estimated. Income generation inward IFFs from the trafficking of heroin, cocaine and methamphetamine.",
2018,484,"Mexico",8331,"Drug trafficking (IFF_ILM_DRG). IFFs from illegal market activities",1,"Inward",MAX,"Maximum",15089,"Estimated. Income generation inward IFFs from the trafficking of heroin, cocaine and methamphetamine.",
2018,484,"Mexico",8331,"Drug trafficking (IFF_ILM_DRG). IFFs from illegal market activities",1,"Inward",MIN,"Minimum",7668,"Estimated. Income generation inward IFFs from the trafficking of heroin, cocaine and methamphetamine.",
2018,484,"Mexico",8332,"Smuggling of migrants (IFF_ILM_SOM). IFFs from illegal market activities",1,"Inward",BEST,"Midpoint",1218,"Estimated. Income generation inward IFFs from the smuggling of migrants.",
2018,484,"Mexico",8332,"Smuggling of migrants (IFF_ILM_SOM). IFFs from illegal market activities",1,"Inward",MAX,"Maximum",1410,"Estimated. Income generation inward IFFs from the smuggling of migrants.",
2018,484,"Mexico",8332,"Smuggling of migrants (IFF_ILM_SOM). IFFs from illegal market activities",1,"Inward",MIN,"Minimum",1049,"Estimated. Income generation inward IFFs from the smuggling of migrants.",
2018,484,"Mexico",8332,"Smuggling of migrants (IFF_ILM_SOM). IFFs from illegal market activities",2,"Outward",BEST,"Midpoint",13.8,"Estimated. Income generation outward IFFs from the smuggling of migrants.",
2018,484,"Mexico",8332,"Smuggling of migrants (IFF_ILM_SOM). IFFs from illegal market activities",2,"Outward",MAX,"Maximum",18.1,"Estimated. Income generation outward IFFs from the smuggling of migrants.",
2018,484,"Mexico",8332,"Smuggling of migrants (IFF_ILM_SOM). IFFs from illegal market activities",2,"Outward",MIN,"Minimum",10.2,"Estimated. Income generation outward IFFs from the smuggling of migrants.",
2018,104,"Myanmar",8331,"Drug trafficking (IFF_ILM_DRG). IFFs from illegal market activities",1,"Inward",MAX,"Maximum",1845,"Estimated. Income generation inward illicit financial flows, resulting from potential exports of opiates.",
2018,104,"Myanmar",8331,"Drug trafficking (IFF_ILM_DRG). IFFs from illegal market activities",1,"Inward",MIN,"Minimum",829,"Estimated. Income generation inward illicit financial flows, resulting from potential exports of opiates.",
2019,004,"Afghanistan",8331,"Drug trafficking (IFF_ILM_DRG). IFFs from illegal market activities",1,"Inward",MAX,"Maximum",2000,"Estimated. Income generation inward illicit financial flows, resulting from potential opiates exports.",
2019,004,"Afghanistan",8331,"Drug trafficking (IFF_ILM_DRG). IFFs from illegal market activities",1,"Inward",MIN,"Minimum",1100,"Estimated. Income generation inward illicit financial flows, resulting from potential opiates exports.",
2019,050,"Bangladesh",8331,"Drug trafficking (IFF_ILM_DRG). IFFs from illegal market activities",2,"Outward",BEST,"Midpoint",459.5,"Estimated. Preliminary estimates of income generation outward IFFs from the trafficking of heroin, ""yaba"" (methamphetamine tablets), buprenorphine and phensidyl.",
2019,050,"Bangladesh",8331,"Drug trafficking (IFF_ILM_DRG). IFFs from illegal market activities",2,"Outward",MAX,"Maximum",2378,"Estimated. Preliminary estimates of income generation outward IFFs from the trafficking of heroin, ""yaba"" (methamphetamine tablets), buprenorphine and phensidyl.",
2019,050,"Bangladesh",8331,"Drug trafficking (IFF_ILM_DRG). IFFs from illegal market activities",2,"Outward",MIN,"Minimum",85,"Estimated. Preliminary estimates of income generation outward IFFs from the trafficking of heroin, ""yaba"" (methamphetamine tablets), buprenorphine and phensidyl.",
2019,170,"Colombia",8331,"Drug trafficking (IFF_ILM_DRG). IFFs from illegal market activities",1,"Inward",MAX,"Maximum",10235,"Estimated. Income generation inward IFFs from the trafficking of cocaine-type products.",
2019,170,"Colombia",8331,"Drug trafficking (IFF_ILM_DRG). IFFs from illegal market activities",1,"Inward",MIN,"Minimum",1478,"Estimated. Income generation inward IFFs from the trafficking of cocaine-type products.",
2019,170,"Colombia",8331,"Drug trafficking (IFF_ILM_DRG). IFFs from illegal market activities",2,"Outward",BEST,"Midpoint",255,"Estimated. Income generation outward IFFs from the trafficking of cocaine-type products.",
2019,170,"Colombia",8331,"Drug trafficking (IFF_ILM_DRG). IFFs from illegal market activities",2,"Outward",MAX,"Maximum",299.2,"Estimated. Income generation outward IFFs from the trafficking of cocaine-type products.",
2019,170,"Colombia",8331,"Drug trafficking (IFF_ILM_DRG). IFFs from illegal market activities",2,"Outward",MIN,"Minimum",225.4,"Estimated. Income generation outward IFFs from the trafficking of cocaine-type products.",
2019,104,"Myanmar",8331,"Drug trafficking (IFF_ILM_DRG). IFFs from illegal market activities",1,"Inward",MAX,"Maximum",1073,"Estimated. Income generation inward illicit financial flows, resulting from potential exports of opiates.",
2019,104,"Myanmar",8331,"Drug trafficking (IFF_ILM_DRG). IFFs from illegal market activities",1,"Inward",MIN,"Minimum",490,"Estimated. Income generation inward illicit financial flows, resulting from potential exports of opiates.",
2019,524,"Nepal",8331,"Drug trafficking (IFF_ILM_DRG). IFFs from illegal market activities",2,"Outward",BEST,"Midpoint",3.8,"Estimated. Preliminary estimates of income generation outward IFFs from heroin trafficking activities.",
2019,524,"Nepal",8331,"Drug trafficking (IFF_ILM_DRG). IFFs from illegal market activities",2,"Outward",MAX,"Maximum",9.7,"Estimated. Preliminary estimates of income generation outward IFFs from heroin trafficking activities.",
2019,524,"Nepal",8331,"Drug trafficking (IFF_ILM_DRG). IFFs from illegal market activities",2,"Outward",MIN,"Minimum",1.3,"Estimated. Preliminary estimates of income generation outward IFFs from heroin trafficking activities.",
2020,050,"Bangladesh",8331,"Drug trafficking (IFF_ILM_DRG). IFFs from illegal market activities",2,"Outward",BEST,"Midpoint",497.4,"Estimated. Preliminary estimates of income generation outward IFFs from the trafficking of heroin, ""yaba"" (methamphetamine tablets), buprenorphine and phensidyl.",
2020,050,"Bangladesh",8331,"Drug trafficking (IFF_ILM_DRG). IFFs from illegal market activities",2,"Outward",MAX,"Maximum",2593,"Estimated. Preliminary estimates of income generation outward IFFs from the trafficking of heroin, ""yaba"" (methamphetamine tablets), buprenorphine and phensidyl.",
2020,050,"Bangladesh",8331,"Drug trafficking (IFF_ILM_DRG). IFFs from illegal market activities",2,"Outward",MIN,"Minimum",88.6,"Estimated. Preliminary estimates of income generation outward IFFs from the trafficking of heroin, ""yaba"" (methamphetamine tablets), buprenorphine and phensidyl.",
2020,462,"Maldives",8331,"Drug trafficking (IFF_ILM_DRG). IFFs from illegal market activities",2,"Outward",BEST,"Midpoint",18.9,"Estimated. Preliminary estimates of income generation outward IFFs from the trafficking of heroin, cannabis, cocaine and ecstasy. Estimates are obtained as a result of wastewater analysis data, with the exclusion of heroin obtained as an average between wastewater a",
2020,462,"Maldives",8331,"Drug trafficking (IFF_ILM_DRG). IFFs from illegal market activities",2,"Outward",MAX,"Maximum",23,"Estimated. Preliminary estimates of income generation outward IFFs from the trafficking of heroin, cannabis, cocaine and ecstasy. Estimates are obtained as a result of wastewater analysis data, with the exclusion of heroin obtained as an average between wastewater a",
2020,462,"Maldives",8331,"Drug trafficking (IFF_ILM_DRG). IFFs from illegal market activities",2,"Outward",MIN,"Minimum",8.7,"Estimated. Preliminary estimates of income generation outward IFFs from the trafficking of heroin, cannabis, cocaine and ecstasy. Estimates are obtained as a result of wastewater analysis data, with the exclusion of heroin obtained as an average between wastewater a",
2020,104,"Myanmar",8331,"Drug trafficking (IFF_ILM_DRG). IFFs from illegal market activities",1,"Inward",MAX,"Maximum",1247,"Estimated. Income generation inward illicit financial flows, resulting from potential exports of opiates.",
2020,104,"Myanmar",8331,"Drug trafficking (IFF_ILM_DRG). IFFs from illegal market activities",1,"Inward",MIN,"Minimum",341,"Estimated. Income generation inward illicit financial flows, resulting from potential exports of opiates.",
2020,524,"Nepal",8331,"Drug trafficking (IFF_ILM_DRG). IFFs from illegal market activities",2,"Outward",BEST,"Midpoint",4.8,"Estimated. Preliminary estimates of income generation outward IFFs from heroin trafficking activities.",
2020,524,"Nepal",8331,"Drug trafficking (IFF_ILM_DRG). IFFs from illegal market activities",2,"Outward",MAX,"Maximum",11.2,"Estimated. Preliminary estimates of income generation outward IFFs from heroin trafficking activities.",
2020,524,"Nepal",8331,"Drug trafficking (IFF_ILM_DRG). IFFs from illegal market activities",2,"Outward",MIN,"Minimum",2,"Estimated. Preliminary estimates of income generation outward IFFs from heroin trafficking activities.",
2021,004,"Afghanistan",8331,"Drug trafficking (IFF_ILM_DRG). IFFs from illegal market activities",1,"Inward",MAX,"Maximum",2500,"Estimated. Income generation inward illicit financial flows, resulting from potential opiates exports.",
2021,004,"Afghanistan",8331,"Drug trafficking (IFF_ILM_DRG). IFFs from illegal market activities",1,"Inward",MIN,"Minimum",1700,"Estimated. Income generation inward illicit financial flows, resulting from potential opiates exports.",
2021,050,"Bangladesh",8331,"Drug trafficking (IFF_ILM_DRG). IFFs from illegal market activities",2,"Outward",BEST,"Midpoint",588.5,"Estimated. Preliminary estimates of income generation outward IFFs from the trafficking of heroin, ""yaba"" (methamphetamine tablets), buprenorphine and phensidyl.",
2021,050,"Bangladesh",8331,"Drug trafficking (IFF_ILM_DRG). IFFs from illegal market activities",2,"Outward",MAX,"Maximum",3049,"Estimated. Preliminary estimates of income generation outward IFFs from the trafficking of heroin, ""yaba"" (methamphetamine tablets), buprenorphine and phensidyl.",
2021,050,"Bangladesh",8331,"Drug trafficking (IFF_ILM_DRG). IFFs from illegal market activities",2,"Outward",MIN,"Minimum",112.7,"Estimated. Preliminary estimates of income generation outward IFFs from the trafficking of heroin, ""yaba"" (methamphetamine tablets), buprenorphine and phensidyl.",
2021,462,"Maldives",8331,"Drug trafficking (IFF_ILM_DRG). IFFs from illegal market activities",2,"Outward",BEST,"Midpoint",13.8,"Estimated. Preliminary estimates of income generation outward IFFs from the trafficking of heroin, cannabis, cocaine and ecstasy. Estimates are obtained as a result of wastewater analysis data, with the exclusion of heroin obtained as an average between wastewater a",
2021,462,"Maldives",8331,"Drug trafficking (IFF_ILM_DRG). IFFs from illegal market activities",2,"Outward",MAX,"Maximum",16.1,"Estimated. Preliminary estimates of income generation outward IFFs from the trafficking of heroin, cannabis, cocaine and ecstasy. Estimates are obtained as a result of wastewater analysis data, with the exclusion of heroin obtained as an average between wastewater a",
2021,462,"Maldives",8331,"Drug trafficking (IFF_ILM_DRG). IFFs from illegal market activities",2,"Outward",MIN,"Minimum",7.4,"Estimated. Preliminary estimates of income generation outward IFFs from the trafficking of heroin, cannabis, cocaine and ecstasy. Estimates are obtained as a result of wastewater analysis data, with the exclusion of heroin obtained as an average between wastewater a",
2021,104,"Myanmar",8331,"Drug trafficking (IFF_ILM_DRG). IFFs from illegal market activities",1,"Inward",MAX,"Maximum",850,"Estimated. Income generation inward illicit financial flows, resulting from potential exports of opiates.",
2021,104,"Myanmar",8331,"Drug trafficking (IFF_ILM_DRG). IFFs from illegal market activities",1,"Inward",MIN,"Minimum",340,"Estimated. Income generation inward illicit financial flows, resulting from potential exports of opiates.",
2021,524,"Nepal",8331,"Drug trafficking (IFF_ILM_DRG). IFFs from illegal market activities",2,"Outward",BEST,"Midpoint",5.2,"Estimated. Preliminary estimates of income generation outward IFFs from heroin trafficking activities.",
2021,524,"Nepal",8331,"Drug trafficking (IFF_ILM_DRG). IFFs from illegal market activities",2,"Outward",MAX,"Maximum",11.8,"Estimated. Preliminary estimates of income generation outward IFFs from heroin trafficking activities.",
2021,524,"Nepal",8331,"Drug trafficking (IFF_ILM_DRG). IFFs from illegal market activities",2,"Outward",MIN,"Minimum",2.1,"Estimated. Preliminary estimates of income generation outward IFFs from heroin trafficking activities.",
2021,524,"Nepal",8333,"Trafficking in persons (IFF_ETF_TIP). IFFs from exploitation-type and terrorism financing activities",1,"Inward",BEST,"Midpoint",3.3,"Estimated. Preliminary estimates of income generation inward IFFs from forced labour.",
2021,524,"Nepal",8333,"Trafficking in persons (IFF_ETF_TIP). IFFs from exploitation-type and terrorism financing activities",1,"Inward",MAX,"Maximum",5.9,"Estimated. Preliminary estimates of income generation inward IFFs from forced labour.",
2021,524,"Nepal",8333,"Trafficking in persons (IFF_ETF_TIP). IFFs from exploitation-type and terrorism financing activities",1,"Inward",MIN,"Minimum",1.5,"Estimated. Preliminary estimates of income generation inward IFFs from forced labour.",
2022,104,"Myanmar",8331,"Drug trafficking (IFF_ILM_DRG). IFFs from illegal market activities",1,"Inward",MAX,"Maximum",1720,"Estimated. Income generation inward illicit financial flows, resulting from potential exports of opiates.",
2022,104,"Myanmar",8331,"Drug trafficking (IFF_ILM_DRG). IFFs from illegal market activities",1,"Inward",MIN,"Minimum",540,"Estimated. Income generation inward illicit financial flows, resulting from potential exports of opiates.",
2023,004,"Afghanistan",8331,"Drug trafficking (IFF_ILM_DRG). IFFs from illegal market activities",1,"Inward",MAX,"Maximum",260,"Estimated. Income generation inward illicit financial flows, resulting from potential opiates exports.",
2023,004,"Afghanistan",8331,"Drug trafficking (IFF_ILM_DRG). IFFs from illegal market activities",1,"Inward",MIN,"Minimum",190,"Estimated. Income generation inward illicit financial flows, resulting from potential opiates exports.",
2023,104,"Myanmar",8331,"Drug trafficking (IFF_ILM_DRG). IFFs from illegal market activities",1,"Inward",MAX,"Maximum",2250,"Estimated. Income generation inward illicit financial flows, resulting from potential exports of opiates.",
2023,104,"Myanmar",8331,"Drug trafficking (IFF_ILM_DRG). IFFs from illegal market activities",1,"Inward",MIN,"Minimum",882,"Estimated. Income generation inward illicit financial flows, resulting from potential exports of opiates.",
2024,104,"Myanmar",8331,"Drug trafficking (IFF_ILM_DRG). IFFs from illegal market activities",1,"Inward",MAX,"Maximum",1310,"Estimated. Income generation inward illicit financial flows, resulting from potential exports of opiates.",
2024,104,"Myanmar",8331,"Drug trafficking (IFF_ILM_DRG). IFFs from illegal market activities",1,"Inward",MIN,"Minimum",514,"Estimated. Income generation inward illicit financial flows, resulting from potential exports of opiates.",
2025,104,"Myanmar",8331,"Drug trafficking (IFF_ILM_DRG). IFFs from illegal market activities",1,"Inward",MAX,"Maximum",974,"Estimated. Income generation inward illicit financial flows, resulting from potential exports of opiates.",
2025,104,"Myanmar",8331,"Drug trafficking (IFF_ILM_DRG). IFFs from illegal market activities",1,"Inward",MIN,"Minimum",564,"Estimated. Income generation inward illicit financial flows, resulting from potential exports of opiates.",
