Year,Economy,Economy Label,Category,Category Label,Inclusive growth,Inclusive growth Footnote,Inclusive growth Missing value
2023,008,"Albania",00,"Overall index",42,,
2023,008,"Albania",01,"Economy",18.5,,
2023,008,"Albania",02,"Living conditions",58.3,,
2023,008,"Albania",03,"Equality",60.1,,
2023,008,"Albania",04,"Environment",48.2,,
2023,012,"Algeria",00,"Overall index",22.7,,
2023,012,"Algeria",01,"Economy",11.4,,
2023,012,"Algeria",02,"Living conditions",57.1,,
2023,012,"Algeria",03,"Equality",16.9,,
2023,012,"Algeria",04,"Environment",24.2,,
2023,024,"Angola",00,"Overall index",24.1,,
2023,024,"Angola",01,"Economy",15.2,,
2023,024,"Angola",02,"Living conditions",17.6,,
2023,024,"Angola",03,"Equality",27.4,,
2023,024,"Angola",04,"Environment",46.1,,
2023,032,"Argentina",00,"Overall index",44.5,,
2023,032,"Argentina",01,"Economy",23.8,,
2023,032,"Argentina",02,"Living conditions",74.2,,
2023,032,"Argentina",03,"Equality",61.2,,
2023,032,"Argentina",04,"Environment",36.4,,
2023,051,"Armenia",00,"Overall index",38.8,,
2023,051,"Armenia",01,"Economy",19.5,,
2023,051,"Armenia",02,"Living conditions",61.3,,
2023,051,"Armenia",03,"Equality",57.8,,
2023,051,"Armenia",04,"Environment",32.7,,
2023,036,"Australia",00,"Overall index",64.3,,
2023,036,"Australia",01,"Economy",55.3,,
2023,036,"Australia",02,"Living conditions",92.5,,
2023,036,"Australia",03,"Equality",91,,
2023,036,"Australia",04,"Environment",36.6,,
2023,040,"Austria",00,"Overall index",68.2,,
2023,040,"Austria",01,"Economy",53.1,,
2023,040,"Austria",02,"Living conditions",90.3,,
2023,040,"Austria",03,"Equality",86.1,,
2023,040,"Austria",04,"Environment",52.5,,
2023,031,"Azerbaijan",00,"Overall index",40.2,,
2023,031,"Azerbaijan",01,"Economy",21.4,,
2023,031,"Azerbaijan",02,"Living conditions",56.5,,
2023,031,"Azerbaijan",03,"Equality",73.7,,
2023,031,"Azerbaijan",04,"Environment",29.3,,
2023,050,"Bangladesh",00,"Overall index",28.6,,
2023,050,"Bangladesh",01,"Economy",12.1,,
2023,050,"Bangladesh",02,"Living conditions",45.6,,
2023,050,"Bangladesh",03,"Equality",25.5,,
2023,050,"Bangladesh",04,"Environment",47.8,,
2023,112,"Belarus",00,"Overall index",50.1,,
2023,112,"Belarus",01,"Economy",27.7,,
2023,112,"Belarus",02,"Living conditions",75.1,,
2023,112,"Belarus",03,"Equality",87.4,,
2023,112,"Belarus",04,"Environment",34.6,,
2023,056,"Belgium",00,"Overall index",67.3,,
2023,056,"Belgium",01,"Economy",52.7,,
2023,056,"Belgium",02,"Living conditions",99.6,,
2023,056,"Belgium",03,"Equality",77.2,,
2023,056,"Belgium",04,"Environment",50.7,,
2023,204,"Benin",00,"Overall index",31,,
2023,204,"Benin",01,"Economy",15.6,,
2023,204,"Benin",02,"Living conditions",26.5,,
2023,204,"Benin",03,"Equality",50.4,,
2023,204,"Benin",04,"Environment",44.1,,
2023,064,"Bhutan",00,"Overall index",37.7,,
2023,064,"Bhutan",01,"Economy",28,,
2023,064,"Bhutan",02,"Living conditions",47.4,,
2023,064,"Bhutan",03,"Equality",58.5,,
2023,064,"Bhutan",04,"Environment",26,,
2023,068,"Bolivia (Plurinational State of)",00,"Overall index",40.3,,
2023,068,"Bolivia (Plurinational State of)",01,"Economy",19.3,,
2023,068,"Bolivia (Plurinational State of)",02,"Living conditions",56.8,,
2023,068,"Bolivia (Plurinational State of)",03,"Equality",67.8,,
2023,068,"Bolivia (Plurinational State of)",04,"Environment",35.5,,
2023,070,"Bosnia and Herzegovina",00,"Overall index",32.8,,
2023,070,"Bosnia and Herzegovina",01,"Economy",18.5,,
2023,070,"Bosnia and Herzegovina",02,"Living conditions",70.2,,
2023,070,"Bosnia and Herzegovina",03,"Equality",54.2,,
2023,070,"Bosnia and Herzegovina",04,"Environment",16.6,,
2023,072,"Botswana",00,"Overall index",32,,
2023,072,"Botswana",01,"Economy",17.8,,
2023,072,"Botswana",02,"Living conditions",49.8,,
2023,072,"Botswana",03,"Equality",26.4,,
2023,072,"Botswana",04,"Environment",44.7,,
2023,076,"Brazil",00,"Overall index",39.8,,
2023,076,"Brazil",01,"Economy",19.2,,
2023,076,"Brazil",02,"Living conditions",76.3,,
2023,076,"Brazil",03,"Equality",42.5,,
2023,076,"Brazil",04,"Environment",40.4,,
2023,100,"Bulgaria",00,"Overall index",49.6,,
2023,100,"Bulgaria",01,"Economy",29.2,,
2023,100,"Bulgaria",02,"Living conditions",80,,
2023,100,"Bulgaria",03,"Equality",57.7,,
2023,100,"Bulgaria",04,"Environment",45,,
2023,854,"Burkina Faso",00,"Overall index",16,,
2023,854,"Burkina Faso",01,"Economy",5.4,,
2023,854,"Burkina Faso",02,"Living conditions",14.6,,
2023,854,"Burkina Faso",03,"Equality",18.4,,
2023,854,"Burkina Faso",04,"Environment",45.7,,
2023,108,"Burundi",00,"Overall index",24.7,,
2023,108,"Burundi",01,"Economy",14.8,,
2023,108,"Burundi",02,"Living conditions",18.2,,
2023,108,"Burundi",03,"Equality",34.9,,
2023,108,"Burundi",04,"Environment",39.5,,
2023,120,"Cameroon",00,"Overall index",24.9,,
2023,120,"Cameroon",01,"Economy",12.1,,
2023,120,"Cameroon",02,"Living conditions",25.6,,
2023,120,"Cameroon",03,"Equality",28.9,,
2023,120,"Cameroon",04,"Environment",43.1,,
2023,124,"Canada",00,"Overall index",57,,
2023,124,"Canada",01,"Economy",54.7,,
2023,124,"Canada",02,"Living conditions",95.8,,
2023,124,"Canada",03,"Equality",87.9,,
2023,124,"Canada",04,"Environment",22.9,,
2023,140,"Central African Republic",00,"Overall index",17.4,,
2023,140,"Central African Republic",01,"Economy",12.3,,
2023,140,"Central African Republic",02,"Living conditions",5.7,,
2023,140,"Central African Republic",03,"Equality",32.1,,
2023,140,"Central African Republic",04,"Environment",40.2,,
2023,148,"Chad",00,"Overall index",16.1,,
2023,148,"Chad",01,"Economy",9.7,,
2023,148,"Chad",02,"Living conditions",6.8,,
2023,148,"Chad",03,"Equality",21.2,,
2023,148,"Chad",04,"Environment",47.7,,
2023,152,"Chile",00,"Overall index",45.6,,
2023,152,"Chile",01,"Economy",25.8,,
2023,152,"Chile",02,"Living conditions",79.2,,
2023,152,"Chile",03,"Equality",61,,
2023,152,"Chile",04,"Environment",34.6,,
2023,156,"China",00,"Overall index",34.9,,
2023,156,"China",01,"Economy",25.3,,
2023,156,"China",02,"Living conditions",89.5,,
2023,156,"China",03,"Equality",71.4,,
2023,156,"China",04,"Environment",9.2,,
2023,170,"Colombia",00,"Overall index",36.9,,
2023,170,"Colombia",01,"Economy",17.8,,
2023,170,"Colombia",02,"Living conditions",67.1,,
2023,170,"Colombia",03,"Equality",31.6,,
2023,170,"Colombia",04,"Environment",49.2,,
2023,174,"Comoros",00,"Overall index",25,,
2023,174,"Comoros",01,"Economy",6.9,,
2023,174,"Comoros",02,"Living conditions",33.6,,
2023,174,"Comoros",03,"Equality",36.3,,
2023,174,"Comoros",04,"Environment",46.2,,
2023,178,"Congo",00,"Overall index",21.5,,
2023,178,"Congo",01,"Economy",11.4,,
2023,178,"Congo",02,"Living conditions",36.4,,
2023,178,"Congo",03,"Equality",14,,
2023,178,"Congo",04,"Environment",37.3,,
2023,188,"Costa Rica",00,"Overall index",45,,
2023,188,"Costa Rica",01,"Economy",23,,
2023,188,"Costa Rica",02,"Living conditions",78.2,,
2023,188,"Costa Rica",03,"Equality",45.8,,
2023,188,"Costa Rica",04,"Environment",49.8,,
2023,384,"Cote d'Ivoire",00,"Overall index",36.6,,
2023,384,"Cote d'Ivoire",01,"Economy",14.2,,
2023,384,"Cote d'Ivoire",02,"Living conditions",35.5,,
2023,384,"Cote d'Ivoire",03,"Equality",67.2,,
2023,384,"Cote d'Ivoire",04,"Environment",52.8,,
2023,191,"Croatia",00,"Overall index",56.8,,
2023,191,"Croatia",01,"Economy",32,,
2023,191,"Croatia",02,"Living conditions",82.3,,
2023,191,"Croatia",03,"Equality",73.4,,
2023,191,"Croatia",04,"Environment",53.6,,
2023,196,"Cyprus",00,"Overall index",61,,
2023,196,"Cyprus",01,"Economy",43.1,,
2023,196,"Cyprus",02,"Living conditions",85.6,,
2023,196,"Cyprus",03,"Equality",73,,
2023,196,"Cyprus",04,"Environment",51.3,,
2023,203,"Czechia",00,"Overall index",59.4,,
2023,203,"Czechia",01,"Economy",39.5,,
2023,203,"Czechia",02,"Living conditions",87.2,,
2023,203,"Czechia",03,"Equality",70.4,,
2023,203,"Czechia",04,"Environment",51.3,,
2023,180,"Dem. Rep. of the Congo",00,"Overall index",21.7,,
2023,180,"Dem. Rep. of the Congo",01,"Economy",11.2,,
2023,180,"Dem. Rep. of the Congo",02,"Living conditions",20.7,,
2023,180,"Dem. Rep. of the Congo",03,"Equality",32.6,,
2023,180,"Dem. Rep. of the Congo",04,"Environment",29.3,,
2023,208,"Denmark",00,"Overall index",79.7,,
2023,208,"Denmark",01,"Economy",60.8,,
2023,208,"Denmark",02,"Living conditions",98.1,,
2023,208,"Denmark",03,"Equality",96.8,,
2023,208,"Denmark",04,"Environment",70,,
2023,262,"Djibouti",00,"Overall index",22.7,,
2023,262,"Djibouti",01,"Economy",10.2,,
2023,262,"Djibouti",02,"Living conditions",29.1,,
2023,262,"Djibouti",03,"Equality",20.8,,
2023,262,"Djibouti",04,"Environment",42.9,,
2023,214,"Dominican Republic",00,"Overall index",39,,
2023,214,"Dominican Republic",01,"Economy",21.6,,
2023,214,"Dominican Republic",02,"Living conditions",50.5,,
2023,214,"Dominican Republic",03,"Equality",40.4,,
2023,214,"Dominican Republic",04,"Environment",52.3,,
2023,218,"Ecuador",00,"Overall index",35.9,,
2023,218,"Ecuador",01,"Economy",18.1,,
2023,218,"Ecuador",02,"Living conditions",63.7,,
2023,218,"Ecuador",03,"Equality",40.7,,
2023,218,"Ecuador",04,"Environment",35.6,,
2023,818,"Egypt",00,"Overall index",24.8,,
2023,818,"Egypt",01,"Economy",12.4,,
2023,818,"Egypt",02,"Living conditions",57.8,,
2023,818,"Egypt",03,"Equality",13.4,,
2023,818,"Egypt",04,"Environment",39.5,,
2023,222,"El Salvador",00,"Overall index",35.5,,
2023,222,"El Salvador",01,"Economy",15.9,,
2023,222,"El Salvador",02,"Living conditions",56.4,,
2023,222,"El Salvador",03,"Equality",44.3,,
2023,222,"El Salvador",04,"Environment",39.8,,
2023,233,"Estonia",00,"Overall index",60.3,,
2023,233,"Estonia",01,"Economy",39.5,,
2023,233,"Estonia",02,"Living conditions",90.8,,
2023,233,"Estonia",03,"Equality",74.4,,
2023,233,"Estonia",04,"Environment",49.4,,
2023,231,"Ethiopia",00,"Overall index",24.1,,
2023,231,"Ethiopia",01,"Economy",10.9,,
2023,231,"Ethiopia",02,"Living conditions",21.8,,
2023,231,"Ethiopia",03,"Equality",40.5,,
2023,231,"Ethiopia",04,"Environment",34.8,,
2023,246,"Finland",00,"Overall index",69.7,,
2023,246,"Finland",01,"Economy",55,,
2023,246,"Finland",02,"Living conditions",99.6,,
2023,246,"Finland",03,"Equality",91.1,,
2023,246,"Finland",04,"Environment",47.3,,
2023,250,"France",00,"Overall index",66.7,,
2023,250,"France",01,"Economy",44.4,,
2023,250,"France",02,"Living conditions",95.1,,
2023,250,"France",03,"Equality",82.7,,
2023,250,"France",04,"Environment",56.6,,
2023,266,"Gabon",00,"Overall index",32.3,,
2023,266,"Gabon",01,"Economy",15.9,,
2023,266,"Gabon",02,"Living conditions",43.9,,
2023,266,"Gabon",03,"Equality",33.9,,
2023,266,"Gabon",04,"Environment",46,,
2023,270,"Gambia",00,"Overall index",22.9,,
2023,270,"Gambia",01,"Economy",6.5,,
2023,270,"Gambia",02,"Living conditions",38.1,,
2023,270,"Gambia",03,"Equality",24.1,,
2023,270,"Gambia",04,"Environment",45.6,,
2023,268,"Georgia",00,"Overall index",41.4,,
2023,268,"Georgia",01,"Economy",23.1,,
2023,268,"Georgia",02,"Living conditions",67.5,,
2023,268,"Georgia",03,"Equality",51,,
2023,268,"Georgia",04,"Environment",37.2,,
2023,276,"Germany",00,"Overall index",69.2,,
2023,276,"Germany",01,"Economy",50.9,,
2023,276,"Germany",02,"Living conditions",95.7,,
2023,276,"Germany",03,"Equality",84.7,,
2023,276,"Germany",04,"Environment",55.7,,
2023,288,"Ghana",00,"Overall index",31.5,,
2023,288,"Ghana",01,"Economy",13.6,,
2023,288,"Ghana",02,"Living conditions",41.3,,
2023,288,"Ghana",03,"Equality",33.2,,
2023,288,"Ghana",04,"Environment",52.7,,
2023,300,"Greece",00,"Overall index",53,,
2023,300,"Greece",01,"Economy",29.9,,
2023,300,"Greece",02,"Living conditions",89.6,,
2023,300,"Greece",03,"Equality",58,,
2023,300,"Greece",04,"Environment",50.7,,
2023,320,"Guatemala",00,"Overall index",30.4,,
2023,320,"Guatemala",01,"Economy",15.2,,
2023,320,"Guatemala",02,"Living conditions",41,,
2023,320,"Guatemala",03,"Equality",35.8,,
2023,320,"Guatemala",04,"Environment",38.3,,
2023,324,"Guinea",00,"Overall index",22.4,,
2023,324,"Guinea",01,"Economy",7.5,,
2023,324,"Guinea",02,"Living conditions",19.1,,
2023,324,"Guinea",03,"Equality",36.4,,
2023,324,"Guinea",04,"Environment",48.5,,
2023,340,"Honduras",00,"Overall index",29,,
2023,340,"Honduras",01,"Economy",11.7,,
2023,340,"Honduras",02,"Living conditions",47.3,,
2023,340,"Honduras",03,"Equality",29,,
2023,340,"Honduras",04,"Environment",43.8,,
2023,348,"Hungary",00,"Overall index",56.5,,
2023,348,"Hungary",01,"Economy",35.1,,
2023,348,"Hungary",02,"Living conditions",82.9,,
2023,348,"Hungary",03,"Equality",68.7,,
2023,348,"Hungary",04,"Environment",50.8,,
2023,352,"Iceland",00,"Overall index",65.4,,
2023,352,"Iceland",01,"Economy",95.4,,
2023,352,"Iceland",02,"Living conditions",92.5,,
2023,352,"Iceland",03,"Equality",100,,
2023,352,"Iceland",04,"Environment",20.7,,
2023,356,"India",00,"Overall index",22.8,,
2023,356,"India",01,"Economy",11.2,,
2023,356,"India",02,"Living conditions",59,,
2023,356,"India",03,"Equality",16.2,,
2023,356,"India",04,"Environment",25.1,,
2023,360,"Indonesia",00,"Overall index",32.8,,
2023,360,"Indonesia",01,"Economy",17.1,,
2023,360,"Indonesia",02,"Living conditions",48.2,,
2023,360,"Indonesia",03,"Equality",38.8,,
2023,360,"Indonesia",04,"Environment",36.3,,
2023,364,"Iran (Islamic Republic of)",00,"Overall index",9.7,,
2023,364,"Iran (Islamic Republic of)",01,"Economy",13.3,,
2023,364,"Iran (Islamic Republic of)",02,"Living conditions",65.5,,
2023,364,"Iran (Islamic Republic of)",03,"Equality",10.3,,
2023,364,"Iran (Islamic Republic of)",04,"Environment",1,,
2023,368,"Iraq",00,"Overall index",22.9,,
2023,368,"Iraq",01,"Economy",10.8,,
2023,368,"Iraq",02,"Living conditions",45.2,,
2023,368,"Iraq",03,"Equality",33.6,,
2023,368,"Iraq",04,"Environment",16.7,,
2023,372,"Ireland",00,"Overall index",79.3,,
2023,372,"Ireland",01,"Economy",78.6,,
2023,372,"Ireland",02,"Living conditions",91.7,,
2023,372,"Ireland",03,"Equality",77,,
2023,372,"Ireland",04,"Environment",71.1,,
2023,376,"Israel",00,"Overall index",59.3,,
2023,376,"Israel",01,"Economy",46.4,,
2023,376,"Israel",02,"Living conditions",85.4,,
2023,376,"Israel",03,"Equality",70,,
2023,376,"Israel",04,"Environment",44.4,,
2023,380,"Italy",00,"Overall index",56.5,,
2023,380,"Italy",01,"Economy",39.3,,
2023,380,"Italy",02,"Living conditions",86.6,,
2023,380,"Italy",03,"Equality",57.1,,
2023,380,"Italy",04,"Environment",52.5,,
2023,392,"Japan",00,"Overall index",59.2,,
2023,392,"Japan",01,"Economy",40.9,,
2023,392,"Japan",02,"Living conditions",91,,
2023,392,"Japan",03,"Equality",75.1,,
2023,392,"Japan",04,"Environment",44,,
2023,400,"Jordan",00,"Overall index",22.3,,
2023,400,"Jordan",01,"Economy",9.1,,
2023,400,"Jordan",02,"Living conditions",56.8,,
2023,400,"Jordan",03,"Equality",15.2,,
2023,400,"Jordan",04,"Environment",31.1,,
2023,398,"Kazakhstan",00,"Overall index",34.6,,
2023,398,"Kazakhstan",01,"Economy",32.3,,
2023,398,"Kazakhstan",02,"Living conditions",69.9,,
2023,398,"Kazakhstan",03,"Equality",66.9,,
2023,398,"Kazakhstan",04,"Environment",9.5,,
2023,404,"Kenya",00,"Overall index",29.8,,
2023,404,"Kenya",01,"Economy",12.1,,
2023,404,"Kenya",02,"Living conditions",41.4,,
2023,404,"Kenya",03,"Equality",38.6,,
2023,404,"Kenya",04,"Environment",40.8,,
2023,417,"Kyrgyzstan",00,"Overall index",32.4,,
2023,417,"Kyrgyzstan",01,"Economy",18,,
2023,417,"Kyrgyzstan",02,"Living conditions",52.6,,
2023,417,"Kyrgyzstan",03,"Equality",53.9,,
2023,417,"Kyrgyzstan",04,"Environment",21.6,,
2023,418,"Lao People's Dem. Rep.",00,"Overall index",29.7,,
2023,418,"Lao People's Dem. Rep.",01,"Economy",18.2,,
2023,418,"Lao People's Dem. Rep.",02,"Living conditions",30.4,,
2023,418,"Lao People's Dem. Rep.",03,"Equality",51.8,,
2023,418,"Lao People's Dem. Rep.",04,"Environment",27.2,,
2023,428,"Latvia",00,"Overall index",57.3,,
2023,428,"Latvia",01,"Economy",33.3,,
2023,428,"Latvia",02,"Living conditions",80.6,,
2023,428,"Latvia",03,"Equality",67.1,,
2023,428,"Latvia",04,"Environment",60,,
2023,422,"Lebanon",00,"Overall index",23.9,,
2023,422,"Lebanon",01,"Economy",10.4,,
2023,422,"Lebanon",02,"Living conditions",45.3,,
2023,422,"Lebanon",03,"Equality",28.3,,
2023,422,"Lebanon",04,"Environment",24.5,,
2023,426,"Lesotho",00,"Overall index",20,,
2023,426,"Lesotho",01,"Economy",9.7,,
2023,426,"Lesotho",02,"Living conditions",30.9,,
2023,426,"Lesotho",03,"Equality",21.3,,
2023,426,"Lesotho",04,"Environment",25.3,,
2023,430,"Liberia",00,"Overall index",17.4,,
2023,430,"Liberia",01,"Economy",16.5,,
2023,430,"Liberia",02,"Living conditions",27.4,,
2023,430,"Liberia",03,"Equality",41.9,,
2023,430,"Liberia",04,"Environment",4.9,,
2023,440,"Lithuania",00,"Overall index",60.6,,
2023,440,"Lithuania",01,"Economy",38.5,,
2023,440,"Lithuania",02,"Living conditions",82.6,,
2023,440,"Lithuania",03,"Equality",69.7,,
2023,440,"Lithuania",04,"Environment",60.7,,
2023,442,"Luxembourg",00,"Overall index",91,,
2023,442,"Luxembourg",01,"Economy",100,,
2023,442,"Luxembourg",02,"Living conditions",89.3,,
2023,442,"Luxembourg",03,"Equality",76.7,,
2023,442,"Luxembourg",04,"Environment",100,,
2023,450,"Madagascar",00,"Overall index",23,,
2023,450,"Madagascar",01,"Economy",17.7,,
2023,450,"Madagascar",02,"Living conditions",17.2,,
2023,450,"Madagascar",03,"Equality",35.9,,
2023,450,"Madagascar",04,"Environment",25.6,,
2023,454,"Malawi",00,"Overall index",27.8,,
2023,454,"Malawi",01,"Economy",10.5,,
2023,454,"Malawi",02,"Living conditions",26.6,,
2023,454,"Malawi",03,"Equality",47.9,,
2023,454,"Malawi",04,"Environment",44.5,,
2023,458,"Malaysia",00,"Overall index",44.5,,
2023,458,"Malaysia",01,"Economy",32,,
2023,458,"Malaysia",02,"Living conditions",74.6,,
2023,458,"Malaysia",03,"Equality",53.9,,
2023,458,"Malaysia",04,"Environment",30.5,,
2023,462,"Maldives",00,"Overall index",44.9,,
2023,462,"Maldives",01,"Economy",24.2,,
2023,462,"Maldives",02,"Living conditions",61.9,,
2023,462,"Maldives",03,"Equality",47.9,,
2023,462,"Maldives",04,"Environment",56.5,,
2023,466,"Mali",00,"Overall index",24.2,,
2023,466,"Mali",01,"Economy",13.3,,
2023,466,"Mali",02,"Living conditions",25.6,,
2023,466,"Mali",03,"Equality",26.2,,
2023,466,"Mali",04,"Environment",38.3,,
2023,478,"Mauritania",00,"Overall index",16.3,,
2023,478,"Mauritania",01,"Economy",6.3,,
2023,478,"Mauritania",02,"Living conditions",26.7,,
2023,478,"Mauritania",03,"Equality",12.9,,
2023,478,"Mauritania",04,"Environment",32.6,,
2023,480,"Mauritius",00,"Overall index",39.2,,
2023,480,"Mauritius",01,"Economy",22.9,,
2023,480,"Mauritius",02,"Living conditions",66.6,,
2023,480,"Mauritius",03,"Equality",42.2,,
2023,480,"Mauritius",04,"Environment",36.6,,
2023,484,"Mexico",00,"Overall index",41.1,,
2023,484,"Mexico",01,"Economy",22.5,,
2023,484,"Mexico",02,"Living conditions",60,,
2023,484,"Mexico",03,"Equality",52.3,,
2023,484,"Mexico",04,"Environment",40.2,,
2023,496,"Mongolia",00,"Overall index",19.9,,
2023,496,"Mongolia",01,"Economy",21.3,,
2023,496,"Mongolia",02,"Living conditions",59,,
2023,496,"Mongolia",03,"Equality",64.1,,
2023,496,"Mongolia",04,"Environment",1.9,,
2023,499,"Montenegro",00,"Overall index",42.5,,
2023,499,"Montenegro",01,"Economy",23.4,,
2023,499,"Montenegro",02,"Living conditions",71.6,,
2023,499,"Montenegro",03,"Equality",59.1,,
2023,499,"Montenegro",04,"Environment",33,,
2023,504,"Morocco",00,"Overall index",18.2,,
2023,504,"Morocco",01,"Economy",9.7,,
2023,504,"Morocco",02,"Living conditions",52.6,,
2023,504,"Morocco",03,"Equality",5.5,,
2023,504,"Morocco",04,"Environment",39.1,,
2023,508,"Mozambique",00,"Overall index",21.5,,
2023,508,"Mozambique",01,"Economy",17.1,,
2023,508,"Mozambique",02,"Living conditions",27.3,,
2023,508,"Mozambique",03,"Equality",28.3,,
2023,508,"Mozambique",04,"Environment",16.1,,
2023,104,"Myanmar",00,"Overall index",32.5,,
2023,104,"Myanmar",01,"Economy",8.7,,
2023,104,"Myanmar",02,"Living conditions",41.6,,
2023,104,"Myanmar",03,"Equality",87.3,,
2023,104,"Myanmar",04,"Environment",35.2,,
2023,516,"Namibia",00,"Overall index",34.4,,
2023,516,"Namibia",01,"Economy",13.6,,
2023,516,"Namibia",02,"Living conditions",53.8,,
2023,516,"Namibia",03,"Equality",38.8,,
2023,516,"Namibia",04,"Environment",49,,
2023,524,"Nepal",00,"Overall index",20.2,,
2023,524,"Nepal",01,"Economy",3.1,,
2023,524,"Nepal",02,"Living conditions",41.8,,
2023,524,"Nepal",03,"Equality",33.6,,
2023,524,"Nepal",04,"Environment",39,,
2023,528,"Netherlands (Kingdom of the)",00,"Overall index",72.8,,
2023,528,"Netherlands (Kingdom of the)",01,"Economy",58.3,,
2023,528,"Netherlands (Kingdom of the)",02,"Living conditions",100,,
2023,528,"Netherlands (Kingdom of the)",03,"Equality",90.6,,
2023,528,"Netherlands (Kingdom of the)",04,"Environment",53.3,,
2023,558,"Nicaragua",00,"Overall index",33.5,,
2023,558,"Nicaragua",01,"Economy",15.5,,
2023,558,"Nicaragua",02,"Living conditions",45,,
2023,558,"Nicaragua",03,"Equality",40.1,,
2023,558,"Nicaragua",04,"Environment",45,,
2023,562,"Niger",00,"Overall index",10.7,,
2023,562,"Niger",01,"Economy",13.1,,
2023,562,"Niger",02,"Living conditions",1,,
2023,562,"Niger",03,"Equality",23.2,,
2023,562,"Niger",04,"Environment",42.6,,
2023,566,"Nigeria",00,"Overall index",27.2,,
2023,566,"Nigeria",01,"Economy",18,,
2023,566,"Nigeria",02,"Living conditions",17.6,,
2023,566,"Nigeria",03,"Equality",38.5,,
2023,566,"Nigeria",04,"Environment",45,,
2023,578,"Norway",00,"Overall index",79.8,,
2023,578,"Norway",01,"Economy",84.6,,
2023,578,"Norway",02,"Living conditions",95.9,,
2023,578,"Norway",03,"Equality",97.6,,
2023,578,"Norway",04,"Environment",51.2,,
2023,586,"Pakistan",00,"Overall index",21,,
2023,586,"Pakistan",01,"Economy",8,,
2023,586,"Pakistan",02,"Living conditions",26.1,,
2023,586,"Pakistan",03,"Equality",26.1,,
2023,586,"Pakistan",04,"Environment",35.7,,
2023,591,"Panama",00,"Overall index",40.2,,
2023,591,"Panama",01,"Economy",29.4,,
2023,591,"Panama",02,"Living conditions",62.9,,
2023,591,"Panama",03,"Equality",26.1,,
2023,591,"Panama",04,"Environment",54.4,,
2023,600,"Paraguay",00,"Overall index",39.6,,
2023,600,"Paraguay",01,"Economy",22.2,,
2023,600,"Paraguay",02,"Living conditions",55.6,,
2023,600,"Paraguay",03,"Equality",46.1,,
2023,600,"Paraguay",04,"Environment",43.1,,
2023,604,"Peru",00,"Overall index",41,,
2023,604,"Peru",01,"Economy",20.2,,
2023,604,"Peru",02,"Living conditions",58.9,,
2023,604,"Peru",03,"Equality",56.2,,
2023,604,"Peru",04,"Environment",42.4,,
2023,608,"Philippines",00,"Overall index",34.3,,
2023,608,"Philippines",01,"Economy",14.4,,
2023,608,"Philippines",02,"Living conditions",52.8,,
2023,608,"Philippines",03,"Equality",43.2,,
2023,608,"Philippines",04,"Environment",42,,
2023,616,"Poland",00,"Overall index",56.9,,
2023,616,"Poland",01,"Economy",34.8,,
2023,616,"Poland",02,"Living conditions",83.8,,
2023,616,"Poland",03,"Equality",73.7,,
2023,616,"Poland",04,"Environment",48.7,,
2023,620,"Portugal",00,"Overall index",59.4,,
2023,620,"Portugal",01,"Economy",34.2,,
2023,620,"Portugal",02,"Living conditions",92.3,,
2023,620,"Portugal",03,"Equality",72.8,,
2023,620,"Portugal",04,"Environment",54.1,,
2023,410,"Republic of Korea",00,"Overall index",54.6,,
2023,410,"Republic of Korea",01,"Economy",47.5,,
2023,410,"Republic of Korea",02,"Living conditions",93.4,,
2023,410,"Republic of Korea",03,"Equality",66.8,,
2023,410,"Republic of Korea",04,"Environment",30.1,,
2023,498,"Republic of Moldova",00,"Overall index",45.8,,
2023,498,"Republic of Moldova",01,"Economy",22.3,,
2023,498,"Republic of Moldova",02,"Living conditions",63.5,,
2023,498,"Republic of Moldova",03,"Equality",83.8,,
2023,498,"Republic of Moldova",04,"Environment",37.2,,
2023,642,"Romania",00,"Overall index",49.5,,
2023,642,"Romania",01,"Economy",28.4,,
2023,642,"Romania",02,"Living conditions",73.2,,
2023,642,"Romania",03,"Equality",54,,
2023,642,"Romania",04,"Environment",53.6,,
2023,643,"Russian Federation",00,"Overall index",29,,
2023,643,"Russian Federation",01,"Economy",31.9,,
2023,643,"Russian Federation",02,"Living conditions",71.6,,
2023,643,"Russian Federation",03,"Equality",61.2,,
2023,643,"Russian Federation",04,"Environment",5,,
2023,646,"Rwanda",00,"Overall index",28.7,,
2023,646,"Rwanda",01,"Economy",9,,
2023,646,"Rwanda",02,"Living conditions",34.3,,
2023,646,"Rwanda",03,"Equality",43.4,,
2023,646,"Rwanda",04,"Environment",51,,
2023,686,"Senegal",00,"Overall index",20.6,,
2023,686,"Senegal",01,"Economy",8.2,,
2023,686,"Senegal",02,"Living conditions",31.3,,
2023,686,"Senegal",03,"Equality",17.7,,
2023,686,"Senegal",04,"Environment",39.7,,
2023,688,"Serbia",00,"Overall index",38.5,,
2023,688,"Serbia",01,"Economy",25.1,,
2023,688,"Serbia",02,"Living conditions",71.4,,
2023,688,"Serbia",03,"Equality",58.2,,
2023,688,"Serbia",04,"Environment",21,,
2023,694,"Sierra Leone",00,"Overall index",21.5,,
2023,694,"Sierra Leone",01,"Economy",9,,
2023,694,"Sierra Leone",02,"Living conditions",16.6,,
2023,694,"Sierra Leone",03,"Equality",32.1,,
2023,694,"Sierra Leone",04,"Environment",44.9,,
2023,702,"Singapore",00,"Overall index",76.1,,
2023,702,"Singapore",01,"Economy",88.9,,
2023,702,"Singapore",02,"Living conditions",97.1,,
2023,702,"Singapore",03,"Equality",58.3,,
2023,702,"Singapore",04,"Environment",66.5,,
2023,703,"Slovakia",00,"Overall index",58.2,,
2023,703,"Slovakia",01,"Economy",36.3,,
2023,703,"Slovakia",02,"Living conditions",83.6,,
2023,703,"Slovakia",03,"Equality",71.9,,
2023,703,"Slovakia",04,"Environment",52.6,,
2023,705,"Slovenia",00,"Overall index",62.8,,
2023,705,"Slovenia",01,"Economy",41.8,,
2023,705,"Slovenia",02,"Living conditions",86.3,,
2023,705,"Slovenia",03,"Equality",87.3,,
2023,705,"Slovenia",04,"Environment",49.4,,
2023,710,"South Africa",00,"Overall index",19.2,,
2023,710,"South Africa",01,"Economy",13.5,,
2023,710,"South Africa",02,"Living conditions",66.9,,
2023,710,"South Africa",03,"Equality",20.9,,
2023,710,"South Africa",04,"Environment",7.2,,
2023,724,"Spain",00,"Overall index",57.9,,
2023,724,"Spain",01,"Economy",36.7,,
2023,724,"Spain",02,"Living conditions",93.7,,
2023,724,"Spain",03,"Equality",67.3,,
2023,724,"Spain",04,"Environment",48.6,,
2023,144,"Sri Lanka",00,"Overall index",33.7,,
2023,144,"Sri Lanka",01,"Economy",11.5,,
2023,144,"Sri Lanka",02,"Living conditions",61.7,,
2023,144,"Sri Lanka",03,"Equality",36.4,,
2023,144,"Sri Lanka",04,"Environment",50,,
2023,729,"Sudan",00,"Overall index",5.3,,
2023,729,"Sudan",01,"Economy",1,,
2023,729,"Sudan",02,"Living conditions",24.1,,
2023,729,"Sudan",03,"Equality",1,,
2023,729,"Sudan",04,"Environment",33.2,,
2023,752,"Sweden",00,"Overall index",73.8,,
2023,752,"Sweden",01,"Economy",59.9,,
2023,752,"Sweden",02,"Living conditions",98.6,,
2023,752,"Sweden",03,"Equality",84.2,,
2023,752,"Sweden",04,"Environment",59.7,,
2023,756,"Switzerland",00,"Overall index",79.6,,
2023,756,"Switzerland",01,"Economy",70,,
2023,756,"Switzerland",02,"Living conditions",95.3,,
2023,756,"Switzerland",03,"Equality",90.2,,
2023,756,"Switzerland",04,"Environment",66.7,,
2023,762,"Tajikistan",00,"Overall index",23.3,,
2023,762,"Tajikistan",01,"Economy",5.1,,
2023,762,"Tajikistan",02,"Living conditions",45.1,,
2023,762,"Tajikistan",03,"Equality",43,,
2023,762,"Tajikistan",04,"Environment",29.8,,
2023,764,"Thailand",00,"Overall index",44.4,,
2023,764,"Thailand",01,"Economy",25.1,,
2023,764,"Thailand",02,"Living conditions",80.6,,
2023,764,"Thailand",03,"Equality",48.7,,
2023,764,"Thailand",04,"Environment",39.5,,
2023,768,"Togo",00,"Overall index",23.3,,
2023,768,"Togo",01,"Economy",9.7,,
2023,768,"Togo",02,"Living conditions",29.7,,
2023,768,"Togo",03,"Equality",26.7,,
2023,768,"Togo",04,"Environment",38.6,,
2023,788,"Tunisia",00,"Overall index",27,,
2023,788,"Tunisia",01,"Economy",11.1,,
2023,788,"Tunisia",02,"Living conditions",55.9,,
2023,788,"Tunisia",03,"Equality",25,,
2023,788,"Tunisia",04,"Environment",34.2,,
2023,792,"Turkiye",00,"Overall index",35.4,,
2023,792,"Turkiye",01,"Economy",25.9,,
2023,792,"Turkiye",02,"Living conditions",76.3,,
2023,792,"Turkiye",03,"Equality",23.1,,
2023,792,"Turkiye",04,"Environment",34.3,,
2023,800,"Uganda",00,"Overall index",29.4,,
2023,800,"Uganda",01,"Economy",16.2,,
2023,800,"Uganda",02,"Living conditions",30.2,,
2023,800,"Uganda",03,"Equality",41.1,,
2023,800,"Uganda",04,"Environment",36.8,,
2023,804,"Ukraine",00,"Overall index",36.5,,
2023,804,"Ukraine",01,"Economy",15.8,,
2023,804,"Ukraine",02,"Living conditions",69.6,,
2023,804,"Ukraine",03,"Equality",59.1,,
2023,804,"Ukraine",04,"Environment",27.3,,
2023,784,"United Arab Emirates",00,"Overall index",65.2,,
2023,784,"United Arab Emirates",01,"Economy",67.2,,
2023,784,"United Arab Emirates",02,"Living conditions",90.1,,
2023,784,"United Arab Emirates",03,"Equality",91.4,,
2023,784,"United Arab Emirates",04,"Environment",32.6,,
2023,826,"United Kingdom",00,"Overall index",69.9,,
2023,826,"United Kingdom",01,"Economy",45.9,,
2023,826,"United Kingdom",02,"Living conditions",93.4,,
2023,826,"United Kingdom",03,"Equality",82,,
2023,826,"United Kingdom",04,"Environment",68,,
2023,834,"United Republic of Tanzania",00,"Overall index",30.4,,
2023,834,"United Republic of Tanzania",01,"Economy",17.4,,
2023,834,"United Republic of Tanzania",02,"Living conditions",29.4,,
2023,834,"United Republic of Tanzania",03,"Equality",39.3,,
2023,834,"United Republic of Tanzania",04,"Environment",42.6,,
2023,840,"United States",00,"Overall index",61.6,,
2023,840,"United States",01,"Economy",64.2,,
2023,840,"United States",02,"Living conditions",89.4,,
2023,840,"United States",03,"Equality",70.8,,
2023,840,"United States",04,"Environment",35.5,,
2023,858,"Uruguay",00,"Overall index",48,,
2023,858,"Uruguay",01,"Economy",28.1,,
2023,858,"Uruguay",02,"Living conditions",79.7,,
2023,858,"Uruguay",03,"Equality",56.7,,
2023,858,"Uruguay",04,"Environment",41.8,,
2023,860,"Uzbekistan",00,"Overall index",22.2,,
2023,860,"Uzbekistan",01,"Economy",13.8,,
2023,860,"Uzbekistan",02,"Living conditions",62.5,,
2023,860,"Uzbekistan",03,"Equality",39.9,,
2023,860,"Uzbekistan",04,"Environment",7,,
2023,704,"Viet Nam",00,"Overall index",41.2,,
2023,704,"Viet Nam",01,"Economy",25.7,,
2023,704,"Viet Nam",02,"Living conditions",63.6,,
2023,704,"Viet Nam",03,"Equality",60.3,,
2023,704,"Viet Nam",04,"Environment",29.2,,
2023,716,"Zimbabwe",00,"Overall index",15,,
2023,716,"Zimbabwe",01,"Economy",11,,
2023,716,"Zimbabwe",02,"Living conditions",34.3,,
2023,716,"Zimbabwe",03,"Equality",12.3,,
2023,716,"Zimbabwe",04,"Environment",10.9,,
